<?xml version="1.0" encoding="UTF-8"?>
<?xml-model href="http://www.tei-c.org/release/xml/tei/custom/schema/relaxng/tei_all.rng" type="application/xml" schematypens="http://relaxng.org/ns/structure/1.0"?>
<?xml-model href="http://www.tei-c.org/release/xml/tei/custom/schema/relaxng/tei_all.rng" type="application/xml"
	schematypens="http://purl.oclc.org/dsdl/schematron"?>
<TEI xmlns="http://www.tei-c.org/ns/1.0">
   <teiHeader>
      <fileDesc>
         <titleStmt>
            <title>A qui Fortune ne le vuelt amer</title>
            <respStmt>
               <resp>Digital scholarly edition created within the ERC</resp>
               <orgName><ref target="https://www.europeanarsnova.eu/">European Ars Nova</ref> project.</orgName>
            </respStmt>
            <respStmt>
                <resp>Edited by</resp>
                <name>Maria Sofia Lannutti</name> 
            </respStmt>
            <respStmt>
                <resp>Revised by</resp>
                <name>Luca Gatti</name>
            </respStmt>
             <respStmt>
                <resp>TEI-encoded by</resp>
                <name>Letizia Ricci</name>
            </respStmt>
         </titleStmt>
         <publicationStmt>
            <p></p>
            <!--publisher>Edizioni del Galluzzo</publisher>
            <pubPlace>Firenze, Italia</pubPlace>
            <date>2021</date>
            <availability>
               <p>L'edizione è disponibile su licenza.</p>
            </availability>
            <idno type="ISBN">ISBN</idno>
            <idno type="DOI">DOI</idno>
            <idno type="URI">permalink della scheda ANT</idno-->
         </publicationStmt>
         <sourceDesc>
            <p></p>
         </sourceDesc>
      </fileDesc>
      <encodingDesc>
         <variantEncoding method="double-end-point" location="internal"/>
      </encodingDesc>
   </teiHeader>
    <text>
        <!-- <front>
            <div>
            </div>
        </front> -->
      <body>
         <lg>
            <l xml:id="l1">
                A qui Fortune ne <anchor xml:id="l1a1"/>[l]e<anchor xml:id="l1a2"/> vuelt amer,
            </l>
            <l xml:id="l2">
                maulgré de li, sans <anchor xml:id="l2a1"/>pité<anchor xml:id="l2a2"/> le pormayne.
            </l>
            <l xml:id="l3">
                Bien pert a moy, quant si brief <anchor xml:id="l3a1"/>m’e[s]<anchor xml:id="l3a2"/> lontayne,
            </l>
            <l xml:id="l4">
                rose vermoille, a vo beauté garder.
            </l>
        </lg>
        <lg>
            <l xml:id="l5" n="5">
                Or me fauldra du tout mos et canter
            </l>
            <l xml:id="l6">
                sans vous, de ce povés estre certayne.
            </l>
            <l xml:id="l7">
                <hi rend="italic">A qui Fortune [ne le vuelt amer,</hi>
            </l>
            <l xml:id="l8">
                <hi rend="italic">maulgré de li sans pitié le pormayne],</hi>
            </l>
            <l xml:id="l9">
                jusques a tant que puisse retourner
            </l>
            <l xml:id="l10" n="10">
                novellement et me voye prochayne
            </l>
            <l xml:id="l11">
                a vo corps gent, que tel grace demayne,
            </l>
            <l xml:id="l12">
                deesse de beauté, vray sans fauser:
            </l>
            <l xml:id="l13">
                <hi rend="italic">a qui Fortune [ne le vuelt amer</hi>
            </l>
            <l xml:id="l14">
                <hi rend="italic">maulgré de li sans pitié le pormayne.</hi>
            </l>
            <l xml:id="l15" n="15">
                <hi rend="italic">Bien pert a moy, quant si brief m’es lontayne,</hi>
            </l>
            <l xml:id="l16">
                <hi rend="italic">rose vermoille, a vo beauté garder].</hi>
            </l>
        </lg>
      </body>
      <back>
         <listWit>
            <witness xml:id="MoA">
                <ref type="siglum" target="#MoA">MoA</ref>
                c. <locus>44r</locus>, <abbr xml:id="MoAC">C</abbr> (vv. 1-4), <hi rend="italic">resid.</hi>(vv. 5-16): <hi rend="italic">idem [c. 42r: m(atteus) de p(er)usio]</hi>
            </witness>
         </listWit>
         <listApp type="substantial">
            <listApp>
                <head>1</head>
                <app from="#l1a1" to="#l1a2">
                    <lem>le</lem>
                    <rdg wit="#MoA">se </rdg>
                </app>
            </listApp>
            <listApp>
                <head>2</head>
                <app from="#l2a1" to="#l2a2">
                    <lem>pité</lem>
                    <rdg wit="#MoA">pitec </rdg>
                </app>
            </listApp>
            <listApp>
                <head>3</head>
                <app from="#l3a1" to="#l3a2">
                    <lem>m’es</lem>
                    <rdg wit="#MoA">me </rdg>
                </app>
            </listApp>
         </listApp>
         <div type="metricalScheme">
            <p>
                <hi rend="italic">Rondeau</hi> 10A 10’B 10’B 10A; 10a 10’b, 10A 10’B; 10a 10’b 10’b 10a; 10A 10’B 10’B 10A.
            </p>
            <p>
                Rima ricca ai vv. 2 : 11.
            </p>
         </div>
         <listBibl type="editions">
            <bibl corresp="#Apel-Rosenberg1970">
                Apel-Rosenberg 1970, p. <hi rend="small-caps">LIX</hi>.
            </bibl>
         </listBibl>
         <!--listBibl type="bibliography">
            <bibl>
               <relatedItem>
                  <bibl>Riferimento bibliografico completo</bibl>
               </relatedItem>
            </bibl>
         </listBibl-->
          <div type="commentary">
            <note target="#l3 l4">
                <num>3-4</num>
                <p>‘Mi si manifesta (mi accade), visto che vi siete allontanata da poco tempo, rosa vermiglia, di vedere (nel pensiero) la vostra bellezza’.</p>
            </note>
         </div> 
         <listBibl type="editionsBibliography">
            <bibl xml:id="Apel-Rosenberg1970">
                <hi rend="italic">French Secular Compositions of the Fourteenth Century: Vol. I, Ascribed Compositions</hi>, ed. by W. Apel, edition of the literary texts by S. N. Rosenberg, Roma, American Institute of Musicology, 1970 (CMM, 53/1).
            </bibl>
         </listBibl>
      </back>
   </text>
</TEI>
