<?xml version="1.0" encoding="UTF-8"?>
<?xml-model href="http://www.tei-c.org/release/xml/tei/custom/schema/relaxng/tei_all.rng" type="application/xml" schematypens="http://relaxng.org/ns/structure/1.0"?>
<?xml-model href="http://www.tei-c.org/release/xml/tei/custom/schema/relaxng/tei_all.rng" type="application/xml"
	schematypens="http://purl.oclc.org/dsdl/schematron"?>
<TEI xmlns="http://www.tei-c.org/ns/1.0">
    <teiHeader>
        <fileDesc>
            <titleStmt>
                <title>Abraçami, cor mio</title>
                <respStmt>
                    <resp>Digital scholarly edition created within the </resp>
                    <orgName><ref target="https://www.europeanarsnova.eu/">European Ars Nova</ref> ERC project.</orgName>
                </respStmt>
                <respStmt>
                    <resp>Edited by</resp>
                    <name>Maria Sofia Lannutti</name>
                </respStmt>
                <respStmt>
                    <resp>Revised by</resp>
                    <name>Luca Gatti</name>
                </respStmt>
                <respStmt>
                    <resp>TEI-encoded by</resp>
                    <name>Carla Congiu</name>
                </respStmt>
            </titleStmt>
            <publicationStmt>
                <p></p>
                <!--publisher>Edizioni del Galluzzo</publisher>
            <pubPlace>Firenze, Italia</pubPlace>
            <date>2021</date>
            <availability>
               <p>L'edizione è disponibile su licenza.</p>
            </availability>            
            <idno type="ISBN">ISBN</idno>
            <idno type="DOI">DOI</idno>
            <idno type="URI">permalink della scheda ANT</idno-->
            </publicationStmt>
            <sourceDesc>
                <p></p>
            </sourceDesc>
        </fileDesc>
        <encodingDesc>
            <variantEncoding method="double-end-point" location="internal"/>
        </encodingDesc>
    </teiHeader>
    <text>
        <!--front>
         <div>
            <p>
           </p>
         </div>         
      </front-->
        <body>
            <lg>
                <l xml:id="l1">
                    «<anchor xml:id="l1a1"/>Abraçami<anchor xml:id="l1a2"/>, cor mio,
                </l>
                <l xml:id="l2">
                    baxami e po’ va’ via,
                </l>
                <l xml:id="l3">
                    che dal <anchor xml:id="l3a1"/>ciloso<anchor xml:id="l3a2"/> sentita non sia!».
                </l>
                <l xml:id="l4">
                    «Çentil anema e bella,
                </l>
                <l xml:id="l5" n="5">
                    come poss’ io partire,
                </l>
                <l xml:id="l6">
                    ch’i’ tegno in braço tuti i mei dixiri?»
                </l>
            </lg>
            <lg>    
                <l xml:id="l7">
                    «Se non te parti, <anchor xml:id="l7a1"/>amor<supplied>[e]</supplied><anchor xml:id="l7a2"/>, serò morta!»
                </l>
                <l xml:id="l8">
                    «Vita mia dolce, ed io te farò scorta!»
                </l>
            </lg>
        </body>
        <back>
            <listWit>
                <witness xml:id="Rs">
                    <ref type="siglum" target="#Rs">Rs</ref>
                    cc. <locus>3v-4r</locus>, <abbr xml:id="RsC">C</abbr> (vv. 1-3 e 7), <abbr xml:id="RsT">T</abbr> (vv. 1-3 e 7), <hi rend="italic">resid</hi>. (vv. 4-6 e 8)
                </witness>
            </listWit>
            <listApp type="substantial">
                <listApp>
                    <head>1</head>
                    <app from="#l1a1" to="#l1a2">
                        <lem>abraçami</lem>
                        <rdg>abraçamie <wit><ref target="#RsT">Rs<hi rend="super">T</hi></ref></wit></rdg>
                        <rdg>abraçamie <wit>Rs<hi rend="super">T</hi></wit></rdg>
                    </app>
                </listApp>
                <listApp>
                    <head>7</head>
                    <app from="#l7a1" to="#l7a2">
                        <lem>amore</lem>
                        <rdg wit="#Rs">amor</rdg>
                    </app>
                </listApp>
            </listApp>
            <listApp type="formal">
                <listApp>
                    <head>3</head>
                    <app from="#l3a1" to="#l3a2">
                        <lem>ciloso</lem>
                        <rdg>çiloso <wit><ref target="#RsT">Rs<hi rend="super">T</hi></ref></wit></rdg>
                    </app>
                </listApp>
            </listApp>
            <div type="metricalScheme">
                <p>Madrigale 6’a 6’b 10’b, 6’c 6’d 10’d; 10’e 10’e.</p>
                <p><hi rend="italic">Capovilla</hi> XLVIII<hi rend="super">5</hi>.</p>
                <p>Rima siciliana ai vv. 5 : 6.</p>
            </div>
            <listBibl type="editions">
                <bibl corresp="#LiGotti1944">
                    Li Gotti 1944, p. 125;
                </bibl>
                <bibl corresp="#Sesini1943-1950">
                    Sesini 1943-1950, p. 221;
                </bibl>
                <bibl corresp="#Corsi1969">
                    Corsi 1969, p. 1047;
                </bibl>
                <bibl corresp="#Corsi1970">
                    Corsi 1970, p. 327;
                </bibl>
                <bibl corresp="#Pirrotta1992">
                    Pirrotta 1992, p. 28;
                </bibl>
                <bibl corresp="#Sucato2003">
                    Sucato 2003, p. 73.
                </bibl>
            </listBibl>
            <div type="commentary">
                <note target="#l2">
                    <num>2.</num>
                    <hi rend="italic">dicenta e difliblata</hi>: ‘senza cintura e fibbia’.
                </note>
                <note target="#l3">
                    <num>3.</num>
                    <hi rend="italic">guarnello</hi>: ‘veste d’uso comune’, cfr. TLIO s. v. <hi rend="italic">guarnello</hi>.
                </note>
            </div>
            <listBibl type="editionsBibliography">
                <bibl xml:id="LiGotti1944">
                    E. Li Gotti, <hi rend="italic">Poesie musicali italiane del sec. XIV</hi>, «Atti della Reale Accademia di scienze, lettere e arti di Palermo», IV/2 (1944), pp. 99-167
                </bibl>
                <bibl xml:id="Sesini1943-1950">
                    U. Sesini, <hi rend="italic">Il canzoniere musicale trecentesco del codice Vatic. Rossiano 215</hi>, «Studi medievali», n.s., 16 (1943-1950), pp. 212-236
                </bibl>
                <bibl xml:id="Corsi1969">
                    G. Corsi, <hi rend="italic">Rimatori del Trecento</hi>, Torino, UTET, 1969
                </bibl>
                <bibl xml:id="Corsi1970">
                    Giuseppe Corsi, <hi rend="italic">Poesie musicali del Trecento</hi>, Bologna, Commissione per i testi di lingua, 1970 (Collezione di opere inedite o rare, 131)
                </bibl>
                <bibl xml:id="Pirrotta1992">
                    N. Pirrotta, <hi rend="italic">Il codice Rossi 215 della Biblioteca Apostolica Vaticana. Con i frammenti della fondazione Opera pia don Giuseppe Greggiati di Ostiglia</hi>, Lucca, LIM, 1992
                </bibl>
                <bibl xml:id="Sucato2003">
                    Tiziana Sucato, <hi rend="italic">Il codice rossiano 215. Madrigali, ballate, una caccia, un rotondello</hi>, Pisa, ETS, 2003 («Diverse voci...» 1)
                </bibl>
            </listBibl>
        </back>
    </text>
</TEI>

