<?xml version="1.0" encoding="UTF-8"?>
<?xml-model href="http://www.tei-c.org/release/xml/tei/custom/schema/relaxng/tei_all.rng" type="application/xml" schematypens="http://relaxng.org/ns/structure/1.0"?>
<?xml-model href="http://www.tei-c.org/release/xml/tei/custom/schema/relaxng/tei_all.rng" type="application/xml"
	schematypens="http://purl.oclc.org/dsdl/schematron"?>
<TEI xmlns="http://www.tei-c.org/ns/1.0">
   <teiHeader>
      <fileDesc>
         <titleStmt>
            <title>Alba colonba con suo verde rama</title>
            <respStmt>
               <resp>Digital scholarly edition created within the </resp>
               <orgName><ref target="https://www.europeanarsnova.eu/">European Ars Nova</ref> ERC project.</orgName>
            </respStmt>
            <respStmt>
               <resp>Edited by</resp>
               <name>Maria Sofia Lannutti</name>
            </respStmt>
            <respStmt>
               <resp>Revised by</resp>
               <name>Luca Gatti</name>
            </respStmt>
            <respStmt>
               <resp>TEI-encoded by</resp>
               <name>Carla Congiu</name>
            </respStmt>
         </titleStmt>
         <publicationStmt>
            <p></p>
            <!--publisher>Edizioni del Galluzzo</publisher>
            <pubPlace>Firenze, Italia</pubPlace>
            <date>2021</date>
            <availability>
               <p>L'edizione è disponibile su licenza.</p>
            </availability>            
            <idno type="ISBN">ISBN</idno>
            <idno type="DOI">DOI</idno>
            <idno type="URI">permalink della scheda ANT</idno-->
         </publicationStmt>
         <sourceDesc>
            <p></p>
         </sourceDesc>
      </fileDesc>
      <encodingDesc>
         <variantEncoding method="double-end-point" location="internal"/>
      </encodingDesc>
   </teiHeader>
   <text>
      <!--front>
         <div>
            <p>
           </p>
         </div>         
      </front-->
      <body>
        <lg>
            <l xml:id="l1">
		      Alba <anchor xml:id="l1a1"/>colonba<anchor xml:id="l1a2"/> con <anchor xml:id="l1a3"/>suo<anchor xml:id="l1a4"/> verde <anchor xml:id="l1a5"/>rama<anchor xml:id="l1a6"/>,
	        </l>
            <l xml:id="l2">
		      <anchor xml:id="l2a1"/>in<anchor xml:id="l2a2"/> <anchor xml:id="l2a3"/>nobile<anchor xml:id="l2a4"/> <anchor xml:id="l2a5"/>giardino<anchor xml:id="l2a6"/> nutricata,
	        </l>
            <l xml:id="l3">
		      «<anchor xml:id="l3a1"/>Pax, pax<anchor xml:id="l3a2"/>!» <anchor xml:id="l3a5"/>nuntiando<anchor xml:id="l3a6"/>, <anchor xml:id="l3a3"/>in<anchor xml:id="l3a4"/> su l’al’ è <anchor xml:id="l3a7"/>montata<anchor xml:id="l3a8"/>.
	        </l>
            <l xml:id="l4">
		      <anchor xml:id="l4a3"/>Posò<anchor xml:id="l4a4"/> <anchor xml:id="l4a5"/>suo<anchor xml:id="l4a6"/> <anchor xml:id="l4a7"/>volo<anchor xml:id="l4a8"/> <anchor xml:id="l4a1"/>suso in<anchor xml:id="l4a2"/> verde scoglio
	        </l>
            <l xml:id="l5" n="5">
              per <anchor xml:id="l5a5"/>riposarsi<anchor xml:id="l5a6"/>, <anchor xml:id="l5a1"/>et rimirando<anchor xml:id="l5a2"/> in <anchor xml:id="l5a3"/>giuso<anchor xml:id="l5a4"/>,
	        </l>
            <l xml:id="l6">
		      prese <anchor xml:id="l6a3"/>argomento<anchor xml:id="l6a4"/> <anchor xml:id="l6a1"/>di<anchor xml:id="l6a2"/> volar più suso,
	        </l>
        </lg>
        <lg>
            <l xml:id="l7">
		      perché <anchor xml:id="l7a1"/>gustava<anchor xml:id="l7a2"/> <anchor xml:id="l7a3"/>già<anchor xml:id="l7a4"/> i <anchor xml:id="l7a5"/>bon’<anchor xml:id="l7a6"/> <anchor xml:id="l7a7"/>odori<anchor xml:id="l7a8"/>
	        </l>
            <l xml:id="l8">
		      <anchor xml:id="l8a1"/>ch’<anchor xml:id="l8a9"/>eran<anchor xml:id="l8a10"/><anchor xml:id="l8a2"/> <anchor xml:id="l8a11"/>lassù<anchor xml:id="l8a12"/>, <anchor xml:id="l8a3"/>tra<anchor xml:id="l8a4"/> <anchor xml:id="l8a13"/>fronde<anchor xml:id="l8a14"/> <anchor xml:id="l8a15"/>ed<anchor xml:id="l8a16"/> <anchor xml:id="l8a5"/>altri<anchor xml:id="l8a6"/> <anchor xml:id="l8a7"/>fiori<anchor xml:id="l8a8"/>.
	        </l>
        </lg>
       </body>
      <back>
         <listWit>
            <witness xml:id="Sq">
               <ref type="siglum" target="#Sq">Sq</ref>
               cc. <locus>105v-106r</locus>, <abbr xml:id="SqC">C</abbr> (vv. 1-3 e 7-8), <abbr xml:id="SqT">T</abbr> (vv. 1-3 e 7-8), <hi rend="italic">resid</hi>. (vv. 4-6): <hi rend="italic">magister frater bartolinus de padua</hi>
            </witness>
            <witness xml:id="Lo">
               <ref type="siglum" target="#Lo">Lo</ref>
               cc. <locus>12v-13r</locus>, <abbr xml:id="LoC">C</abbr> (vv. 1-3 e 7-8), <abbr xml:id="LoT">T</abbr> (vv. 1-3 e 7-8), <hi rend="italic">resid</hi>. (vv. 4-6): <hi rend="italic">fratris bartolini de padua</hi>
            </witness>
            <witness xml:id="R">
               <ref type="siglum" target="#R">R</ref>
               cc. <locus>14v-15r</locus>, <abbr xml:id="RC">C</abbr> (vv. 1-3 e 7-8), <abbr xml:id="RT">T</abbr> (vv. 1-3 e 7-8), <hi rend="italic">resid</hi>. (vv. 4-6)
            </witness>
            <witness xml:id="SL">
               <ref type="siglum" target="#SL">SL</ref>
               cc. <locus>9v-10r</locus>, <abbr xml:id="SLC">C</abbr> (vv. 1-3 e 7-8), <abbr xml:id="SLT">T</abbr> (vv. 1-3 e 7-8), non si distingue il <hi rend="italic">residuum</hi>. Nel <hi rend="italic">cantus</hi> si leggono i vv. 1-2 tranne la sillaba iniziale; la sillaba finale del v. 3, le ultime tre sillabe del v. 7, le sillabe iniziale e finale del v. 8; nel <hi rend="italic">tenor</hi> si legge il v. 1 tranne la sillaba iniziale. Ciò che è comprensibile coincide con la versione di Sq.
            </witness>
            </listWit>
           <listApp type="substantial">
               <listApp>
                 <head>2</head>
                 <app from="#l2a1" to="#l2a2">
                  <lem>Pax, pax</lem>
                  <rdg>pax pax pax <wit><ref target="#SqC">Sq<hi rend="super">C</hi></ref></wit></rdg>
                 </app>
               </listApp>
               <listApp>
                 <head>3</head>
                 <app from="#l3a1" to="#l3a2">
                  <lem>in</lem>
                  <rdg wit="#Lo"></rdg>
                 </app>
               </listApp>
               <listApp>
                 <head>4</head>
                 <app from="#l4a1" to="#l4a2">
                  <lem>suso in</lem>
                  <rdgGrp>
                    <rdg wit="#Lo">sulun</rdg>
                    <rdg wit="#R">suso un</rdg>
                  </rdgGrp>
                 </app>
               </listApp>
               <listApp>
                 <head>5</head>
                 <app from="#l5a1" to="#l5a2">
                  <lem>et rimirando</lem>
                  <rdg wit="#Lo #R">mirando</rdg>
                 </app>
                 <app from="#l5a3" to="#l5a4">
                  <lem>giuso</lem>
                  <rdg wit="#Lo">susso</rdg>
                 </app>
               </listApp>
               <listApp>
                 <head>6</head>
                 <app from="#l6a1" to="#l6a2">
                  <lem>di</lem>
                  <rdg wit="#Lo">del</rdg>
                 </app>
               </listApp>
               <listApp>
                 <head>7</head>
                 <app from="#l7a1" to="#l7a2">
                  <lem>gustava</lem>
                  <rdg>gusta <wit><ref target="#SqC">Sq<hi rend="super">C</hi></ref></wit></rdg>
                 </app>
               </listApp>
               <listApp>
                 <head>8</head>
                 <app from="#l8a1" to="#l8a2">
                  <lem>ch’eran</lem>
                  <rdg wit="#Lo">che iran</rdg>
                 </app>
                 <app from="#l8a3" to="#l8a4">
                  <lem>tra</lem>
                  <rdg wit="#R">cra</rdg>
                 </app>
                 <app from="#l8a5" to="#l8a6">
                  <lem>altri</lem>
                  <rdg wit="#R">alti</rdg>
                 </app>
                 <app from="#l8a7" to="#l8a8">
                  <lem>fiori</lem>
                  <rdg wit="#R">fiuri</rdg>
                 </app>
               </listApp>
           </listApp>
         <listApp type="formal">
            <listApp>
               <head>1</head>
               <app from="#l1a1" to="#l1a2">
                  <lem>colonba</lem>
                  <rdgGrp>
                    <rdg wit="#Lo">cholumba</rdg>
                    <rdg wit="#R">colunba</rdg>
                  </rdgGrp>
               </app>
               <app from="#l1a3" to="#l1a4">
                  <lem>suo</lem>
                  <rdgGrp>
                    <rdg wit="#Lo">sua</rdg>
                    <rdg wit="#R">soa</rdg>
                  </rdgGrp>
               </app>
               <app from="#l1a5" to="#l1a6">
                  <lem>rama</lem>
                  <rdg>ra a a a a a ma <wit><ref target="#LoC">Lo<hi rend="super">C</hi></ref></wit></rdg>
                </app>
            </listApp>
            <listApp>
               <head>2</head>
               <app from="#l2a3" to="#l2a4">
                  <lem>in</lem>
                  <rdg>in n n n n n <wit><ref target="#LoC">Lo<hi rend="super">C</hi></ref></wit></rdg>
               </app>
               <app from="#l2a5" to="#l2a6">
                  <lem>nobile</lem>
                  <rdg>nobele <wit><ref target="#LoT">Lo<hi rend="super">T</hi></ref></wit></rdg>
               </app>
               <app from="#l2a7" to="#l2a8">
                  <lem>giardino</lem>
                  <rdg wit="#Lo #R">çardino</rdg>
               </app>
            </listApp>
            <listApp>
               <head>3</head>
               <app from="#l3a3" to="#l3a4">
                  <lem>nuntiando</lem>
                  <rdgGrp>
                    <rdg wit="#Lo">nunzando</rdg>
                    <rdg wit="#R">nunciando</rdg>
                  </rdgGrp>
               </app>
               <app from="#l3a5" to="#l3a6">
                  <lem>montata</lem>
                  <rdgGrp>
                    <rdg>monta a a a a ta ta <wit><ref target="#LoC">Lo<hi rend="super">C</hi></ref></wit></rdg>
                    <rdg>monta a a ta <wit><ref target="#LoT">Lo<hi rend="super">T</hi></ref></wit></rdg>
                    <rdg wit="#R">muntata</rdg>
                  </rdgGrp>
               </app>
            </listApp>
            <listApp>
               <head>4</head>
               <app from="#l4a3" to="#l4a4">
                  <lem>Posò</lem>
                  <rdg wit="#R">posso</rdg>
               </app>
               <app from="#l4a5" to="#l4a6">
                  <lem>suo</lem>
                  <rdg wit="#Lo">so</rdg>
               </app>
               <app from="#l4a7" to="#l4a8">
                  <lem>volo</lem>
                  <rdg wit="#R">vuollo</rdg>
               </app>
            </listApp>
            <listApp>
               <head>5</head>
               <app from="#l5a5" to="#l5a6">
                  <lem>riposarsi</lem>
                  <rdg wit="#Lo #R">riposarse</rdg>
               </app>
               <app from="#l5a7" to="#l5a8">
                  <lem>giuso</lem>
                  <rdg wit="#R">çoso</rdg>
               </app>
            </listApp>
            <listApp>
               <head>6</head>
               <app from="#l6a3" to="#l6a4">
                  <lem>argomento</lem>
                  <rdg wit="#Lo #R">arghumento</rdg>
               </app>
               <app from="#l6a5" to="#l6a6">
                  <lem>di</lem>
                  <rdg wit="#R">de</rdg>
               </app>
            </listApp>
            <listApp>
               <head>7</head>
               <app from="#l7a3" to="#l7a4">
                  <lem>già</lem>
                  <rdg wit="#Lo #R">ça</rdg>
               </app>
               <app from="#l7a5" to="#l7a6">
                  <lem>bon’</lem>
                  <rdg wit="#Lo #R">boni <wit><ref target="#SqT">Sq<hi rend="super">T</hi></ref></wit></rdg>
               </app>
               <app from="#l7a7" to="#l7a8">
                  <lem>odori</lem>
                  <rdg wit="#Lo">oduri</rdg>
               </app>
            </listApp>
            <listApp>
               <head>8</head>
               <app from="#l8a9" to="#l8a10">
                  <lem>eran</lem>
                  <rdgGrp>
                    <rdg wit="#Lo">iran</rdg>
                    <rdg>era <wit><ref target="#RC">R<hi rend="super">C</hi></ref></wit></rdg>
                  </rdgGrp>
               </app>
               <app from="#l8a11" to="#l8a12">
                  <lem>lassù</lem>
                  <rdg wit="#Lo #R">lasu</rdg>
               </app>
               <app from="#l8a13" to="#l8a14">
                  <lem>fronde</lem>
                  <rdg>frondi <wit><ref target="#SqT">Sq<hi rend="super">T</hi></ref></wit></rdg>
               </app>
               <app from="#l8a15" to="#l8a16">
                  <lem>ed</lem>
                  <rdg wit="#Lo #R">et <wit><ref target="#SqT">Sq<hi rend="super">T</hi></ref></wit></rdg>
               </app>
            </listApp>
         </listApp>
         <div type="metricalScheme">
            <p>Madrigale 10’a 10’b 10’b, 10’c 10’d 10’d; 10’e 10’e.</p> 
            <p><hi rend="italic">Capovilla</hi> XLVIII.</p>
            </div>
         <listBibl type="editions">
            <bibl corresp="#Corsi1970">
               Corsi 1970, p. 239.
            </bibl>
         </listBibl>
         <div type="commentary">
         </div>
         <listBibl type="editionsBibliography">
            <bibl xml:id="Corsi1970">
               Giuseppe Corsi, <hi rend="italic">Poesie musicali del Trecento</hi>, Bologna, Commissione per i testi di lingua, 1970 (Collezione di opere inedite o rare, 131).
            </bibl>
         </listBibl>
      </back>
   </text>
</TEI>
