<?xml version="1.0" encoding="UTF-8"?>
<?xml-model href="http://www.tei-c.org/release/xml/tei/custom/schema/relaxng/tei_all.rng" type="application/xml" schematypens="http://relaxng.org/ns/structure/1.0"?>
<?xml-model href="http://www.tei-c.org/release/xml/tei/custom/schema/relaxng/tei_all.rng" type="application/xml"
	schematypens="http://purl.oclc.org/dsdl/schematron"?>
<TEI xmlns="http://www.tei-c.org/ns/1.0">
   <teiHeader>
      <fileDesc>
         <titleStmt>
            <title>Altera luce d'angelic' aspetto</title>
            <author>Francesco Landini</author>
            <respStmt>
               <resp>Digital scholarly editon created within the </resp>
               <orgName><ref target="https://www.europeanarsnova.eu/">European Ars Nova</ref> ERC project.</orgName>
            </respStmt>
            <respStmt>
               <resp>Edited by</resp>
               <name>Davide Checchi</name>
            </respStmt>
            <respStmt>
               <resp>TEI-encoded by</resp>
               <name>Matteo Salaroli</name>
            </respStmt>
         </titleStmt>
         <publicationStmt>
            <p></p>
            <!--publisher>Edizioni del Galluzzo</publisher>
            <pubPlace>Firenze, Italia</pubPlace>
            <date>2021</date>
            <availability>
               <p>L'edizione è disponibile su licenza.</p>
            </availability>            
            <idno type="ISBN">ISBN</idno>
            <idno type="DOI">DOI</idno>
            <idno type="URI">permalink della scheda ANT</idno-->
         </publicationStmt>
         <sourceDesc>
            <p></p>
         </sourceDesc>
      </fileDesc>
      <encodingDesc>
         <variantEncoding method="double-end-point" location="internal"/>
      </encodingDesc>
   </teiHeader>
   <text>
      <!--front>
         <div>
            <p>
           </p>
         </div>         
      </front-->
      <body>
         <lg>
            <l xml:id="l1">Altera luce <anchor xml:id="l1a1"/>d'angelic'<anchor xml:id="l1a2"/> aspetto,</l>
            <l xml:id="l2">sostegno di mie vita,</l>
            <l xml:id="l3">pietà ti prenda di me, tuo suggetto.</l>
         </lg>
         <lg>
            <l xml:id="l4">Mentre che dentr' al <anchor xml:id="l4a1"/>cor mi<anchor xml:id="l4a2"/> si nasconde,</l>
            <l xml:id="l5" n="5">l'alma da ·tte gianmai non si diparte:</l>
            <l xml:id="l6">tu ·sse' quel <anchor xml:id="l6a1"/>ben<anchor xml:id="l6a2"/> c'ogni mie duol confonde</l>
            <l xml:id="l7">col tuo vago piacer, c'a me se sparte.</l>
            <l xml:id="l8">D'amor se', sola, <anchor xml:id="l8a1"/>l[a]<anchor xml:id="l8a2"/> più <anchor xml:id="l8a3"/>nobil part[e]<anchor xml:id="l8a4"/>,</l>
            <l xml:id="l9">sopr' ogn' altra gradita,</l>
            <l xml:id="l10" n="10">cu' i' adoro et senpr' ò nel cospecto.</l>
         </lg>
      </body>
      <back>
         <listWit>
           <witness xml:id="Sq">
              <ref target="http://www.mirabileweb.it/manuscript-rom/firenze-biblioteca-medicea-laurenziana-med-pal-87--manoscript/ARSNOVA_224962">Sq</ref>
               cc. <locus>156v-157r</locus>, <abbr xml:id="SqC">C</abbr> (vv. 1-7), <abbr xml:id="SqT">T</abbr> (vv. 1-5), <hi rend="italic">resid.</hi> (vv. 8-10): 
              <hi rend="italic">magister franciscus cecus horghanista de florentia</hi>
            </witness>
            </listWit>
         <listApp type="substantial">
            <listApp>
               <head>1</head>
               <app from="#l1a1" to="#l1a2">
                  <lem>d'angelico</lem>
                  <rdg>et a.<wit><ref target="#LSqT">Sq<hi rend="super">T</hi></ref></wit></rdg>
               </app>
            </listApp>
            <listApp>
               <head>4</head>
               <app from="#l4a1" to="#l4a2">
                  <lem>cor mi</lem>
                  <rdg>mie cor<wit><ref target="#SqC">Sq<hi rend="super">C</hi></ref></wit></rdg>
               </app>
               </listApp>
            <listApp>
               <head>6</head>
               <app from="#l6a1" to="#l6a2">
                  <lem>ben</lem>
                  <rdg>bene</rdg>
                  </app>
               </listApp>
            <listApp>
               <head>8</head>
               <app from="#l8a1" to="#l8a2">
                  <lem>la</lem>
                  <rdg>il</rdg>
               </app>
               <app from="#l8a3" to="#l8a4">
                  <lem>nobil parte</lem>
                  <rdg>nobile parto</rdg>
               </app>
            </listApp>
            </listApp>
         <div type="metricalScheme">
            <p>Ballata mezzana 10’z 6’y 10’z; 10’a 10’b, 10’a 10’b; 10’b 6’y 10’z. <hi rend="italic">Pagnotta</hi> 110 : 6. <hi rend="italic">Dialefi</hi> v. 10 (<hi rend="italic">cu’ ˇ i’ ˇ adoro</hi>).
            </p>
         </div>
         <listBibl type="editions">
            <bibl corresp="#Corsi1970">
               Corsi, <hi rend="italic">Poesie</hi> p. 137.
            </bibl>
         </listBibl>
         <!--listBibl type="bibliography">
            <bibl>
            </bibl>
         </listBibl-->
         <div type="commentary">
            <note target="#l1">
               <num>1</num>
               L’intera ballata è incentrata sugli effetti dell’«altera luce», diffusa dalla donna amata in quanto «d’angelico aspetto», per cui è da scartare la lezione di T.
               </note>
            <note target="#l4">
               <num>4</num>
               <hi rend="italic">cor mi:</hi>
               la lezione del T è da preferirsi in base all’intonazione musicale, adottando la lezione di C «cor» cadrebbe infatti in posizione debole.
            </note>
            <note target="#l7">
               <num>7</num>
               <hi rend="italic">c’a me se sparte:</hi>
               ‘che si manifesta/effonde verso di o in me’, significato non attestato in GDLI s.v. <hi rend="italic">spartire</hi><hi rend="super">1</hi> e <hi rend="italic">spartire</hi><hi rend="super">2</hi>, ma cfr. s.v. <hi rend="italic">sparto</hi><hi rend="super">1</hi> § 7 ‘propagato, divulgato (la fama, una notizia, una fede)’ e soprattutto ‘manifestato con l’espressione del volto (un sentimento)’ con significativo rimando a Cino da Pistoia, <hi rend="italic">L’uom che conoscne tegno ch’aggi ardire</hi> vv. 31-6 (ed. Marti)<!-- EVIDENZIATO; manca qualcosa? --> «Posso dir ch’è venuta / ne li occhi miei dirittamente Pietanza; / e spart’è per lo viso una sembianza / ch’esce del core, ov’è sì combattutta / la vita, ch’è perduta, / perché ’l soccorso suo non à possanza»; il «vago piacer» è l’effetto dell’«altera luce» dell’amata.
            </note>
            <note target="#l8">
               <num>8</num>
               L’emendamento è già in Corsi, <hi rend="italic">Poesie</hi>. Il soggetto è sempre l’«altera luce», qui dichiarata come miglior effetto del rapporto d’amore.
            </note>
            <note target="#l10">
               <num>10</num>
               <hi rend="italic"> cu’ i’:</hi>
               la <hi rend="italic">distinctio</hi> è suggerita dalla prosodia.
            </note>
           </div>
         <listBibl type="editionsBibliography">
            <bibl xml:id="Apel1970">
               <hi rend="italic">French Secular Compositions of the Fourteenth Century,</hi> I. <hi rend="italic">Ascribed Compositions</hi>, ed. by W. Apel. Edition of the literary texts by S. N. Rosenberg., Roma, AIM, 1970 (CMM, 53/1)
            </bibl>
            <bibl xml:id="Apel1971">
               Willi Apel, <hi rend="italic">French Secular Compositions of the Fourteenth Century II. Anonymous Ballades</hi>, edition of the Literary Texts by Samuel Rosenberg, Rome, American Institute of Musicology, 1971 (CMM, 53/2)
            </bibl>
            <bibl xml:id="Apel1972">
               Willi Apel, <hi rend="italic">French Secular Compositions of the Fourteenth Century III. Anonymous Virelais, Rondeaux, Chansons, Canons</hi>, edition of the Literary Texts by Samuel Rosenberg, Rome, American Institute of Musicology, 1972 (CMM, 53/3)
            </bibl>
            <bibl xml:id="Bent1985">
               Margaret Bent, Anne Hallmark, <hi rend="italic">The Works of Johannes Ciconia</hi>, Monaco, Éditions de l’Oiseau-Lyre, 1985 (Polyphonic Music of the Fourteenth Century, XXIV)
            </bibl>
            <bibl xml:id="Brambilla_Ageno1975">
               Franca Brambilla Ageno, rec. a <hi rend="italic">Giuseppe Corsi, «Poesie musicali del Trecento»</hi>, «Romance Philology», 28 (1975), pp. 696-706
            </bibl>
            <bibl xml:id="Calvia2017">
               Nicolò del Preposto, <hi rend="italic">Opera Completa</hi>. Edizione critica commentata dei testi intonati e delle musiche, a cura di A. Calvia, Firenze, Edizioni del Galluzzo per la Fondazione Ezio Franceschini, 2017
            </bibl>
            <bibl xml:id="Corsi1969">
               G. Corsi, <hi rend="italic">Rimatori del Trecento</hi>, Torino, UTET, 1969
            </bibl>
            <bibl xml:id="Corsi1970">
               Giuseppe Corsi, <hi rend="italic">Poesie musicali del Trecento</hi>, Bologna, Commissione per i testi di lingua, 1970 (Collezione di opere inedite o rare, 131)
            </bibl>
            <bibl xml:id="Epifani2019">          
               <hi rend="italic">La caccia nell'Ars Nova italiana</hi>, edizione critica commentata dei testi e delle intonazioni, a cura di Michele Epifani, Firenze, Edizioni del Galluzzo, 2019
            </bibl>
            <bibl xml:id="Huck2007">
               <hi rend="italic">Die mehrfach überlieferten Kompositionen des frühen Trecento: Anonyme Madrigale und Cacce sowie Kompositionen von Piero, Giovanni da Firenze und Jacopo da Bologna</hi>, Hrsg. von O. Huck und S. Dieckmann, unter Mitarbeit von E. Arnrich und J. Gehring in Verbindung mit M. Gozzi, 2 voll., Hildesheim, Olms Verlag, 2007
            </bibl>
            <bibl xml:id="Pasquinucci2007">
               Enrico Pasquinucci, <hi rend="italic">La poesia musicale di Niccolò Soldanieri</hi>, «Studi di filologia italiana», 65 (2007), pp. 65-193
            </bibl>
            <bibl xml:id="Pirrotta1954">
               Nino Pirrotta, <hi rend="italic">The Music of Fourteenth Century Italy I. Bartholus de Florentia; Johannes de Florentia; Gherardellus de Florentia</hi>, Amsterdam, American Institute of Musicology, 1954 (CMM, 8/1)
            </bibl>
            <bibl xml:id="Pirrotta1960">
               Nino Pirrotta, <hi rend="italic">The Music of Fourteenth Century Italy II. Maestro Piero; Codex Vatican Rossi 215; Anonymous Madrigals and Cacce from Other Manuscripts</hi>, Amsterdam, American Institute of Musicology, 1960 (CMM, 8/2)
            </bibl>
            <bibl xml:id="Pirrotta1962">
               Nino Pirrotta, <hi rend="italic">The Music of Fourteenth Century Italy III. Laurentius Masii de Florentia; Donatus de Florentia; Rosso da Collegrano, and Nine anonymous pieces</hi>, Amsterdam, American Institute of Musicology, 1962 (Corpus Mensurabilis Musicae, 8/3)
            </bibl>
            <bibl xml:id="Pirrotta1963">
               Nino Pirrotta, <hi rend="italic">The Music of Fourteenth Century Italy IV. Jacobus de Bononia; Vincentius de Arimino</hi>, Amsterdam, American Institute of Musicology, 1963 (Corpus Mensurabilis Musicae, 8/4)
            </bibl>
            <bibl xml:id="Pirrotta1964">
               Nino Pirrotta, <hi rend="italic">The Music of Fourteenth Century Italy V. Andreas de Florentia; Guilielmus de Francia; Bonaiutus Corsini; Andrea Stefani; Ser Feo; Jacopo Pianelaio; Gian Toscano and Anonymous</hi>, Amsterdam, American Institute of Musicology, 1964 (Corpus Mensurabilis Musicae, 8/5)
            </bibl>
            <bibl xml:id="Sacchetti1990">
               Franco Sacchetti, <hi rend="italic">Il libro delle rime</hi>, ed. F. Brambilla Ageno, Firenze, Olschki, 1990
            </bibl>
            <bibl xml:id="Sacchetti2007">
               Franco Sacchetti, <hi rend="italic">Il libro delle rime con le lettere</hi>, ed. D. Puccini, Torino, UTET, 2007
            </bibl>
            <bibl xml:id="Sapegno1952">
               Natalino Sapegno, <hi rend="italic">Poeti minori del Trecento</hi>, Milano-Napoli, Ricciardi, 1952
            </bibl>
            <bibl xml:id="Sucato2003">
               Tiziana Sucato, <hi rend="italic">Il codice rossiano 215. Madrigali, ballate, una caccia, un rotondello</hi>, Pisa, ETS, 2003 («Diverse voci...» 1)
            </bibl>
            <bibl xml:id="Zenari2004">
               Massimo Zenari, <hi rend="italic">Undici madrigali a testimone unico del Panciatichiano 26 (Firenze, Biblioteca Nazionale Centrale)</hi>, «Studi di filologia italiana», 57 (2004), pp. 131-60
            </bibl>
         </listBibl>
      </back>
   </text>
</TEI>
