<?xml version="1.0" encoding="UTF-8"?>
<?xml-model href="http://www.tei-c.org/release/xml/tei/custom/schema/relaxng/tei_all.rng" type="application/xml" schematypens="http://relaxng.org/ns/structure/1.0"?>
<?xml-model href="http://www.tei-c.org/release/xml/tei/custom/schema/relaxng/tei_all.rng" type="application/xml"
	schematypens="http://purl.oclc.org/dsdl/schematron"?>
<TEI xmlns="http://www.tei-c.org/ns/1.0">
   <teiHeader>
      <fileDesc>
         <titleStmt>
            <title>Altro che sospirar non so né voglio</title>
            <respStmt>
               <resp>Digital scholarly edition created within the </resp>
               <orgName><ref target="https://www.europeanarsnova.eu/">European Ars Nova</ref> ERC project.</orgName>
            </respStmt>
            <respStmt>
               <resp>Edited by</resp>
               <name>Maria Sofia Lannutti</name>
            </respStmt>
            <respStmt>
               <resp>Revised by</resp>
               <name>Luca Gatti</name>
            </respStmt>
            <respStmt>
               <resp>TEI-encoded by</resp>
               <name>Carla Congiu</name>
            </respStmt>
         </titleStmt>
         <publicationStmt>
            <p></p>
            <!--publisher>Edizioni del Galluzzo</publisher>
            <pubPlace>Firenze, Italia</pubPlace>
            <date>2021</date>
            <availability>
               <p>L'edizione è disponibile su licenza.</p>
            </availability>            
            <idno type="ISBN">ISBN</idno>
            <idno type="DOI">DOI</idno>
            <idno type="URI">permalink della scheda ANT</idno-->
         </publicationStmt>
         <sourceDesc>
            <p></p>
         </sourceDesc>
      </fileDesc>
      <encodingDesc>
         <variantEncoding method="double-end-point" location="internal"/>
      </encodingDesc>
   </teiHeader>
   <text>
      <!--front>
         <div>
            <p>
           </p>
         </div>         
      </front-->
      <body>
        <lg>
            <l xml:id="l1">
		    Altro che sospirar non so né voglio,
	        </l>
            <l xml:id="l2">
		    ch’altrove è gita qual veder mi soglio.
	        </l>
        </lg>
        <lg>
            <l xml:id="l3">
		    Punsem’, Amor, sì gli amorosi dardi 
	        </l>
            <l xml:id="l4">
		    di questa donna altera, 
	        </l>
            <l xml:id="l5" n="5">
            che giuns’ al mie <anchor xml:id="l5a1"/>soccorso<anchor xml:id="l5a2"/> ogn’ opra tardi. 
	        </l>
            <l xml:id="l6">
		    Or che si son partiti e’ dolçi sguardi, 
	        </l>
            <l xml:id="l7">
		    che ’l cor, che pace spera,
	        </l>
            <l xml:id="l8">
		    per doglia grida «Omè, merçé, tu m’ardi!», 
	        </l>
            <l xml:id="l9">
		    di questo a·tte, caro signor, mi doglio
	        </l>
            <l xml:id="l10" n="10">
		    et fo del suo partir ognor cordoglio.
	        </l>
        </lg>
       </body>
      <back>
         <listWit>
            <witness xml:id="Pit">
               <ref type="siglum" target="#Pit">Pit</ref>
               cc. <locus>118v-119r</locus>, <abbr xml:id="PitC">C</abbr> (vv. 1-5), <abbr xml:id="PitT">T</abbr> (vv. 1-5), <hi rend="italic">resid</hi>. (vv. 6-9). Attribuito a Paolo da Firenze in <hi rend="italic">MGG</hi>, s. v.
            </witness>
            </listWit>
           <!--listApp type="substantial">
           </listApp-->
         <listApp type="formal">
            <listApp>
               <head>5</head>
               <app from="#l5a1" to="#l5a2">
                  <lem>soccorso</lem>
                  <rdg>socorso <wit><ref target="#PitT">Pit<hi rend="super">T</hi></ref></wit></rdg>
               </app>
            </listApp>
         </listApp>
         <div type="metricalScheme">
            <p>Ballata minore 10’z 10’z; 10’a 6’b 10’a, 10’a 6’b 10’a; 10’z 10’z.</p> 
            <p><hi rend="italic">Pagnotta</hi> 58 : 1.</p>
            <p>Rima inclusiva ai vv. 3 : 8; rima inclusiva e derivativa ai vv. 9 : 10.</p>
         </div>
         <listBibl type="editions">
            <bibl corresp="#Corsi1970">
               Corsi 1970, p. 342.
            </bibl>
         </listBibl>
         <div type="commentary">
            <note target="#l2">
               <num>2.</num>
               <hi rend="italic">soglio</hi>: ‘solevo’.
            </note>
            <note target="#l7">
               <num>7.</num>
               <hi rend="italic">che</hi>: ‘tanto che’.
            </note>
         </div>
         <listBibl type="editionsBibliography">
            <bibl xml:id="Corsi1970">
               Giuseppe Corsi, <hi rend="italic">Poesie musicali del Trecento</hi>, Bologna, Commissione per i testi di lingua, 1970 (Collezione di opere inedite o rare, 131).
            </bibl>
         </listBibl>
      </back>
   </text>
</TEI>
