<?xml version="1.0" encoding="UTF-8"?>
<?xml-model href="http://www.tei-c.org/release/xml/tei/custom/schema/relaxng/tei_all.rng" type="application/xml" schematypens="http://relaxng.org/ns/structure/1.0"?>
<?xml-model href="http://www.tei-c.org/release/xml/tei/custom/schema/relaxng/tei_all.rng" type="application/xml"
	schematypens="http://purl.oclc.org/dsdl/schematron"?>
<TEI xmlns="http://www.tei-c.org/ns/1.0">
   <teiHeader>
      <fileDesc>
         <titleStmt>
            <title>Ama, donna, chi t'ama 'n pura fede</title>
            <author>Francesco Landini</author>
            <editor>Davide Checchi</editor>
            <respStmt>
               <resp>Digital scholarly editon created within the </resp>
               <orgName><ref target="https://www.europeanarsnova.eu/">European Ars Nova</ref> ERC project.</orgName>
            </respStmt>
            <respStmt>
               <resp>Edited by</resp>
               <name>Davide Checchi</name>
            </respStmt>
            <respStmt>
               <resp>TEI-encoding by</resp>
               <name>Matteo Salaroli</name>
            </respStmt>
         </titleStmt>
         <publicationStmt>
            <p></p>
            <!--publisher>Edizioni del Galluzzo</publisher>
            <pubPlace>Firenze, Italia</pubPlace>
            <date>2021</date>
            <availability>
               <p>L'edizione è disponibile su licenza.</p>
            </availability>            
            <idno type="ISBN">ISBN</idno>
            <idno type="DOI">DOI</idno>
            <idno type="URI">permalink della scheda ANT</idno-->
         </publicationStmt>
         <sourceDesc>
            <p></p>
         </sourceDesc>
      </fileDesc>
      <encodingDesc>
         <variantEncoding method="double-end-point" location="internal"/>
      </encodingDesc>
   </teiHeader>
   <text>
      <!--front>
         <div>
            <p>
           </p>
         </div>         
      </front-->
      <body>
         <lg>
            <l xml:id="l1">Ama, donna, chi t'ama <anchor xml:id="l1a1"/>'n<anchor xml:id="l1a2"/> pura fede,</l>
            <l xml:id="l2">O cara luce mia,</l>
            <l xml:id="l3">i' son che ·<anchor xml:id="l3a1"/>ssolo 'n<anchor xml:id="l3a2"/> te spero merçede.</l>
         </lg>
         <lg>
            <l xml:id="l4">Non mi far caro de' <anchor xml:id="l4a1"/>begli ochi<anchor xml:id="l4a2"/> tuoi,</l>
            <l xml:id="l5" n="5">ch'altro piacer non fa <anchor xml:id="l5a1"/>'l<anchor xml:id="l5a2"/> mie cor contento,</l>
            <l xml:id="l6">perché, tu sola, la mia <anchor xml:id="l6a1"/>vita puoi<anchor xml:id="l6a12"/>;</l>
            <l xml:id="l7"><anchor xml:id="l7a1"/>tanto<anchor xml:id="l7a2"/> <anchor xml:id="l7a3"/>'l<anchor xml:id="l7a4"/> disio di <anchor xml:id="l7a5"/>tua belleçça<anchor xml:id="l7a6"/> sento.</l>
            <l xml:id="l8">L'alma mia, <anchor xml:id="l8a1"/>serva a<anchor xml:id="l8a2"/> ·tte di buon talento,</l>
            <l xml:id="l9">tanto <anchor xml:id="l9a1"/>spera<anchor xml:id="l9a2"/> e disia,</l>
            <l xml:id="l10" n="10">quanto nella tua <anchor xml:id="l10a1"/>cara luce<anchor xml:id="l10a2"/> vede.</l>
         </lg>
      </body>
      <back>
         <listWit>
            <witness xml:id="Fp">
               <ref target="http://www.mirabileweb.it/manuscript-rom/firenze-biblioteca-nazionale-centrale-pal-panciati-manoscript/ARSNOVA_185275">Fp</ref>
               c. <locus>8v</locus>, <abbr xml:id="FpC">C</abbr> (vv. 1-5), <abbr xml:id="FpT">T</abbr> (vv. 1-5), <hi rend="italic">resid.</hi> (vv. 6-10):  <hi rend="italic">m(agister) f(ranciscus)</hi>
            </witness>
           <witness xml:id="Sq">
              <ref target="http://www.mirabileweb.it/manuscript-rom/firenze-biblioteca-medicea-laurenziana-med-pal-87--manoscript/ARSNOVA_224962">Sq</ref>
               c. <locus>164v</locus>, <abbr xml:id="SqC">C</abbr> (vv. 1-5), <abbr xml:id="SqT">T</abbr> (vv. 1-5), <hi rend="italic">resid.</hi> (vv. 6-10):  <hi rend="italic">magister franciscus cecus horghanista de florentia</hi>
            </witness>
            <witness xml:id="Pit">
               <!--ref target="X"-->Pit<!--/ref-->
               c. <locus>61r</locus>, <abbr xml:id="PitC">C</abbr> (vv. 1-5), <abbr xml:id="PitT">T</abbr> (vv. 1-5), <hi rend="italic">resid.</hi> (vv. 6-10):  <hi rend="italic">francesco</hi>
            </witness>
            <witness xml:id="R">
               <ref target="http://www.mirabileweb.it/manuscript-rom/paris-biblioth%C3%A8que-nationale-de-france-n-a-fr-6771-manoscript/LIO_30658">R</ref>
               cc. <locus>26v-27r</locus>, <abbr xml:id="RC">C</abbr> (vv. 1-5), <abbr xml:id="RT">T</abbr> (vv. 1-5), <hi rend="italic">resid.</hi> (vv. 6-10, con i vv. 6 e 7 posposti al v. 10, in apparato si ripristina l'ordine corretto)
            </witness>
            <witness xml:id="Mg3">
               <!--ref target="X"-->Mg3<!--/ref-->
               c. <locus>48r</locus>, (vv. 1-10)
            </witness>
            </listWit>
         <listApp type="substantial">
            <listApp>
               <head>1</head>
               <app from="#l1a1" to="#l1a2">
                  <lem>'n</lem>
                  <rdg wit="#R"/>
               </app>
            </listApp>
            <listApp>
               <head>3</head>
               <app from="#l3a1" to="#l3a2">
                  <lem>ssolo 'n</lem>
                  <rdg wit="#Mg3">sol in</rdg>
               </app>
               </listApp>
            <listApp>
               <head>4</head>
               <app from="#l4a1" to="#l4a2">
                  <lem>begli ochi</lem>
                  <rdg wit="#R">begiochi</rdg>
                  </app>
               </listApp>
            <listApp>
               <head>5</head>
               <app from="#l5a1" to="#l5a2">
                  <lem>'l</lem>
                  <rdg><hi rend="italic">om.</hi><wit><ref target="#Sq">Sq</ref></wit><wit><ref target="#Pit">Pit</ref></wit><wit><ref target="#R">R</ref></wit><wit><ref target="#Mg3">Mg3</ref></wit></rdg>
               </app>
               </listApp>
            <listApp>
               <head>6</head>
               <app from="#l6a1" to="#l6a2">
                  <lem>vita puoi</lem>
                  <rdg wit="#R">puy</rdg>
               </app>
            </listApp>
            <listApp>
               <head>7</head>
               <app from="#l7a1" to="#l7a2">
                  <lem>tanto</lem>
                  <rdg wit="#Fp">tante</rdg>
                  <rdg wit="#Mg3">tanto e</rdg>
               </app>
               <app from="#l7a3" to="#l7a4">
                  <lem>'l</lem>
                  <rdg><hi rend="italic">om.</hi><wit><ref target="#Sq">Sq</ref></wit><wit><ref target="#Pit">Pit</ref></wit></rdg>
               </app>
               <app from="#l7a5" to="#l7a6">
                  <lem>tua belleçça</lem>
                  <rdg wit="#R">tue beleççe</rdg>
               </app>
            </listApp>
            <listApp>
               <head>8</head>
               <app from="#l8a1" to="#l8a2">
                  <lem>serva a</lem>
                  <rdg wit="#Sq">serva</rdg>
                  <rdg wit="#Pit">serve a</rdg>
                  <rdg wit="#R">serve</rdg>
               </app>
               </listApp>
            <listApp>
               <head>9</head>
               <app from="#l9a1" to="#l9a2">
                  <lem>spera</lem>
                  <rdg wit="#R">sperar</rdg>
               </app>
               </listApp>
            <listApp>
               <head>10</head>
               <app from="#l10a1" to="l10a2">
                  <lem>cara luce</lem>
                  <rdg wit="#Pit">luce cara</rdg>
                  <rdg wit="#Mg3">uaga luce</rdg>
               </app>              
            </listApp>
            </listApp>
         <div type="metricalScheme">
            <p>Ballata mezzana 10’z 6’y 10’z; 10’a 10’b, 10’a 10’b; 10’b 6’y 10’z. <hi rend="italic">Pagnotta</hi> 110 : 7. Punti sottoscritti in Pit ai vv. 1 (sinalefe), 3 iọ (valore monosillabico del nesso) e ịn (sinalefe), 9 sper<hi rend="italic">a</hi> (sinalefe).
            </p>
         </div>
         <listBibl type="editions">
            <bibl corresp="#Corsi1970">
               Corsi, <hi rend="italic">Poesie</hi> pp. 137-138.
            </bibl>
         </listBibl>
         <!--listBibl type="bibliography">
            <bibl>
            </bibl>
         </listBibl-->
         <div type="commentary">
            <note target="#l6">
               <num>6</num>
               Corsi intende <hi rend="italic">puoi</hi> come congiunzione con <hi rend="italic">che</hi> sottinteso, si tratta invece della terza persona singolare indicativo presente di <hi rend="italic">potere</hi>, «seguito da un compl. ogg. che è in relazione con un infinito sottinteso per lo più facilmente intuibile (spesso con valore enfatico o con uso retorico)» (<hi rend="italic">GDLI</hi> s.v. <hi rend="italic">potere</hi> §7)
               </note>
            <note target="#l7">
               <num>7</num>
               L’errore che accomuna Fp e Mg3 è facilmente correggibile per congettura
            </note>
            <note target="#l8">
               <num>8</num>
               La comune lezione di Pit e R è causata dal mancato riconoscimento dell’inciso, incomprensione probabilmente favorita anche dalla grafia elisa di <hi rend="italic">serv’a</hi> testimoniata da Sq. Altre attestazioni della locuzione <hi rend="italic">servo a te</hi> in <hi rend="italic">Non fo ziamai algun tanto protervo</hi> vv. 8-9 «I’ son servo / a te, signor, con fede» (edita tra le dubbie di Giovanni Quirini in Giovanni Quirini, <hi rend="italic">Rime</hi>, a cura di Elena Maria Duso, Roma - Padova, Editrice Antenore, 2002, p 222) e Landini, <hi rend="italic">Poi che da te mi convien partir via</hi>.
            </note>
            </div>
         <listBibl type="editionsBibliography">
            <biblStruct type="book" xml:id="Apel1970" corresp="http://zotero.org/users/local/daicmDgn/items/Y2L3KU4F">
               <monogr>
                  <title level="m">French Secular Compositions of the Fourteenth Century I. Ascribed Compositions</title>
                  <title type="short">CMM 53/1</title>
                  <author><forename>Willi</forename><surname>Apel</surname></author>
                  <imprint><pubPlace>Rome</pubPlace><publisher>American Institute of Musicology</publisher><date>1970</date></imprint>
               </monogr>
               <series>
                  <title level="s">Corpus Mensurabilis Musicae, 53/1</title>
               </series>
            </biblStruct>
            <biblStruct type="book" xml:id="Apel1971" corresp="http://zotero.org/users/local/daicmDgn/items/X6E9LXT4">
               <monogr>
                  <title level="m">French Secular Compositions of the Fourteenth Century II. Anonymous Ballades</title>
                  <title type="short">CMM 53/2</title>
                  <author><forename>Willi</forename><surname>Apel</surname></author>
                  <imprint><pubPlace>Rome</pubPlace><publisher>American Institute of Musicology</publisher><date>1971</date></imprint>
               </monogr>
               <series>
                  <title level="s">Corpus Mensurabilis Musicae, 53/2</title>
               </series>
            </biblStruct>
            <biblStruct type="book" xml:id="Apel1972" corresp="http://zotero.org/users/local/daicmDgn/items/CNNBVEQ5">
               <monogr>
                  <title level="m">French Secular Compositions of the Fourteenth Century III. Anonymous Virelais, Rondeaux, Chansons, Canons</title>
                  <title type="short">CMM 53/3</title>
                  <author><forename>Willi</forename><surname>Apel</surname></author>
                  <imprint><pubPlace>Rome</pubPlace><publisher>American Institute of Musicology</publisher><date>1972</date></imprint>
               </monogr>
               <series>
                  <title level="s">Corpus Mensurabilis Musicae, 53/3</title>
               </series>
            </biblStruct>
            <biblStruct type="book" xml:id="Bent1985" corresp="http://zotero.org/users/local/daicmDgn/items/QWY3ZQNJ">
               <monogr>
                  <title level="m">The Works of Johannes Ciconia</title>
                  <title type="short">PMFC XXIV</title>
                  <author><forename>Margaret</forename><surname>Bent</surname></author><author><forename>Anne</forename><surname>Hallmark</surname></author><imprint><pubPlace>Monaco</pubPlace><publisher>Éditions de l’Oiseau-Lyre</publisher><date>1985</date></imprint></monogr><series><title level="s">Polyphonic Music of the Fourteenth Century, XXIV</title></series>
            </biblStruct>
            <biblStruct type="journalArticle" xml:id="Brambilla_Ageno1975" corresp="http://zotero.org/users/local/daicmDgn/items/494JQJ8H">
               <analytic>
                  <title level="a">Giuseppe Corsi, «Poesie musicali del Trecento»</title>
                  <title type="short">G. Corsi, «Poesie musicali»</title>
                  <author><forename>Franca</forename><surname>Brambilla Ageno</surname></author>
               </analytic>
               <monogr>
                  <title level="j">Romance Philology</title>
                  <imprint><biblScope unit="volume">XXVIII</biblScope><biblScope unit="page">696-706</biblScope><date>1975</date></imprint>
               </monogr>
            </biblStruct>
            <biblStruct type="book" xml:id="Calvia2017" corresp="http://zotero.org/users/local/daicmDgn/items/NU58NJAT">
               <monogr>
                  <title level="m">Nicolò del Preposto. Opera completa. Edizione critica commentata dei testi intonati e delle musiche</title>
                  <title type="short">Nicolò del Preposto</title>
                  <author><forename>Antonio</forename><surname>Calvia</surname></author>
                  <imprint><pubPlace>Firenze</pubPlace><publisher>SISMEL Edizioni del Galluzzo</publisher><date>2017</date></imprint>
               </monogr>
               <series>
                  <title level="s">La tradizione musicale. Studi e testi, 18</title>
               </series>
            </biblStruct>
            <biblStruct type="book" xml:id="Corsi1969" corresp="http://zotero.org/users/local/daicmDgn/items/DYEHFS79">
               <monogr>
                  <title level="m">Rimatori del Trecento</title>
                  <title type="short">Rimatori</title>
                  <idno type="ISBN">88-02-01996-7 978-88-02-01996-3</idno>
                  <author><forename>Giuseppe</forename><surname>Corsi</surname></author>
                  <imprint><pubPlace>Torino</pubPlace><publisher>UTET</publisher><date>1969</date></imprint>
               </monogr>
            </biblStruct>
            <biblStruct type="book" xml:id="Corsi1970" corresp="http://zotero.org/users/local/daicmDgn/items/XD38IT6R">
               <monogr>
                  <title level="m">Poesie musicali del Trecento</title>
                  <title type="short">Poesie musicali</title>
                  <author><forename>Giuseppe</forename><surname>Corsi</surname></author>
                  <imprint><pubPlace>Bologna</pubPlace><publisher>Commissione per i testi di lingua</publisher><date>1970</date></imprint>
               </monogr>
               <series>
                  <title level="s">Collezione di opere inedite o rare, 131</title>
               </series>
            </biblStruct>
            <biblStruct type="book" xml:id="Epifani2019" corresp="http://zotero.org/users/local/daicmDgn/items/B7WRD8TT">
               <monogr>
                  <title level="m">La caccia nell’Ars Nova italiana. Edizione critica commentata dei testi e delle intonazioni</title>
                  <title type="short">La caccia nell'Ars Nova italiana</title>
                  <author><forename>Michele</forename><surname>Epifani</surname></author>
                  <imprint><pubPlace>Firenze</pubPlace><publisher>SISMEL Edizioni del Galluzzo</publisher><date>2019</date></imprint>
               </monogr>
               <series>
                  <title level="s">La tradizione musicale. Studi e testi, 20</title>
               </series>
            </biblStruct>
            <biblStruct type="book" xml:id="Huck2007" corresp="http://zotero.org/users/local/daicmDgn/items/U6ENUGXG">
               <monogr>
                  <title level="m">Die mehrfach überlieferten Kompositionen des frühen Trecento. Anonyme Madrigale und Cacce sowie Kompositionen von Piero, Giovanni da Firenze und Jacopo da Bologna</title>
                  <title type="short">Die mehrfach überlieferten Kompositionen</title>
                  <author><forename>Oliver</forename><surname>Huck</surname></author>
                  <author><forename>Sandra</forename><surname>Dieckmann</surname></author>
                  <imprint><pubPlace>Hildesheim-Zurich-New York</pubPlace><biblScope unit="volume">I &lt;i&gt;Übertragungen, Texte, Kommentare&lt;/i&gt;; II &lt;i&gt;Transkriptionen&lt;/i&gt;</biblScope><publisher>Georg Olms Verlag</publisher><date>2007</date></imprint>
                  <extent>2</extent>
               </monogr>
               <series>
                  <title level="s">Musica mensurabilis, 2</title>
               </series>
            </biblStruct>
            <biblStruct type="journalArticle" xml:id="Pasquinucci2007" corresp="http://zotero.org/users/local/daicmDgn/items/U4RTPVTC">
               <analytic>
                  <title level="a">La poesia musicale di Niccolò Soldanieri</title>
                  <title type="short">La poesia musicale</title>
                  <author><forename>Enrico</forename><surname>Pasquinucci</surname></author>
               </analytic>
               <monogr>
                  <title level="j">Studi di filologia italiana</title>
                  <idno type="ISSN">0392-5110</idno>
                  <imprint><biblScope unit="volume">LXV</biblScope><biblScope unit="page">65-193</biblScope><date>2007</date></imprint>
               </monogr>
            </biblStruct>
            <biblStruct type="book" xml:id="Pirrotta1954" corresp="http://zotero.org/users/local/daicmDgn/items/FAZBS46W">
               <monogr>
                  <title level="m">The Music of Fourteenth Century Italy I. Bartholus de Florentia; Johannes del Florentia; Gherardellus de Florentia</title>
                  <title type="short">CMM 8/1</title>
                  <author><forename>Nino</forename><surname>Pirrotta</surname></author>
                  <imprint><pubPlace>Amsterdam</pubPlace><publisher>American Institute of Musicology</publisher><date>1954</date></imprint>
               </monogr>
               <series>
                  <title level="s">Corpus Mensurabilis Musicae, 8/1</title>
               </series>
            </biblStruct>
            <biblStruct type="book" xml:id="Pirrotta1960" corresp="http://zotero.org/users/local/daicmDgn/items/FW8PYNTI">
               <monogr>
                  <title level="m">The Music of Fourteenth Century Italy II. Maestro Piero; Codex Vatican Rossi 215; Anonymous madrigals and cacce from other manuscripts</title>
                  <title type="short">CMM 8/2</title>
                  <author><forename>Nino</forename><surname>Pirrotta</surname></author>
                  <imprint><pubPlace>Amsterdam</pubPlace><publisher>American Institute of Musicology</publisher><date>1960</date></imprint>
               </monogr>
               <series>
                  <title level="s">Corpus Mensurabilis Musicae, 8/2</title>
               </series>
            </biblStruct>
            <biblStruct type="book" xml:id="Pirrotta1962" corresp="http://zotero.org/users/local/daicmDgn/items/XFUL4B2F">
               <monogr>
                  <title level="m">The Music of Fourteenth Century Italy III. Laurentius Masii de Florentia; Donatus de Florentia; Rosso da Collegrano, and Nine anonymous pieces</title>
                  <title type="short">CMM 8/3</title>
                  <author><forename>Nino</forename><surname>Pirrotta</surname></author>
                  <imprint><pubPlace>Amsterdam</pubPlace><publisher>American Institute of Musicology</publisher><date>1962</date></imprint>
               </monogr>
               <series>
                  <title level="s">Corpus Mensurabilis Musicae, 8/3</title>
               </series>
            </biblStruct>
            <biblStruct type="book" xml:id="Pirrotta1963" corresp="http://zotero.org/users/local/daicmDgn/items/FT56HATK">
               <monogr>
                  <title level="m">The Music of Fourteenth Century Italy IV. Jacobus de Bononia; Vincentius de Arimino</title>
                  <title type="short">CMM 8/4</title>
                  <author><forename>Nino</forename><surname>Pirrotta</surname></author>
                  <imprint><pubPlace>Amsterdam</pubPlace><publisher>American Institute of Musicology</publisher><date>1963</date></imprint>
               </monogr>
               <series>
                  <title level="s">Corpus Mensurabilis Musicae, 8/4</title>
               </series>
            </biblStruct>
            <biblStruct type="book" xml:id="Pirrotta1964" corresp="http://zotero.org/users/local/daicmDgn/items/MFJN6PQL">
               <monogr>
                  <title level="m">The Music of Fourteenth Century Italy V. Andreas de Florentia, Guilielmus de Francia, Bonaiutus Corsini, Andrea Stefani, Ser Feo, Jacopo Pianelaio, Gian Toscano and Anonymous</title>
                  <title type="short">CMM 8/5</title>
                  <author><forename>Nino</forename><surname>Pirrotta</surname></author>
                  <imprint><pubPlace>Amsterdam</pubPlace><publisher>American Institute of Musicology</publisher><date>1964</date></imprint>
               </monogr>
               <series>
                  <title level="s">Corpus Mensurabilis Musicae, 8/5</title>
               </series>
            </biblStruct>
            <biblStruct type="journalArticle" xml:id="Sacchetti1990" corresp="http://zotero.org/users/local/daicmDgn/items/Z6CVLQV6">
               <analytic>
                  <title level="a">Il libro delle rime</title>
                  <title type="short">Rime (Ageno)</title>
                  <author><forename>Franco</forename><surname>Sacchetti</surname></author>
               </analytic>
               <monogr>
                  <title></title>
                  <editor><forename>Franca</forename><surname>Brambilla Ageno</surname></editor>
                  <imprint><date>1990</date></imprint>
               </monogr>
            </biblStruct>
            <biblStruct type="journalArticle" xml:id="Sacchetti2007" corresp="http://zotero.org/users/local/daicmDgn/items/PTLZSWDF">
               <analytic>
                  <title level="a">Il libro delle rime con le lettere</title>
                  <title type="short">Rime (Puccini)</title>
                  <author><forename>Franco</forename><surname>Sacchetti</surname></author>
               </analytic>
               <monogr>
                  <title></title>
                  <editor><forename>Davide</forename><surname>Puccini</surname></editor>
                  <imprint><date>2007</date></imprint>
               </monogr>
            </biblStruct>
            <biblStruct type="book" xml:id="Sapegno1952" corresp="http://zotero.org/users/local/daicmDgn/items/8C6U9NZE">
               <monogr>
                  <title level="m">Poeti minori del Trecento</title>
                  <title type="short">Poeti minori</title>
                  <author><forename>Natalino</forename><surname>Sapegno</surname></author>
                  <imprint><pubPlace>Milano-Napoli</pubPlace><publisher>Ricciardi</publisher><date>1952</date></imprint>
               </monogr>
            </biblStruct>
            <biblStruct type="book" xml:id="Sucato2003" corresp="http://zotero.org/users/local/daicmDgn/items/V4BN5V2I">
               <monogr>
                  <title level="m">Il codice Rossiano 215. Madrigali, ballate, una caccia, un rotondello</title>
                  <title type="short">Il codice Rossiano</title>
                  <author><forename>Tiziana</forename><surname>Sucato</surname></author>
                  <imprint><pubPlace>Pisa</pubPlace><publisher>ETS</publisher><date>2003</date></imprint>
               </monogr>
               <series>
                  <title level="s">«Diverse voci...» 1</title>
               </series>
            </biblStruct>
            <biblStruct type="journalArticle" xml:id="Zenari2004" corresp="http://zotero.org/users/local/daicmDgn/items/XE5ZV7IV">
               <analytic>
                  <title level="a">Undici madrigali a testimone unico del Panciatichiano 26 (Firenze, Biblioteca Nazionale Centrale)</title>
                  <title type="short">Undici madrigali</title>
                  <author><forename>Massimo</forename><surname>Zenari</surname></author>
               </analytic>
               <monogr>
                  <title level="j">Studi di filologia italiana</title>
                  <imprint><biblScope unit="volume">LVII</biblScope><biblScope unit="page">131-60</biblScope><date>2004</date></imprint>
               </monogr>
            </biblStruct>
         </listBibl>
      </back>
   </text>
</TEI>
