<?xml version="1.0" encoding="UTF-8"?>
<?xml-model href="http://www.tei-c.org/release/xml/tei/custom/schema/relaxng/tei_all.rng" type="application/xml" schematypens="http://relaxng.org/ns/structure/1.0"?>
<?xml-model href="http://www.tei-c.org/release/xml/tei/custom/schema/relaxng/tei_all.rng" type="application/xml"
	schematypens="http://purl.oclc.org/dsdl/schematron"?>
<TEI xmlns="http://www.tei-c.org/ns/1.0">
   <teiHeader>
      <fileDesc>
         <titleStmt>
            <title>Amor, dapo' che tu ti maravigli</title>
            <respStmt>
               <resp>Digital scholarly edition created within the </resp>
               <orgName><ref target="https://www.europeanarsnova.eu/">European Ars Nova</ref> ERC project.</orgName>
            </respStmt>
            <respStmt>
               <resp>Edited by</resp>
               <name>Maria Sofia Lannutti</name>
            </respStmt>
            <respStmt>
               <resp>Revised by</resp>
               <name>Luca Gatti</name>
            </respStmt>
            <respStmt>
               <resp>TEI-encoded by</resp>
               <name>Carla Congiu</name>
            </respStmt>
         </titleStmt>
         <publicationStmt>
            <p></p>
            <!--publisher>Edizioni del Galluzzo</publisher>
            <pubPlace>Firenze, Italia</pubPlace>
            <date>2021</date>
            <availability>
               <p>L'edizione è disponibile su licenza.</p>
            </availability>            
            <idno type="ISBN">ISBN</idno>
            <idno type="DOI">DOI</idno>
            <idno type="URI">permalink della scheda ANT</idno-->
         </publicationStmt>
         <sourceDesc>
            <p></p>
         </sourceDesc>
      </fileDesc>
      <encodingDesc>
         <variantEncoding method="double-end-point" location="internal"/>
      </encodingDesc>
   </teiHeader>
   <text>
      <!--front>
         <div>
            <p>
           </p>
         </div>         
      </front-->
      <body>
        <lg>
            <l xml:id="l1">
		    Amor, dapo’ che <anchor xml:id="l1a1"/>tu ti<anchor xml:id="l1a2"/> maravigli
	    </l>
            <l xml:id="l2">
		    <anchor xml:id="l2a1"/>della<anchor xml:id="l2a2"/> mia <anchor xml:id="l2a3"/>greve<anchor xml:id="l2a4"/> pena,
	    </l>
            <l xml:id="l3">
		    el tu’ arco <anchor xml:id="l3a1"/>rafrena<anchor xml:id="l3a2"/>
	    </l>
            <l xml:id="l4">
		    et del tuo servo, <anchor xml:id="l4a1"/>omé<anchor xml:id="l4a2"/>, pietà ti pigli.
            </l>
        </lg>
        <lg> 
            <l xml:id="l5" n="5">
		    Se tu ti maravigli, o mie signore,
	    </l>
            <l xml:id="l6">
		    tempera ’l colpo tuo feroc’ e crudo
	    </l>
            <l xml:id="l7">
		    che ferì ’l petto, e non ti fu onore
	    </l>
            <l xml:id="l8">
		    trovandol disarmato et sança scudo.
	    </l>
            <l xml:id="l9">
		    Ma’ cor gentil fu mai di piatà innudo,
	    </l>
            <l xml:id="l10" n="10">
		    ond’io vinto rimango,
	    </l>
            <l xml:id="l11">
		    et s’i’ mi dolgo et piango,
	    </l>
            <l xml:id="l12">
		    non voglio, Amor, che·ttu ti maravigli.
	    </l>        
        </lg>
       </body>
      <back>
        <listWit>
            <witness xml:id="Pit">
	       <ref type="siglum" target="#Pit">Pit</ref> 
               cc. <locus>79v-80r</locus>, <abbr xml:id="PitC">C</abbr> (vv. 1-6), <abbr xml:id="PitT">T</abbr> (vv. 1-6), <hi rend="italic">resid</hi>. (vv. 7-12): <hi rend="italic">p(aulus) a(bbas)</hi>
            </witness>
        </listWit>
         <listApp type="substantial">
            <listApp>
               <head>1</head>
               <app from="#l1a1" to="#l1a2">
                  <lem>tu ti</lem>
                  <rdg>tutti <wit><ref target="#PitT">Pit<hi rend="super">T</hi></ref></wit></rdg>
               </app>
            </listApp>
         </listApp>
           <listApp type="formal">
              <listApp>
                 <head>2</head>
                 <app from="#l2a1" to="#l2a2">
                    <lem>della</lem>
                    <rdg>dell<del>e</del><add>a</add><wit><ref target="#PitC">Pit<hi rend="super">C</hi></ref></wit></rdg>
                 </app>
                 <app from="#l2a3" to="#l2a4">
                    <lem>greve</lem>
                    <rdg>grev<del>e</del><add>a</add><wit><ref target="#PitC">Pit<hi rend="super">C</hi></ref></wit></rdg>
                 </app>
               </listApp>
               <listApp>
                 <head>3</head>
                 <app from="#l3a1" to="#l3a2">
                    <lem>rafrena</lem>
                    <rdg>raffrena <wit><ref target="#PitT">Pit<hi rend="super">T</hi></ref></wit></rdg>                    
                 </app>
                </listApp>
                <listApp>
                 <head>4</head>
                 <app from="#l4a1" to="#l4a2">
                    <lem>omé</lem>
                    <rdg wit="#Pit">ome ome</rdg>                    
                 </app>
                </listApp>
               </listApp>
         <div type="metricalScheme">
            <p>Ballata grande 10’z 6’y 6’y 10’z; (6’z)10’a 10’b, 10’a 10’b; 10’b 6’c 6’c 10’z.</p> 
            <p><hi rend="italic">Pagnotta</hi> 378: 1.</p>
            <p>Rima interna identica non strutturale al v. 5 (: 1 : 12); rima identica (parola-<hi rend="italic">refrain</hi>) ai vv. 1 : 12.</p>
            <p>Punti sottoscritti: v. 3 (<hi rend="italic">omé</hi>) Pit<hi rend="super">C</hi>.</p>
            </div>
         <listBibl type="editions">
            <bibl corresp="#LiGotti1952">
                Li Gotti 1952, p. 592;
            </bibl>
            <bibl corresp="#Corsi1970">
               Corsi 1970, p. 273.
            </bibl>
         </listBibl>
         <div type="commentary">
            <note target="#l9">
            <num>9.</num> <hi rend="italic">mai</hi>: vale probabilmente ‘più’, visto il <hi rend="italic">Ma’</hi> a inizio di verso.
            </note>
         </div>
         <listBibl type="editionsBibliography">
            <bibl xml:id="LiGotti1952">
               E. Li Gotti, <hi rend="italic">Paolo tenorista, fiorentino "extra moenia"</hi>, in <hi rend="italic">Estudios dedicados a Menéndez Pidal</hi>, tomo III, Madrid, C.S.I.C., 1952, pp. 577-606.
            </bibl>
            <bibl xml:id="Corsi1970">
               Giuseppe Corsi, <hi rend="italic">Poesie musicali del Trecento</hi>, Bologna, Commissione per i testi di lingua, 1970 (Collezione di opere inedite o rare, 131).
            </bibl>
         </listBibl>
      </back>
   </text>
</TEI>
