<?xml version="1.0" encoding="UTF-8"?>
<?xml-model href="http://www.tei-c.org/release/xml/tei/custom/schema/relaxng/tei_all.rng" type="application/xml" schematypens="http://relaxng.org/ns/structure/1.0"?>
<?xml-model href="http://www.tei-c.org/release/xml/tei/custom/schema/relaxng/tei_all.rng" type="application/xml"
	schematypens="http://purl.oclc.org/dsdl/schematron"?>
<TEI xmlns="http://www.tei-c.org/ns/1.0">
   <teiHeader>
      <fileDesc>
         <titleStmt>
            <title>Amor mi stringe assai più che non sole</title>
            <respStmt>
               <resp>Digital scholarly edition created within the </resp>
               <orgName><ref target="https://www.europeanarsnova.eu/">European Ars Nova</ref> ERC project.</orgName>
            </respStmt>
            <respStmt>
               <resp>Edited by</resp>
               <name>Maria Sofia Lannutti</name>
            </respStmt>
            <respStmt>
               <resp>Revised by</resp>
               <name>Luca Gatti</name>
            </respStmt>
            <respStmt>
               <resp>TEI-encoded by</resp>
               <name>Carla Congiu</name>
            </respStmt>
         </titleStmt>
         <publicationStmt>
            <p></p>
            <!--publisher>Edizioni del Galluzzo</publisher>
            <pubPlace>Firenze, Italia</pubPlace>
            <date>2021</date>
            <availability>
               <p>L'edizione è disponibile su licenza.</p>
            </availability>            
            <idno type="ISBN">ISBN</idno>
            <idno type="DOI">DOI</idno>
            <idno type="URI">permalink della scheda ANT</idno-->
         </publicationStmt>
         <sourceDesc>
            <p></p>
         </sourceDesc>
      </fileDesc>
      <encodingDesc>
         <variantEncoding method="double-end-point" location="internal"/>
      </encodingDesc>
   </teiHeader>
   <text>
      <!--front>
         <div>
            <p>
           </p>
         </div>         
      </front-->
      <body>
        <lg>
            <l xml:id="l1">
		    <anchor xml:id="l1a1"/>Amor<anchor xml:id="l1a2"/> mi stringe assai <anchor xml:id="l1a3"/>più che<anchor xml:id="l1a4"/> non sole
	    </l>
            <l xml:id="l2">
		    contra stagion, <anchor xml:id="l2a1"/>che<anchor xml:id="l2a2"/> <anchor xml:id="l2a3"/>può<anchor xml:id="l2a4"/> et sa et vole.
	    </l>
        </lg>
        <lg>
            <l xml:id="l3">
		    Né per vari accidenti <anchor xml:id="l3a1"/>cangio<anchor xml:id="l3a2"/> voglia:
	    </l>
            <l xml:id="l4">
		    <anchor xml:id="l4a1"/> po’<anchor xml:id="l4a2"/> ch’Amor lo comanda,
	    </l>
            <l xml:id="l5" n="5">
		    m’à più fermo che mai;
	    </l>
            <l xml:id="l6">
		    et è tanto piacevole la doglia
	    </l>
            <l xml:id="l7">
		    che·ll’animo trasanda
	    </l>
            <l xml:id="l8">
		    in dolceça di guai, 
	    </l>
            <l xml:id="l9">
		    e ’l discreto pensier dice «Ben fai! 
	    </l>
            <l xml:id="l10" n="10">
		    Ch’a nullo amato Amor perdonò mai».
	    </l>
        </lg>
       </body>
      <back>
         <listWit>
            <witness xml:id="Pit">
               <ref type="siglum" target="#Pit">Pit</ref>
               cc. <locus>78v-79r</locus>, <abbr xml:id="PitC">C</abbr> (vv. 1-5), <hi rend="italic">resid</hi>. (vv. 6-10): <hi rend="italic">p(aulus) a(bbas)</hi>
            </witness>
            <witness xml:id="SL">
               <ref type="siglum" target="#SL">SL</ref>
               c. <locus>107v</locus>, <abbr xml:id="SLC">C</abbr> (vv. 1-5), <abbr xml:id="SLT">T</abbr> (vv. 1-5): <hi rend="italic">ab[...]paul(us)</hi>.
            </witness>
            </listWit>
           <listApp type="substantial">
            <listApp>
               <head>1</head>
               <app from="#l1a1" to="#l1a2">
                  <lem>Amor</lem>
                  <rdg wit="#SL">mor</rdg>
               </app>
               <app from="#l1a3" to="#l1a4">
                  <lem>più che</lem>
                  <rdg><hi rend="italic">om</hi>. che
                  <wit><ref target="#SLT">SL</ref><hi rend="super">T</hi></wit></rdg>
               </app>
              </listApp>
            <listApp>
               <head>2</head>
               <app from="#l2a1" to="#l2a2">
                  <lem>che</lem>
                  <rdg>che che <wit><ref target="#SLT">SL</ref><hi rend="super">T</hi></wit></rdg>
               </app>
              </listApp>
              <listApp>
                 <head>3</head>
                 <app from="#l3a1" to="#l3a2">
                    <lem>cangio</lem>
                    <rdg>cagio <wit><ref target="#SLT">SL<hi rend="super">T</hi></ref></wit></rdg>
                 </app>
               </listApp>
            </listApp>
         <listApp type="formal">
            <listApp>
               <head>2</head>
               <app from="#l2a3" to="#l2a4">
                  <lem>può</lem>
                  <rdg wit="#SL">po</rdg>
               </app>
            </listApp>
            <listApp>
               <head>3</head>
               <app from="#l3a3" to="#l3a4">
                  <lem>po’</lem>
                  <rdg wit="#SL">poi</rdg>
               </app>
            </listApp>
         </listApp>
         <div type="metricalScheme">
            <p>Ballata minore 10’z 10’z; 10’a 6’b 6’c, 10’a 6’b 6’c; 10’c 10’c. Si noti l’anomalo schema rimico, privo di corrispondenza tra ripresa e volta.</p> 
            <p><hi rend="italic">Pagnotta</hi> 194 : 1.</p>
            <p>Rima identica ai vv. 5 : 10.</p>
            <p>Punti sottoscritti: v. 1 (<hi rend="italic">assai</hi>) Pit.
            </p>
            </div>
         <listBibl type="editions">
            <bibl corresp="#LiGotti1952">
               Li Gotti 1952, p. 593;
            </bibl>
            <bibl corresp="#Corsi1970">
               Corsi 1970, p. 274.
            </bibl>
         </listBibl>
         <div type="commentary">
            <note target="#l7">
               <num>7.</num> <hi rend="italic">trasanda</hi>: ‘eccede’.
            </note>
            <note target="#l8">
               <num>8.</num> <hi rend="italic">guai</hi>: ‘grida’.
            </note>
            <note target="#l9">
               <num>9.</num> <hi rend="italic">discreto</hi>: ‘retto’.
            </note>
         </div>
         <listBibl type="editionsBibliography">
            <bibl xml:id="LiGotti1952">
               E. Li Gotti, <hi rend="italic">Paolo tenorista, fiorentino "extra moenia"</hi>, in <hi rend="italic">Estudios dedicados a Menéndez Pidal</hi>, tomo III, Madrid, C.S.I.C., 1952, pp. 577-606
            </bibl>
            <bibl xml:id="Corsi1970">
               Giuseppe Corsi, <hi rend="italic">Poesie musicali del Trecento</hi>, Bologna, Commissione per i testi di lingua, 1970 (Collezione di opere inedite o rare, 131)
            </bibl>
         </listBibl>
      </back>
   </text>
</TEI>
