<?xml version="1.0" encoding="UTF-8"?> 
<?xml-model href="http://www.tei-c.org/release/xml/tei/custom/schema/relaxng/tei_all.rng" type="application/xml" schematypens="http://relaxng.org/ns/structure/1.0"?> 
<?xml-model href="http://www.tei-c.org/release/xml/tei/custom/schema/relaxng/tei_all.rng" type="application/xml"
	schematypens="http://purl.oclc.org/dsdl/schematron"?> 
<TEI xmlns="http://www.tei-c.org/ns/1.0"> 
   <teiHeader> 
      <fileDesc> 
         <titleStmt> 
            <title> Amor, tu solo 'l sai</title> 
            <respStmt> 
               <resp>Digital scholarly edition created within the ERC</resp> 
               <orgName> <ref target="https://www.europeanarsnova.eu/"> European Ars Nova</ref> project.</orgName> 
            </respStmt> 
            <respStmt> 
               <resp>Edited by</resp> 
               <name>Maria Sofia Lannutti</name> 
            </respStmt> 
            <respStmt> 
               <resp>Revised by</resp> 
               <name>Luca Gatti</name> 
            </respStmt> 
            <respStmt> 
               <resp>TEI-encoded by</resp> 
               <name>Elvira Mercatanti</name> 
            </respStmt> 
         </titleStmt> 
         <publicationStmt> 
            <p></p> 
            <!--publisher> Edizioni del Galluzzo</publisher> 
            <pubPlace> Firenze, Italia</pubPlace> 
            <date> 2021</date> 
            <availability> 
               <p>L'edizione è disponibile su licenza.</p> 
            </availability>            
            <idno type="ISBN"> ISBN</idno> 
            <idno type="DOI"> DOI</idno> 
            <idno type="URI"> permalink della scheda ANT</idno--> 
         </publicationStmt> 
         <sourceDesc> 
            <p></p> 
         </sourceDesc> 
      </fileDesc> 
      <encodingDesc> 
         <variantEncoding method="double-end-point" location="internal"/> 
      </encodingDesc> 
   </teiHeader> 
   <text> 
      <!--<front> 
         <div> 
            <p>
               Aggiungi qui l'INTRODUZIONE (se presente). Suddividila in paragrafi (<p>)
               e marca i corsivi (<hi rend="italic"> </hi> )
            </p> 
         </div>         
      </front> --> 
      <body> 
         <lg> 
            <l xml:id="l1"> 
               Amor, tu solo 'l sai
            </l> 
            <l xml:id="l2"> 
               quella che <anchor xml:id="l2a1"/> 'l<anchor xml:id="l2a2"/> mie cor tene,
            </l> 
            <l xml:id="l3"> 
               per <anchor xml:id="l3a1"/> cu'<anchor xml:id="l3a2"/> ispess'<anchor xml:id="l3a3"/> avene <anchor xml:id="l3a4"/> 
            </l> 
            <l xml:id="l4"> 
               ch'i' piango meco <anchor xml:id="l4a1"/> gl'<anchor xml:id="l4a2"/> infiniti guai.
            </l> 
         </lg> 

         <lg> 
            <l xml:id="l5" n="5"> 
               <anchor xml:id="l5a1"/> Nessuno 'l <anchor xml:id="l5a3"/> sa<anchor xml:id="l5a4"/> <anchor xml:id="l5a2"/> se non colui che 'l prova
            </l> 
            <l xml:id="l6"> 
               come dentro dimora;
            </l> 
            <l xml:id="l7"> 
               <anchor xml:id="l7a1"/> chi<anchor xml:id="l7a2"/> non à con <anchor xml:id="l7a3"/> cui<anchor xml:id="l7a4"/> sprema 'l suo dolore
            </l> 
            <l xml:id="l8"> 
               fa come el foco ch'ardendo non trova
            </l> 
            <l xml:id="l9"> 
               vïa, onde divora
            </l> 
            <l xml:id="l10" n="10"> 
               più che non fa sfogando suo valore.	
            </l> 
            <l xml:id="l11"> 
               Omai per tanto ardore
            </l> 
            <l xml:id="l12"> 
               non sentirò più bene,
            </l> 
            <l xml:id="l13"> 
               ché chi tanto sostene
            </l> 
            <l xml:id="l14"> 
               già più non pò, et morir lo vedrai.
            </l> 
         </lg> 
      </body> 
      <back> 
         <listWit>            
            <witness xml:id="Pit">              
               <ref type="siglum" target="#Pit"> Pit</ref> 
               cc. <locus> 73v-74r</locus>, <abbr xml:id="PitC">C</abbr> (vv. 1-7), <abbr xml:id="PitT">T</abbr> (vv. 1-7), <hi rend="italic"> resid.</hi> (vv. 8-14): <hi rend="italic">p(aulus) a(bbas</hi> 
            </witness> 

            <witness xml:id="Lw"> 
               <ref type="siglum" target="#Lw"> Lw</ref> 
               c. dr., <abbr xml:id="LwC">C</abbr> (vv. 1-7) 
            </witness>  
         </listWit> 



         <listApp type="substantial"> 
            <listApp> 
               <head>2</head> 
               <app from="#l2a1" to="#l2a2"> 
                  <lem>'l</lem> 
                  <rdg wit="#Lw"/>
               </app> 
            </listApp> 

            <listApp> 
               <head>3</head> 
               <app from="#l3a1" to="#l3a2"> 
                  <lem>cu</lem> 
                  <rdg wit="#Lw"> che</rdg> 
               </app> 
            </listApp> 

            <listApp> 
               <head>5</head> 
               <app from="#l5a1" to="#l5a2"> 
                  <lem>Nessuno 'l sa</lem> 
                  <rdg type="indifferentVariant" wit="#Lw"> nessun nol sa</rdg> 
               </app> 

               <app from="#l5a3" to="#l5a4"> 
                  <lem>sa</lem> 
                  <rdg> <witDetail wit="#Pit"><hi rend="italic"> aggiunto al di sopra</hi></witDetail> <wit><ref corresp="#PitC">Pit<hi rend="super">C</hi></ref></wit> </rdg> 
               </app> 
            </listApp> 

            <listApp> 
               <head>7</head> 
               <app from="#l7a3" to="l7a4"> 
                  <lem>cui</lem> 
                  <rdg wit="#Lw"> chi <wit><ref corresp="#PitT">Pit<hi rend="super">T</hi></ref></wit> </rdg> 
               </app>            
            </listApp> 
         </listApp> 


         <listApp type="formal"> 
            <listApp> 
               <head>3</head>
               <app from="#l3a3" to="#l3a4"> 
                  <lem>avene</lem> 
                  <rdg wit="#Lw"> advene  <wit><ref corresp="#PitT">Pit</ref><hi rend="super">T</hi></wit></rdg>
               </app> 
            </listApp> 

            <listApp> 
               <head>4 </head> 
               <app from="#l4a1" to="#l4a2"> 
                  <lem>gl'</lem> 
                  <rdg wit="#Lw"> l</rdg> 
               </app> 
            </listApp>            

            <listApp> 
               <head>7 </head> 
               <app from="#l7a1" to="l7a2"> 
                  <lem>chi</lem>    
                  <rdg wit="#Lw"> chi chi</rdg> 
               </app> 
            </listApp> 
         </listApp> 


         <div type="metricalScheme"> 
            <p>Ballata grande 6’z 6’y 6’y 10’z; 10’a 6’b 10’c, 10’a 6’b 10’c; 6’c 6’y 6’y 10’z. </p> 
            <p><hi rend="italic"> Pagnotta</hi> 215 : 2. </p> 
            <p>Rima derivativa e inclusiva ai vv. 2 : 13; rima ricca ai vv. 7 : 10. </p>  
         </div> 


         <listBibl type="editions"> 
            <bibl corresp="#LiGotti1952"> 
               Li Gotti 1952, p. 593;
            </bibl> 

            <bibl corresp="#Pirrotta1961"> 
               Pirrotta 1961, p. 80;
            </bibl> 

            <bibl corresp="#Corsi1970"> 
               Corsi 1970, p. 275.
            </bibl> 
         </listBibl> 


         <!--<listBibl type="bibliography"> 
            <bibl corresp="#"> </bibl> 
         </listBibl> --> 


         <!--<div type="commentary"> 
            <note target="# #"> 
               <num></num> 
               <hi rend="italic"> </hi> 
            </note> 
         </div> --> 


         <listBibl type="editionsBibliography"> 
            <bibl xml:id="LiGotti1952"> 
               E. Li Gotti, <hi rend="italic">Paolo tenorista, fiorentino "extra moenia"</hi>, in <hi rend="italic"> Estudios dedicados a Menéndez Pidal</hi>, tomo III, Madrid, C.S.I.C., 1952, pp. 577-606.
            </bibl> 

            <bibl xml:id="Pirrotta1961"> 
               N. Pirrotta, <hi rend="italic">Paolo Tenorista in a New Fragment of the Italian Ars Nova. A Facsimile Edition with an Introduction</hi>, Palm Springs, Gottlieb, 1961.
            </bibl> 
            
            <bibl xml:id="Corsi1970"> 
               Giuseppe Corsi, <hi rend="italic">Poesie musicali del Trecento</hi>, Bologna, Commissione per i testi di lingua, 1970 (Collezione di opere inedite o rare, 131).
            </bibl> 
         </listBibl> 
      </back> 
   </text> 
</TEI> 
