<?xml version="1.0" encoding="UTF-8"?> 
<?xml-model href="http://www.tei-c.org/release/xml/tei/custom/schema/relaxng/tei_all.rng" type="application/xml" schematypens="http://relaxng.org/ns/structure/1.0"?> 
<?xml-model href="http://www.tei-c.org/release/xml/tei/custom/schema/relaxng/tei_all.rng" type="application/xml"
schematypens="http://purl.oclc.org/dsdl/schematron"?> 
<TEI xmlns="http://www.tei-c.org/ns/1.0"> 
<teiHeader> 
   <fileDesc> 
      <titleStmt> 
         <title> Astio non morì mai </title> 
         <respStmt> 
            <resp>Digital scholarly edition created within the ERC </resp> 
            <orgName> <ref target="https://www.europeanarsnova.eu/"> European Ars Nova </ref> project. </orgName> 
         </respStmt> 
         <respStmt> 
            <resp>Edited by </resp> 
            <name>Maria Sofia Lannutti </name> 
         </respStmt> 
         <respStmt> 
            <resp>Revised by </resp> 
            <name>Luca Gatti </name> 
         </respStmt> 
         <respStmt> 
            <resp>TEI-encoded by </resp> 
            <name>Elvira Mercatanti </name> 
         </respStmt> 
      </titleStmt> 
      <publicationStmt> 
         <p></p> 
         <!--publisher> Edizioni del Galluzzo </publisher> 
         <pubPlace> Firenze, Italia </pubPlace> 
         <date> 2021 </date> 
         <availability> 
            <p>L'edizione è disponibile su licenza. </p> 
         </availability>            
         <idno type="ISBN"> ISBN </idno> 
         <idno type="DOI"> DOI </idno> 
         <idno type="URI"> permalink della scheda ANT </idno--> 
      </publicationStmt> 
      <sourceDesc> 
         <p></p> 
      </sourceDesc> 
   </fileDesc> 
   <encodingDesc> 
      <variantEncoding method="double-end-point" location="internal"/> 
   </encodingDesc> 
</teiHeader> 
<text> 
   <!-- <front> 
      <div> 
         <p>
            Aggiungi qui l'INTRODUZIONE (se presente). Suddividila in paragrafi ( <p>)
            e marca i corsivi ( <hi rend="italic"> </hi> )
         </p> 
      </div>         
   </front> --> 
   <body> 
      <lg> 
         <l xml:id="l1"> 
            <anchor xml:id="l1a1"/> Astio <anchor xml:id="l1a2"/> non morì mai </l> 
         <l xml:id="l2"> 
            né <anchor xml:id="l2a1"/> pò <anchor xml:id="l2a2"/> morir, al mie parer, per <anchor xml:id="l2a3"/> ora <anchor xml:id="l2a4"/>, </l> 
         <l xml:id="l3"> 
            <anchor xml:id="l3a1"/> in quant’ <anchor xml:id="l3a3"/> i’ <anchor xml:id="l3a4"/> <anchor xml:id="l3a5"/> vegio <anchor xml:id="l3a6"/> <anchor xml:id="l3a2"/> 
            ognora </l> 
         <l xml:id="l4"> 
            <anchor xml:id="l4a1"/> a chi me’ fa <anchor xml:id="l4a2"/> per <anchor xml:id="l4a3"/> asti’ <anchor xml:id="l4a4"/> aver più <anchor xml:id="l4a5"/> guai <anchor xml:id="l4a6"/>.
         </l> 
      </lg> 
      <lg> 
         <l xml:id="l5" n="5"> 
            <anchor xml:id="l5a1"/> Chi è sanza virtù <anchor xml:id="l5a2"/> et è vitioso,
         </l> 
         <l xml:id="l6"> quest’ è lasciato stare; </l> 
         <l xml:id="l7"> 
            di chi ben fa e·rreo n’è <anchor xml:id="l7a1"/> invidïoso <anchor xml:id="l7a2"/> 
         </l> 
         <l xml:id="l8"> perché lui no·l sa fare, </l> 
         <l xml:id="l9"> ma ingegnasi rotare </l> 
         <l xml:id="l10" n="10"> 
            la rota di Fortuna, et mette <anchor xml:id="l10a1"/> al <anchor xml:id="l10a2"/> fondo
         </l> 
         <l xml:id="l11"> chi è degno nel mondo </l> 
         <l xml:id="l12"> di fama; et se ’l ver cerchi, be’ ’l vedrai. </l> 
      </lg> 
   </body> 
   <back> 


      <listWit>            
         <witness xml:id="Pit"> 
            <ref type="siglum" target="#Pit">Pit</ref> 
            c. 112r, <abbr xml:id="PitC">C</abbr> (vv.1-6), <abbr xml:id="PitT">T</abbr> (vv.1-6), <hi rend="italic">resid.</hi> (vv. 7-12)              
         </witness> 

         <witness xml:id="Cil"> 
            <ref type="siglum" target="#Cil">Cil</ref> 
            c. 96v, <abbr xml:id="CilC">C</abbr> (vv.1-6), <abbr xml:id="CicT">T</abbr> (vv.1-6), <hi rend="italic">resid.</hi> (vv.7-12): <hi rend="italic">d(ominus) p(aulus)</hi> 
         </witness> 

         <witness xml:id="SL"> 
            <ref type="siglum" target="#SL">SL</ref> 
            c. 104v, <abbr xml:id="SLC">C</abbr> (vv.1-6), <abbr xml:id="SLT">T</abbr> (vv.1-6), <hi rend="italic">resid.</hi> (vv.7-12): <hi rend="italic">abbas paul(us)</hi> 
         </witness> 
      </listWit> 


      <listApp type="substantial"> 
         <listApp> 
            <head>1 </head> 
            <app from="#l1a1" to="#l1a2"> 
               <lem>Astio </lem> 
               <rdg wit="#SL"> stio </rdg> 
            </app> 
         </listApp> 

         <listApp> 
            <head>2 </head> 
            <app from="#l2a3" to="#l2a4"> 
               <lem>ora </lem> 
               <rdg> o <gap quantity="2" unit="chars" reason="illegible" rend="**"/> <wit><ref corresp="#CilC">Cil<hi rend="super">C</hi></ref></wit></rdg> 
            </app> 
         </listApp> 

         <listApp> 
            <head>3 </head> 
            <app from="#l3a1" to="#l3a2"> 
               <lem>in quant’i’ vegio </lem> 
               <rdg> <gap reason="illegible" rend="ill."/> <wit><ref corresp="#CilC">Cil<hi rend="super">C</hi></ref></wit></rdg> 
            </app> 
         </listApp> 

         <listApp> 
            <head>4 </head> 
            <app from="#l4a1" to="#l4a2"> 
               <lem>a chi me’ fa </lem> 
               <rdg> <gap reason="illegible" rend="ill."/> <wit><ref corresp="#CilC">Cil<hi rend="super">C</hi></ref></wit></rdg> 
            </app> 

            <app from="#l4a5" to="#l4a6"> 
               <lem>guai </lem> 
               <rdg> gu <gap quantity="2" unit="chars" reason="illegible" rend="**"/> <wit><ref corresp="#CilC">Cil<hi rend="super">C</hi></ref></wit> 
               </rdg> 
            </app> 
         </listApp> 

         <listApp> 
            <head>5 </head> 
            <app from="#l5a1" to="#l5a2"> 
               <lem><hi rend="italic"> Chi è sanza virtù </hi></lem> 
               <rdg> <gap reason="illegible" rend="ill."/> <wit><ref corresp="#CilC">Cil<hi rend="super">C</hi></ref></wit> 
               </rdg> 
            </app> 
         </listApp> 

         <listApp> 
            <head>10 </head> 
            <app from="#l10a1" to="#l10a2"> 
               <lem>al </lem> 
               <rdg wit="#SL"> il </rdg> 
            </app> 
         </listApp> 
      </listApp> 



      <listApp type="formal"> 
         <listApp> 
            <head>2 </head> 
            <app from="#l2a1" to="#l2a2"> 
               <lem>pò </lem> 
               <rdg wit="#SL"> può <wit><ref corresp="#PitT">Pit<hi rend="super">T</hi></ref></wit></rdg> 
            </app> 
         </listApp> 

         <listApp> 
            <head>3 </head> 
            <app from="#l3a3" to="#l3a4"> 
               <lem>i’ </lem> 
               <rdg wit="#SL"> io </rdg> 
            </app> 

            <app from="#l3a5" to="#l3a6"> 
               <lem>vegio </lem> 
               <rdg> vegi <wit><ref corresp="#CilT">Cil<hi rend="super">T</hi></ref></wit></rdg> 
            </app>   
         </listApp> 

         <listApp> 
            <head>4 </head>               
            <app from="#l4a3" to="#l4a4"> 
               <lem>asti’ </lem> 
               <rdg> astio <wit><ref corresp="#PitT">Pit<hi rend="super">T</hi></ref></wit> 
               </rdg> 
            </app> 
         </listApp>  

         <listApp> 
            <head>7 </head> 
            <app from="#l7a1" to="#l7a2"> 
               <lem>invidïoso </lem> 
               <rdg wit="#Cil"> nvidioso </rdg> 
            </app> 
         </listApp> 
      </listApp> 
      
      <div type="metricalScheme"> 
         <p>Ballata grande 6’z 10’y 6’y 10’z; 10’a 6’b, 10’a 6’b; 6’b 10’c 6’c 10’z. </p> 
         <p><hi rend="italic"> Pagnotta </hi> 98:57 </p> 
         <p>Rima derivativa e inclusiva ai vv. 2 : 3; rima ricca ai vv. 6 : 9. </p> 
         <p>Punti sottoscritti: v. 3 (<hi rend="italic"> io </hi> ) Pit <hi rend="super">T</hi>, (<hi rend="italic"> vegio </hi>) Pit; v. 4 (<hi rend="italic">astio</hi>) Pit<hi rend="super">T</hi> ; v. 7 (<hi rend="italic">rreo</hi>) Pit. </p>               
      </div> 

      <listBibl type="editions"> 
         <bibl corresp="#Corsi1970"> 
            Corsi 1970, p. 307;
         </bibl>         
         <bibl corresp="#Brumana-Ciliberti1986"> 
            Brumana-Ciliberti 1986, p. 26.
         </bibl>  
      </listBibl> 


      <!-- <listBibl type="bibliography"> 
         <bibl corresp="#"> 
            Sigla 
         </bibl> 
      </listBibl> --> 


      <!-- <div type="commentary"> 
         <note target="# #"> 
            <num></num> 
            <hi rend="italic"> </hi> 
         </note> 
      </div> --> 


      <listBibl type="editionsBibliography"> 
         <bibl xml:id="Corsi1970"> 
            Giuseppe Corsi, <hi rend="italic"> Poesie musicali del Trecento </hi> , Bologna, Commissione per i testi di lingua, 1970 (Collezione di opere inedite o rare, 131)
         </bibl> 

         <bibl xml:id="Brumana-Ciliberti1986"> 
            Biancamaria Brumana, Galliano Ciliberti, <hi rend="italic"> Nuove fonti per lo studio dell’opera di Paolo da Firenze </hi> , «Rivista Italiana di Musicologia», 22 (1986), pp. 3-33
         </bibl> 
      </listBibl> 
   </back> 
</text> 
</TEI> 
