<?xml version="1.0" encoding="UTF-8"?>
<?xml-model href="http://www.tei-c.org/release/xml/tei/custom/schema/relaxng/tei_all.rng" type="application/xml" schematypens="http://relaxng.org/ns/structure/1.0"?>
<?xml-model href="http://www.tei-c.org/release/xml/tei/custom/schema/relaxng/tei_all.rng" type="application/xml"
	schematypens="http://purl.oclc.org/dsdl/schematron"?>
<TEI xmlns="http://www.tei-c.org/ns/1.0">
    <teiHeader>
        <fileDesc>
            <titleStmt>
                <title>Astio non morì mai</title>
                <!--<author><ref target="X"></ref></author>-->
                <respStmt>
                    <resp>Digital scholarly edition created within the ERC</resp>
                    <orgName><ref target="https://www.europeanarsnova.eu/">European Ars Nova</ref>
                        project.</orgName>
                </respStmt>
                <respStmt>
                    <resp>Edited by</resp>
                    <name>Luca Gatti</name> 
                </respStmt>
                <respStmt>
                    <resp>Revised by</resp>
                    <name>Davide Checchi</name>
                </respStmt>
                <respStmt>
                    <resp>TEI-encoding by</resp>
                    <name>Chiara Martignano</name>
                </respStmt>
            </titleStmt>
            <publicationStmt>
                <p/>
                <!--publisher>Edizioni del Galluzzo</publisher>
            <pubPlace>Firenze, Italia</pubPlace>
            <date>2021</date>
            <availability>
               <p>L'edizione è disponibile su licenza.</p>
            </availability>            
            <idno type="ISBN">ISBN</idno>
            <idno type="DOI">DOI</idno>
            <idno type="URI">permalink della scheda ANT</idno-->
            </publicationStmt>
            <sourceDesc>
                <p/>
            </sourceDesc>
        </fileDesc>
        <encodingDesc>
            <variantEncoding method="double-end-point" location="internal"/>
        </encodingDesc>
    </teiHeader>
    <text>
        <front> 
         <div> 
            <p>
                Medesimo <hi rend="italic">incipit</hi> è offerto da una ballata grande di
                Paolo da Firenze (ed. ArsNova), fra l’altro simile per tematica: entrambi i
                testi, ad esempio, convergono sull’immagine della ruota della fortuna
                (per cui vedi <hi rend="italic">infra</hi>, nota ai vv. 8-10).
            </p> 
         </div>         
      </front>
        <body>
            <lg>
                <l xml:id="l1">
                    <anchor xml:id="l1a3"/>Astio non <anchor xml:id="l1a1"/>morì<anchor xml:id="l1a2"/> mai,<anchor xml:id="l1a4"/>
                </l>
            </lg>
            <lg>
                <l xml:id="l2">
                    nel foco <anchor xml:id="l2a1"/>sempre<anchor xml:id="l2a2"/> ardendo,
                </l>
                <l xml:id="l3">
                    consumasi stridendo
                </l>
                <l xml:id="l4">
                    con dolore et con guai;
                </l>
            </lg>
            <lg>                
                <l xml:id="l5" n="5">
                    le bilance al cul porta	
                </l>
                <l xml:id="l6">
                    per tener ragion torta
                </l>
                <l xml:id="l7">
                    a·ttuta gente mai;
                </l>
            </lg>
            <lg>
                <l xml:id="l8">
                    ignudo, in cuffia et in braca;
                </l>
                <l xml:id="l9">
                    sotto la rota vaca
                </l>
                <l xml:id="l10" n="10">
                    sança levarsi mai.
                </l>
            </lg>
            
        </body>



        <back>
            <listWit>
                <witness xml:id="Sq">
                    <ref type="siglum" target="#Sq">Sq</ref> c. 187r, <abbr xml:id="SqC">C</abbr> (vv. 1-2), <abbr xml:id="SqT">T</abbr> (vv. 1-2), <abbr xml:id="SqCt">Ct</abbr> (vv. 1-3), <hi rend="italic">resid.</hi> (vv. 5-10): <hi rend="italic">magister frater andreas horghanista de florentia</hi>
                </witness>
            </listWit>


            <listApp type="substantial">               
               <listApp>
                   <head>1</head>
                   <app from="#l1a1" to="#l1a2">
                       <lem>morì</lem>
                       <rdg>mo
                           <wit><ref corresp="#SqCt">Sq<hi rend="super">Ct</hi></ref></wit></rdg>
                   </app>
                </listApp>
            </listApp>



            <listApp type="formal">
                <listApp>
                    <head>1</head>
                    <app from="#l1a3" to="#l1a4">
                        <lem>Astio ... mai</lem>
                        <rdg>astio non mori may. astio non mori may
                            <wit><ref corresp="#SqC">Sq<hi rend="super">C</hi></ref></wit></rdg>
                        <rdg>astio non mori. astio non mori. astio non mori. astio non mori. may
                            <wit><ref corresp="#SqT">Sq<hi rend="super">T</hi></ref></wit></rdg>
                        <rdg>astio non mo. astio non mori may
                            <wit><ref corresp="#SqCt">Sq<hi rend="super">Ct</hi></ref></wit></rdg>
                    </app>
                </listApp>
                <listApp>
                    <app from="l2a1" to="l2a2">
                        <lem>sempre</lem>
                        <rdg>sempr
                            <wit><ref corresp="#SqT">Sq<hi rend="super">T</hi></ref></wit></rdg>
                    </app>
                </listApp>
            </listApp>
            

            <div type="commentary">
                <note target="#l1">
                    <num>1.</num>
                    La ripresa è legata sintatticamente a tutte le strofe, ragion per cui si è
                    deciso di chiudere il verso con una virgola, non con il punto fermo
                    (come gli editori precedenti).
                    ▪ <hi rend="italic">Astio</hi>: valga, qui e altrove, come sinonimo di
                    ‘invidia’; basti dire che il dittico <hi rend="italic">astio-invidia</hi>
                    è assai diffuso in testi toscani dei secc. XIII-XIV (cfr. <bibl corresp="#TLIO"><hi rend="italic">TLIO</hi></bibl>, s.v.),
                    e trova peraltro riscontro in un detto proverbiale:
                    <hi rend="italic">«Tuto more, ma no l’invidia,</hi> Invidia ed astio non morì mai<hi rend="italic">»</hi>
                    (<bibl corresp="Patriarchi1796">Patriarchi 1796</bibl>, s.v. <hi rend="italic">Invidia</hi>).
                </note>
                <note target="#l7">
                    <num>7.</num>
                    <hi rend="italic">a·ttuta</hi>:
                    il raddoppiamento fonosintattico è mantenuto da Li Gotti, che stampa <hi rend="italic">a ttuta</hi>,
                    ma non da Corsi (a testo: <hi rend="italic">a tuta</hi>).
                </note>
                <note target="#l8">
                    <num>8.</num>
                    <hi rend="italic">et</hi>:
                    sciolgono in e la nota tironiana Li Gotti e Corsi.
                </note>
                <note target="#l8 #l9 #l10">
                    <num>8-10.</num>
                    Cfr. Paolo da Firenze, <hi rend="italic">Astio non morì</hi>
                    (ed. ArsNova), vv. 9-12: «ma ingegnasi rotare / la rota di Fortuna, et mette al fondo / chi è degno nel mondo / di fama; et se ’l ver cerchi, be’ ’l vedrai».
                </note>
                <note target="#l9">
                    <num>9.</num>
                    <hi rend="italic">rota</hi>: nel ms. il tratto ascendente di
                    <hi rend="italic">r</hi> non è affatto eseguito; a sostegno
                    della lettura che qui si dà, andrà notato che il tratto verticale, invece,
                    pare del tutto assimilabile a quello tipico di <hi rend="italic">r</hi>
                    (non, quindi, di <hi rend="italic">i</hi>).
                    ▪ <hi rend="italic">vaca</hi>: ‘vaga’, cioè ‘gira su se stessa’ (cfr. <bibl corresp="#TLIO"><hi rend="italic">TLIO</hi></bibl>, s.v. <hi rend="italic">vagare</hi>).
                </note>
            </div>

            <div type="metricalScheme">
                <p>
                    Ballata minima 6’z; 6’a, 6’a; 6’z.
                </p>
                <p>
                    <hi rend="italic">Pagnotta</hi> 49 : 28.
                </p>
                <p>
                    Rima equivoca-identica (<hi rend="italic">mot-refrain</hi>) ai vv. 1 : 7 : 10; rima ricca ai vv. 2 : 3.
                </p>
                <p>
                    Analoga forma e struttura metrica, al netto dell’assonanza ai vv. 7 e 10
                    (<hi rend="italic">otto</hi> : <hi rend="italic">scotto</hi>, ma : <hi rend="italic">-oppo</hi>),
                    si riscontra in <hi rend="italic">Nessun se fidi troppo</hi> di Matteo Griffoni
                    (cfr. <hi rend="italic">Pagnotta</hi> 49 : 27; il parallelo fra le due ballate è
                    suggerito da <bibl corresp="#LiGotti1944">Li Gotti 1944, p. 166, nota 2</bibl>;
                    <hi rend="italic">contra</hi> <bibl corresp="#Corsi1970">Corsi 1970, p. 290</bibl>).
                    Secondo <bibl corresp="#Corsi1970">Corsi 1970, p. 290</bibl>, ai vv. 1 : 7 : 10
                    si rinviene rima equivoca; d’altra parte, <hi rend="italic">mai</hi> sembra pure costituire sia
                    <hi rend="italic">mot-refrain</hi> – in sede diversa –, sia parola ripetuta in rima identica
                    (così <hi rend="italic">Pagnotta</hi> 49 : 28). Si propone di adottare la dicitura di
                    equivoca-identica (secondo l’uso di <bibl corresp="#Antonelli1979">Antonelli 1979</bibl>).
                </p>
            </div>


            <listBibl type="editions">
                <bibl corresp="#LiGotti1944">Li Gotti 1944, p. 166;</bibl>  
                <bibl corresp="#Corsi1970">Corsi 1970, p. 289.</bibl>   
            </listBibl>


            <listBibl type="editionsBibliography">
                <bibl xml:id="Corsi1970">
                    <hi rend="italic">Poesie musicali del Trecento</hi>, a cura di G. Corsi, Bologna, Commissione per i testi di lingua, 1970 (Collezione di opere inedite o rare, 131)
                </bibl>
                <bibl xml:id="LiGotti1944">
                    Ettore Li Gotti, <hi rend="italic">Poesie musicali italiane del sec. XIV</hi>, in «Atti della Reale Accademia di scienze, lettere e arti di Palermo», IV/2 (1944), pp. 99-167
                </bibl>
                <bibl xml:id="Antonelli1979">
                    Roberto Antonelli, <hi rend="italic">"Equivocatio" e "repetitio" nella lirica trobadorica</hi>, in Id., <hi rend="italic">Seminario Romanzo</hi>, Roma, Bulzoni, 1979, pp. 113-154
                </bibl>
                <bibl xml:id="TLIO">
                    <hi rend="italic">Tesoro della Lingua italiana delle Origini</hi> (<ref target="http://tlio.ovi.cnr.it/TLIO/">http://tlio.ovi.cnr.it/TLIO/</ref>)
                </bibl>
                <bibl xml:id="Patriarchi1796">Gaspare Patriarchi, <hi rend="italic">Vocabolario veneziano e padovano co' termini e modi corrispondenti toscani in questa seconda edizione ricorretto, e notabilmente accresciuto dall'autore</hi>, Padova, Conzatti, 1796</bibl>
                
            </listBibl>
            
            <listBibl type="bibliography">
                <bibl>
                    Antonelli 1979
                    <relatedItem>
                        <bibl>Roberto Antonelli, <hi rend="italic">"Equivocatio" e "repetitio" nella lirica trobadorica</hi>, in Id., <hi rend="italic">Seminario Romanzo</hi>, Roma, Bulzoni, 1979, pp. 113-154
                        </bibl>
                    </relatedItem>
                </bibl>
                <bibl>TLIO
                    <relatedItem><bibl>
                    <hi rend="italic">Tesoro della Lingua italiana delle Origini</hi> (<ref target="http://tlio.ovi.cnr.it/TLIO/">http://tlio.ovi.cnr.it/TLIO/</ref>)
                </bibl>
                    </relatedItem>
                </bibl>
                <bibl>Patriarchi 1796
                    <relatedItem>
                <bibl>Gaspare Patriarchi, <hi rend="italic">Vocabolario veneziano e padovano co' termini e modi corrispondenti toscani in questa seconda edizione ricorretto, e notabilmente accresciuto dall'autore</hi>, Padova, Conzatti, 1796</bibl>
                    </relatedItem>
                </bibl>
            </listBibl>
        </back>
    </text>
</TEI>
