<?xml version="1.0" encoding="UTF-8"?>
<?xml-model href="http://www.tei-c.org/release/xml/tei/custom/schema/relaxng/tei_all.rng" type="application/xml" schematypens="http://relaxng.org/ns/structure/1.0"?>
<?xml-model href="http://www.tei-c.org/release/xml/tei/custom/schema/relaxng/tei_all.rng" type="application/xml"
	schematypens="http://purl.oclc.org/dsdl/schematron"?>
<TEI xmlns="http://www.tei-c.org/ns/1.0">
    <teiHeader>
        <fileDesc>
            <titleStmt>
                <title>Avendo me’ falcon tanto seguito</title>
                <respStmt>
                    <resp>Digital scholarly edition created within the </resp>
                    <orgName><ref target="https://www.europeanarsnova.eu/">European Ars Nova</ref> ERC project.</orgName>
                </respStmt>
                <respStmt>
                    <resp>Edited by</resp>
                    <name>Maria Sofia Lannutti</name>
                </respStmt>
                <respStmt>
                    <resp>Revised by</resp>
                    <name>Vittoria Brancato</name>
                </respStmt>
                <respStmt>
                    <resp>TEI-encoded by</resp>
                    <name>Carla Congiu</name>
                </respStmt>
            </titleStmt>
            <publicationStmt>
                <p></p>
                <!--publisher>Edizioni del Galluzzo</publisher>
            <pubPlace>Firenze, Italia</pubPlace>
            <date>2021</date>
            <availability>
               <p>L'edizione è disponibile su licenza.</p>
            </availability>            
            <idno type="ISBN">ISBN</idno>
            <idno type="DOI">DOI</idno>
            <idno type="URI">permalink della scheda ANT</idno-->
            </publicationStmt>
            <sourceDesc>
                <p></p>
            </sourceDesc>
        </fileDesc>
        <encodingDesc>
            <variantEncoding method="double-end-point" location="internal"/>
        </encodingDesc>
    </teiHeader>
    <text>
        <!--front>
            <div>
                <p>
                </p>
            </div>         
        </front-->
        <body>
            <lg>
                <l xml:id="l1">
                    <anchor xml:id="l1a1"/><supplied>[A]</supplied>vendo<anchor xml:id="l1a2"/> me’ falcon tanto seguito
                </l>
                <l xml:id="l2">
                    per gran <anchor xml:id="l2a1"/>pallude<anchor xml:id="l2a2"/>, che calar lo vidi 
                </l>
                <l xml:id="l3">
                    de fin in terra pur traendo gridi, 
                </l>
                <l xml:id="l4">
                    <supplied>[…]</supplied>
                </l>
                <l xml:id="l5" n="5">
                    <supplied>[…]</supplied>
                </l>
                <l xml:id="l6">
                    <supplied>[…]</supplied>
                </l>
            </lg>
            <lg>
                <l xml:id="l7">
                    <anchor xml:id="l7a1"/>Pascisce<anchor xml:id="l7a2"/> alocta cum pocheta lena, 
                </l>
                <l xml:id="l8">
                    però che nel volar porta gran pena. 
                </l>
            </lg>
        </body>
        <back>
            <listWit>
                    <witness xml:id="R">
                        <ref type="siglum" target="#R">R</ref>
                        c. <locus>30r</locus>, <abbr xml:id="RC">C</abbr> (vv. 1-5), <abbr xml:id="RT">T</abbr> (vv. 1-5)
                    </witness>
            </listWit>
            <listApp type="substantial">
                <listApp>
                    <head>1</head>
                    <app from="#l1a1" to="#l1a2">
                        <lem>Avendo</lem>
                        <rdg wit="#R">vendo</rdg>
                    </app>
                </listApp>
                <listApp>
                    <head>7</head>
                    <app from="#l7a1" to="#l7a2">
                        <lem>Pascisce</lem>
                        <rdg>pasesse <wit><ref target="#RT">R<hi rend="super">T</hi></ref></wit></rdg>
                    </app>
                </listApp>
            </listApp>
            <listApp type="formal">
                <listApp>
                    <head>2</head>
                    <app from="#l2a1" to="#l2a2">
                        <lem>pallude</lem>
                         <rdg>palude <wit><ref target="#RT">R<hi rend="super">T</hi></ref></wit></rdg>
                    </app>
                </listApp>
            </listApp>
            <div type="metricalScheme">
                <p>Madrigale 10’a 10’b 10’b, […]; 10’m 10’m.</p>
                <p><hi rend="italic">Capovilla</hi> LVIII.</p>
            </div>
            <listBibl type="editions">
                <bibl corresp="#Wilkins1964">
                   Wilkins 1964, p. 174;
                </bibl>
                <bibl corresp="#Fantini2020">
                    Fantini 2021, pp. 370-2.
                </bibl>
            </listBibl>
            <!--div type="commentary">
            </div-->
            <listBibl type="editionsBibliography">
                <bibl xml:id="Wilkins1964">
                    N. Wilkins, <hi rend="italic">A critical edition of the French and Italian texts and music contained in the Codex Reina</hi>, PhD Thesis, University of Nottingham, 1964
                </bibl>
                <bibl xml:id="Fantini2021">
                    S. M. Fantini, <hi rend="italic"> Il codice F-PN6771 (Reina): contenuto, struttura, generi</hi>, tesi di dottorato, Università di Siena, 2021
                </bibl>
            </listBibl>
        </back>
    </text>
</TEI>
