<?xml version="1.0" encoding="UTF-8"?>
<?xml-model href="http://www.tei-c.org/release/xml/tei/custom/schema/relaxng/tei_all.rng" type="application/xml" schematypens="http://relaxng.org/ns/structure/1.0"?>
<?xml-model href="http://www.tei-c.org/release/xml/tei/custom/schema/relaxng/tei_all.rng" type="application/xml"
	schematypens="http://purl.oclc.org/dsdl/schematron"?>
<TEI xmlns="http://www.tei-c.org/ns/1.0">
   <teiHeader>
      <fileDesc>
         <titleStmt>
            <title>Belle sans per, d’haulte douchour paree</title>
            <respStmt>
               <resp>Digital scholarly edition created within the ERC</resp>
               <orgName><ref target="https://www.europeanarsnova.eu/">European Ars Nova</ref> project.</orgName>
            </respStmt>
            <respStmt>
                <resp>Edited by</resp>
                <name>Maria Sofia Lannutti</name> 
            </respStmt>
            <respStmt>
                <resp>Revised by</resp>
                <name>Luca Gatti</name>
            </respStmt>
             <respStmt>
                <resp>TEI-encoded by</resp>
                <name>Letizia Ricci</name>
            </respStmt>
         </titleStmt>
         <publicationStmt>
            <p></p>
            <!--publisher>Edizioni del Galluzzo</publisher>
            <pubPlace>Firenze, Italia</pubPlace>
            <date>2021</date>
            <availability>
               <p>L'edizione è disponibile su licenza.</p>
            </availability>
            <idno type="ISBN">ISBN</idno>
            <idno type="DOI">DOI</idno>
            <idno type="URI">permalink della scheda ANT</idno-->
         </publicationStmt>
         <sourceDesc>
            <p></p>
         </sourceDesc>
      </fileDesc>
      <encodingDesc>
         <variantEncoding method="double-end-point" location="internal"/>
      </encodingDesc>
   </teiHeader>
    <text>
        <!-- <front>
            <div>
            </div>
        </front> -->
      <body>
         <lg>
            <l xml:id="l1">
                Belle sans per, d’haulte douchour paree,
            </l>
            <l xml:id="l2">
                de bien, d’honour et de toute vaillance,
            </l>
            <l xml:id="l3">
                je vous suppli, sans faire delayance,
            </l>
            <l xml:id="l4">
                renvoiiés moy vers vo chiere contree.
            </l>
        </lg>
        <lg>
            <l xml:id="l5" n="5">
                Car bien savés, ma seule desiree,
            </l>
            <l xml:id="l6">
                que soubgis sui de vo noble acointance,
            </l>
            <l xml:id="l7">
                ne en aultre part poroit estre fermee
            </l>
            <l xml:id="l8">
                ma volanté, ce sachiés sans doubtance.
            </l>
            <l xml:id="l9">
                Ainsi sera jusques a ma finee
            </l>
            <l xml:id="l10" n="10">
                par vous servir et faire obeïssance,
            </l>
            <l xml:id="l11">
                com doit amans par tres fine alliance:
            </l>
            <l xml:id="l12">
                or faites donc que de brief soit ma alee.
            </l>
        </lg>
      </body>
      <back>
         <listWit>
            <witness xml:id="MoA">
                <ref type="siglum" target="#MoA">MoA</ref>
                c. <locus>43r</locus>, <abbr xml:id="MoAC">C</abbr> (vv. 1-8), <hi rend="italic">resid.</hi>(vv. 9-12): <hi rend="italic">idem [c. 42r: m(attheus) de p(er)usio]</hi>
            </witness>
         </listWit>
         <!--<listApp type="substantial">
             <listApp>
                <head></head>
                <app from="#l a" to="#l a">
                    <lem></lem>
                    <rdg></rdg>
                </app>
            </listApp>
         </listApp> -->
         <div type="metricalScheme">
            <p>
                <hi rend="italic">Virelai</hi>10’a 10’b 10’b 10’a; 10’a 10’b, 10’a 10’b; 10’a 10’b 10’b 10’a.
            </p>
            <p>
                Punti sottoscritti: v. 7 (<hi rend="italic">ne</hi>) MoA.
            </p>
         </div>
         <listBibl type="editions">
            <bibl corresp="#Apel-Rosenberg1970">
                Apel-Rosenberg 1970, p. <hi rend="small-caps">LVIII</hi>.
            </bibl>
         </listBibl>
         <!--listBibl type="bibliography">
            <bibl>
               <relatedItem>
                  <bibl>Riferimento bibliografico completo</bibl>
               </relatedItem>
            </bibl>
         </listBibl-->
          <!-- <div type="commentary">
            <note target="#">
                <num></num>
                <p></p>
            </note>
         </div> -->
         <listBibl type="editionsBibliography">
            <bibl xml:id="Apel-Rosenberg1970">
                <hi rend="italic">French Secular Compositions of the Fourteenth Century: Vol. I, Ascribed Compositions</hi>, ed. by W. Apel, edition of the literary texts by S. N. Rosenberg, Roma, American Institute of Musicology, 1970 (CMM, 53/1).
            </bibl>
         </listBibl>
      </back>
   </text>
</TEI>
