<?xml version="1.0" encoding="UTF-8"?>
<?xml-model href="http://www.tei-c.org/release/xml/tei/custom/schema/relaxng/tei_all.rng" type="application/xml" schematypens="http://relaxng.org/ns/structure/1.0"?>
<?xml-model href="http://www.tei-c.org/release/xml/tei/custom/schema/relaxng/tei_all.rng" type="application/xml"
	schematypens="http://purl.oclc.org/dsdl/schematron"?>
<TEI xmlns="http://www.tei-c.org/ns/1.0">
   <teiHeader>
      <fileDesc>
         <titleStmt>
            <title> Bella granata fra le fioro sète</title>
            <!--<author><ref target="X"></ref></author>-->
            <respStmt>
               <resp>Digital scholarly edition created within the ERC</resp>
               <orgName><ref target="https://www.europeanarsnova.eu/">European Ars Nova</ref>
                  project.</orgName>
            </respStmt>
            <respStmt>
               <resp>Edited by</resp>
               <name>Maria Sofia Lannutti</name>
            </respStmt>
            <respStmt>
               <resp>Revised by</resp>
               <name>Luca Gatti</name>
            </respStmt>
            <respStmt>
               <resp>TEI-encoded by</resp>
               <name>Elvira Mercatanti</name>
            </respStmt>
         </titleStmt>
         <publicationStmt>
            <p/>
            <!--publisher>Edizioni del Galluzzo</publisher>
            <pubPlace>Firenze, Italia</pubPlace>
            <date>2021</date>
            <availability>
               <p>L'edizione è disponibile su licenza.</p>
            </availability>            
            <idno type="ISBN">ISBN</idno>
            <idno type="DOI">DOI</idno>
            <idno type="URI">permalink della scheda ANT</idno-->
         </publicationStmt>
         <sourceDesc>
            <p/>
         </sourceDesc>
      </fileDesc>
      <encodingDesc>
         <variantEncoding method="double-end-point" location="internal"/>
      </encodingDesc>
   </teiHeader>
   <text>
      <!--<front> 
         <div> 
            <p>
               Aggiungi qui l'INTRODUZIONE (se presente). Suddividila in paragrafi (<p>)
               e marca i corsivi (<hi rend="italic"> </hi> )
            </p> 
         </div>         
      </front> -->
      <body>
         <lg>
            <l xml:id="l1"> Bella granata fra le fioro sète</l>
            <l xml:id="l2"> che va cantando ço per la foresta:</l>
            <l xml:id="l3"> «Veniti, amanti, ala liçadra festa,</l>
            <l xml:id="l4"> <anchor xml:id="l4a1"/>do’<anchor xml:id="l4a2"/> maritate son <anchor xml:id="l4a3"/>e<anchor xml:id="l4a4"/> vedoete,</l>
            <l xml:id="l5" n="5"> che berna con çirlande <anchor xml:id="l5a1"/>de<anchor xml:id="l5a2"/> cinestra:</l>
            <l xml:id="l6"> à ’l bel pe’ porto dela çentil vesta!».</l>
         </lg>

      </body>



      <back>
         <listWit>
            <witness xml:id="Rs">
               <ref type="siglum" target="#Rs">Rs</ref> 
               c. 2r, <abbr xml:id="RsC">C</abbr> (vv. 1-3), <abbr xml:id="RsT">T</abbr> (vv. 1-3), <hi rend="italic"> resid.</hi> (vv. 4-6) </witness>
         </listWit>


         <listApp type="substantial">
            <listApp>
               <head>4</head>
               <app from="#l4a1" to="#l4a2">
                  <lem>do’</lem>
                  <rdg wit="Rs"> done</rdg>
               </app>
               
               <app from="#l4a3" to="#l4a4">
                  <lem>e</lem>
                  <rdg wit="#Rs"> le</rdg>
               </app>
            </listApp>
            
            <listApp>
               <head>5</head>
               <app from="#l5a1" to="l5a2">
                  <lem>de</lem>
                  <rdg wit="#Rs"> de de</rdg>
               </app>               
            </listApp>
         </listApp>



         <!--<listApp type="formal">
                   
         </listApp> -->


         <div type="metricalScheme">
            <p>Madrigale privo di ritornello 10’a 10’b 10’b, 10’a 10’b 10’b.</p>
            <p>Rima imperfetta (assonanza) al v. 5.</p>
            <p><hi rend="italic"> Capovilla </hi> XXVI. </p>
         </div>


         <listBibl type="editions">
            
            <bibl corresp="#LiGotti1944"> Li Gotti 1944, p. 123;</bibl>
            
            <bibl corresp="#Sesini1943-1950"> Sesini 1943-1950, p. 219;</bibl>
            
            <bibl corresp="#Corsi1969"> Corsi 1969, p. 1048;</bibl>
            
            <bibl corresp="#Corsi1970"> Corsi 1970, pp. 327-8;</bibl>
            
            <bibl corresp="#Pirrotta1992"> Pirrotta 1992, p. 27;</bibl>

            <bibl corresp="#Sucato2003"> Sucato 2003, p. 71.</bibl>
         </listBibl>


         <!--<listBibl type="bibliography">
            <bibl corresp="#">
            </bibl>
         </listBibl>-->


         <div type="commentary">
            <note target="#l5">
               <num>5.</num>
               <p><hi rend="italic">berna</hi>: ‘cantano’.</p>
            </note>
         </div>


         <listBibl type="editionsBibliography">
            
            <bibl xml:id="LiGotti1944"> E. Li Gotti, <hi rend="italic">Poesie musicali italiane del
               sec. XIV</hi>, «Atti della Reale Accademia di scienze, lettere e arti di Palermo»,
               IV/2 (1944), pp. 99-167</bibl>
            
            <bibl xml:id="Sesini1943-1950"> U. Sesini, <hi rend="italic">Il canzoniere musicale
               trecentesco del codice Vatic. Rossiano 215</hi>, «Studi medievali», n.s., 16
               (1943-1950), pp. 212-236</bibl>
            
            <bibl xml:id="Corsi1969"> G. Corsi, <hi rend="italic">Rimatori del Trecento</hi>, Torino, UTET, 1969</bibl>

            <bibl xml:id="Corsi1970"> Giuseppe Corsi, <hi rend="italic">Poesie musicali del
               Trecento</hi>, Bologna, Commissione per i testi di lingua, 1970 (Collezione di
               opere inedite o rare, 131)</bibl>
            
            <bibl xml:id="Pirrotta1992"> N. Pirrotta, <hi rend="italic">Il codice Rossi 215 della
               Biblioteca Apostolica Vaticana. Con i frammenti della fondazione Opera pia don
               Giuseppe Greggiati di Ostiglia</hi>, Lucca, LIM, 1992</bibl>
            
            <bibl xml:id="Sucato2003"> Tiziana Sucato, <hi rend="italic">Il codice rossiano 215.
               Madrigali, ballate, una caccia, un rotondello</hi>, Pisa, ETS, 2003 («Diverse
               voci...» 1)</bibl>
         </listBibl>
      </back>
   </text>
</TEI>
