<?xml version="1.0" encoding="UTF-8"?>
<?xml-model href="http://www.tei-c.org/release/xml/tei/custom/schema/relaxng/tei_all.rng" type="application/xml" schematypens="http://relaxng.org/ns/structure/1.0"?>
<?xml-model href="http://www.tei-c.org/release/xml/tei/custom/schema/relaxng/tei_all.rng" type="application/xml"
	schematypens="http://purl.oclc.org/dsdl/schematron"?>
<TEI xmlns="http://www.tei-c.org/ns/1.0">
    <teiHeader>
        <fileDesc>
            <titleStmt>
                <title>Bien dire et sagement parler</title>
                <respStmt>
                    <resp>Digital scholarly edition created within the </resp>
                    <orgName><ref target="https://www.europeanarsnova.eu/">European Ars Nova</ref> ERC project.</orgName>
                </respStmt>
                <respStmt>
                    <resp>Edited by</resp>
                    <name>Maria Sofia Lannutti</name>
                </respStmt>
                <respStmt>
                    <resp>Revised by</resp>
                    <name>Vittoria Brancato</name>
                </respStmt>
                <respStmt>
                    <resp>TEI-encoded by</resp>
                    <name>Carla Congiu</name>
                </respStmt>
            </titleStmt>
            <publicationStmt>
                <p></p>
                <!--publisher>Edizioni del Galluzzo</publisher>
            <pubPlace>Firenze, Italia</pubPlace>
            <date>2021</date>
            <availability>
               <p>L'edizione è disponibile su licenza.</p>
            </availability>            
            <idno type="ISBN">ISBN</idno>
            <idno type="DOI">DOI</idno>
            <idno type="URI">permalink della scheda ANT</idno-->
            </publicationStmt>
            <sourceDesc>
                <p></p>
            </sourceDesc>
        </fileDesc>
        <encodingDesc>
            <variantEncoding method="double-end-point" location="internal"/>
        </encodingDesc>
    </teiHeader>
    <text>
        <!--front>
            <div>
                <p>
                </p>
            </div>         
        </front-->
        <body>
            <lg>
                <l xml:id="l1">
                    <anchor xml:id="l1a1"/>Bien dire et sagement parler
                </l>
                <l xml:id="l2">
                    doit de cascun qui vuelt a bien venir, 
                </l>
                <l xml:id="l3">
                    et sur soy meismes regarder
                </l>
                <l xml:id="l4">
                    avant qu’il die de nulluy desplaysir,<anchor xml:id="l4a1"/>
                </l>
                <l xml:id="l5" n="5">
                    <anchor xml:id="l5a1"/>car<anchor xml:id="l5a2"/> mesdisans voit on <anchor xml:id="l5a3"/>souvent mentir<anchor xml:id="l5a4"/>.
                </l>
                <l xml:id="l6">
                    <anchor xml:id="l6a1"/>Tousdis sur les<anchor xml:id="l6a2"/> bons ont grant envie: 
                </l>
                <l xml:id="l7">
                    <hi rend="italic">maldite soit <anchor xml:id="l7a1"/>dont<anchor xml:id="l7a2"/> leur conpaignie.</hi>
                </l>
            </lg>
            <lg>
                <l xml:id="l8">
                    <anchor xml:id="l8a1"/>Les uns ne font que controuver
                </l>
                <l xml:id="l9">
                    honte et domage, et grant blasme acquerir 
                </l>
                <l xml:id="l10" n="10">
                    sur ceulz qui bien sont <anchor xml:id="l10a1"/><supplied>[en]</supplied><anchor xml:id="l10a2"/> <anchor xml:id="l10a3"/>am<supplied>[e]</supplied>r<anchor xml:id="l10a4"/>,
                </l>
                <l xml:id="l11">
                    pour tout leur pris abatre et amentir.
                </l>
                <l xml:id="l12">
                    Ainsi les voudroyent du tout honnir
                </l>
                <l xml:id="l13">
                    par leur enort et <anchor xml:id="l13a1"/><supplied>[leur]</supplied><anchor xml:id="l13a2"/> janglerie:
                </l>
                <l xml:id="l14">
                    <hi rend="italic">maldite soit dont leur conpaignie.</hi>
                </l>
            </lg>
            <lg>
                <l xml:id="l15" n="15">
                    Les aultres fon de biau parler
                </l>
                <l xml:id="l16">
                    et par senblant vuelent chascun servir,
                </l>
                <l xml:id="l17">
                    mais devant ne font que flater,
                </l>
                <l xml:id="l18">
                    car par derrier jamais et pour mourir
                </l>
                <l xml:id="l19">
                    de mesdire ne se <anchor xml:id="l19a1"/>pou<supplied>[v]</supplied>ent<anchor xml:id="l19a2"/> tenir.
                </l>
                <l xml:id="l20" n="20">
                    Si pry chascun que de bon cuer die:
                </l>
                <l xml:id="l21">
                    <hi rend="italic">«maldite soit dont leur conpaignie».</hi><anchor xml:id="l21a1"/>
                </l>
            </lg>
        </body>
        <back>
            <listWit>
                <witness xml:id="Ch">
                    <ref type="siglum" target="#Ch">Ch</ref>
                    c. <locus>51r</locus>, <abbr xml:id="ChC">C</abbr> (vv. 1-7), <hi rend="italic">resid.</hi> (vv. 8-21)
                </witness>
                <witness xml:id="Ca3">
                    <ref type="siglum" target="#Ca3">Ca3</ref>
                    c. <locus>3r</locus> (leggibili solo i vv. 5-7)
                </witness>
            </listWit>
            <listApp type="substantial">
                <listApp>
                    <head>1-4</head>
                    <app from="#l1a1" to="#l4a1">
                        <rdg wit="#Ca3"/>
                    </app>
                </listApp>
                <listApp>
                    <head>5</head>
                    <app from="#l5a1" to="#l5a2">
                        <lem>car</lem>
                        <rdg wit="#Ca3"><gap reason="illegible" rend="ill."/></rdg>
                    </app>
                    <app from="#l5a3" to="#l5a4">
                        <lem>souvent mentir</lem>
                        <rdg wit="#Ca3"><gap reason="illegible" rend="ill."/></rdg>
                    </app>
                </listApp>
                <listApp>
                    <head>6</head>
                    <app from="#l6a1" to="#l6a2">
                        <lem>Tousdis sur les</lem>
                        <rdg wit="#Ca3"><gap reason="illegible" rend="ill."/></rdg>
                    </app>
                </listApp>
                <listApp>
                    <head>7</head>
                    <app from="#l7a1" to="#l7a2">
                        <lem>dont</lem>
                        <rdg wit="#Ca3">toute</rdg>
                    </app>
                </listApp>
                <listApp>
                    <head>8-21</head>
                    <app from="#l8a1" to="#l21a1">
                        <rdg wit="#Ca3"/>
                    </app>
                </listApp>
                <listApp>
                    <head>10</head>
                    <app from="#l10a1" to="#l10a2">
                        <lem>en</lem>
                        <rdg wit="#Ch"></rdg>
                    </app>
                    <app from="#l10a3" to="#l10a4">
                        <lem>amer</lem>
                        <rdg wit="#Ch">amor</rdg>
                    </app>
                </listApp>
                <listApp>
                    <head>13</head>
                    <app from="#l13a1" to="#l13a2">
                        <lem>leur</lem>
                        <rdg wit="#Ch"></rdg>
                    </app>
                </listApp>
                <listApp>
                    <head>19</head>
                    <app from="#l19a1" to="#l19a2">
                        <lem>pouvent</lem>
                        <rdg wit="#Ch">pourovent</rdg>
                    </app>
                </listApp>
            </listApp>
            <!--listApp type="formal">
            </listApp-->
            <div type="metricalScheme">
                <p><hi rend="italic">Ballade</hi> 8a 10b, 8a 10b; 10b 9ʼc 9ʼC.</p>
                <p>Rima derivativa e inclusiva ai vv. 5 : 11; rima identica ai vv. 1 : 15; rima ricca ai vv. 2 : 12, 9 : 18.</p>
            </div>
            <listBibl type="editions">
                <bibl corresp="#Apel-Rosenberg1971">
                    Apel-Rosenberg 1971, pp. XXII-XXIII.
                </bibl>
            </listBibl>
            <div type="commentary">
                <note target="#l6">
                    <num>6.</num>
                    Il costrutto <hi rend="italic">avoir envie sur quelqu’un</hi> significa ‘essere ostile verso qualcuno’ (cfr. <hi rend="italic">DMF</hi>, s.v. <hi rend="italic">envie</hi> § A. 1).
                </note>
                <note target="#l15">
                    <num>15.</num>
                    <hi rend="italic">biau parler</hi>: con valore sostantivato ‘parole amabili, benvolenti’.
                </note>
                <note target="#l18">
                    <num>18.</num>
                    <hi rend="italic">pour morir</hi>: l’espressione vale ‘per niente al mondo’, ‘a costo di morire’.
                </note>
                <note target="#l19">
                    <num>19.</num>
                    Correggo il condizionale di Ch <hi rend="italic">pourovent</hi> con l'indicativo <hi rend="italic">pouvent</hi>, più congruo nel contesto e soprattutto con il corretto numero di sillabe (altrimenti il verso sarebbe ipermetro di una sillaba).
                </note>
            </div>
            <listBibl type="editionsBibliography">
                <bibl xml:id="Apel-Rosenberg1971">
                    Willi Apel, <hi rend="italic">French Secular Compositions of the Fourteenth Century II. Anonymous Ballades</hi>, edition of the Literary Texts by Samuel Rosenberg, Rome, American Institute of Musicology, 1971 (CMM, 53/2).
                </bibl>
            </listBibl>
        </back>
    </text>
</TEI>
