<?xml version="1.0" encoding="UTF-8"?>
<?xml-model href="http://www.tei-c.org/release/xml/tei/custom/schema/relaxng/tei_all.rng" type="application/xml" schematypens="http://relaxng.org/ns/structure/1.0"?>
<?xml-model href="http://www.tei-c.org/release/xml/tei/custom/schema/relaxng/tei_all.rng" type="application/xml"
	schematypens="http://purl.oclc.org/dsdl/schematron"?>
<TEI xmlns="http://www.tei-c.org/ns/1.0">
   <teiHeader>
      <fileDesc>
         <titleStmt>
            <title>Canta lo gallo</title>
            <!--<author><ref target="X"></ref></author>-->
            <respStmt>
               <resp>Digital scholarly edition created within the ERC</resp>
               <orgName><ref target="https://www.europeanarsnova.eu/">European Ars Nova</ref> project.</orgName>
            </respStmt>
            <respStmt> 
               <resp>Edited by</resp> 
               <name>Maria Sofia Lannutti</name> 
            </respStmt> 
            <respStmt> 
               <resp>Revised by</resp> 
               <name>Luca Gatti</name> 
            </respStmt> 
            <respStmt> 
               <resp>TEI-encoded by</resp> 
               <name>Elvira Mercatanti</name> 
            </respStmt> 
         </titleStmt>
         <publicationStmt>
            <p></p>
            <!--publisher>Edizioni del Galluzzo</publisher>
            <pubPlace>Firenze, Italia</pubPlace>
            <date>2021</date>
            <availability>
               <p>L'edizione è disponibile su licenza.</p>
            </availability>            
            <idno type="ISBN">ISBN</idno>
            <idno type="DOI">DOI</idno>
            <idno type="URI">permalink della scheda ANT</idno-->
         </publicationStmt>
         <sourceDesc>
            <p></p>
         </sourceDesc>
      </fileDesc>
      <encodingDesc>
         <variantEncoding method="double-end-point" location="internal"/>
      </encodingDesc>
   </teiHeader>
   <text>
      <!--<front> 
         <div> 
            <p>
               Aggiungi qui l'INTRODUZIONE (se presente). Suddividila in paragrafi (<p>)
               e marca i corsivi (<hi rend="italic"> </hi> )
            </p> 
         </div>         
      </front> --> 
      <body>
         <lg>
            <l xml:id="l1">
               Canta lo gallo
            </l>
            <l xml:id="l2">
               la ser’ a çascun’ ora
            </l>
            <l xml:id="l3">
              <anchor xml:id="l3a1"/>col<anchor xml:id="l3a2"/> dolce dexio ch’<anchor xml:id="l3a3"/>altrui<anchor xml:id="l3a4"/> inamora,
            </l>
         </lg>
         <lg>
            <l xml:id="l4">
               se l’ochio çira là dove sospira.
            </l>
         </lg>
         <lg>
            <l xml:id="l5" n="5">
               Canta lo gallo	
            </l>
            <l xml:id="l6">
               la meçanote assai,
            </l>
            <l xml:id="l7">
               tor mal pensero nel stato di <anchor xml:id="l7a1"/>guai<anchor xml:id="l7a2"/>:
            </l>
         </lg>
         <lg>
            <l xml:id="l8">
               tal fruto porta di cosa ch’è morta.
            </l>
         </lg>
         <lg>
            <l xml:id="l9">
               Canta lo gallo
            </l>
            <l xml:id="l10" n="10">
               çoioso a la maitina,	
            </l>
            <l xml:id="l11">
               <anchor xml:id="l11a1"/>alor<anchor xml:id="l11a2"/> più forte non ponçe la spina:
            </l>
         </lg>
         <lg>
            <l xml:id="l12">
               el i milanta, a ço che, ’l gallo, canta.
            </l>         
         </lg>
         <lg>
            <l xml:id="l13">
               Canta lo gallo
            </l>
            <l xml:id="l14">
               soave nel mio core,
            </l>
            <l xml:id="l15" n="15">
               ch’el me·l promise madona e Amore:
            </l>         
         </lg>
         <lg>
            <l xml:id="l16">
               d’amor constreto m’à, gallo galleto.
            </l>
         </lg>
         
      </body>



      <back>
         <listWit>            
            <witness xml:id="Rs">
               <ref type="siglum" target="#Rs">Rs</ref> 
               c. 26v, <abbr xml:id="RsC">C</abbr> (vv. 1-4), <abbr xml:id="RsT">T</abbr> (vv. 1-4), <hi rend="italic">resid.</hi> (vv. 5-16)
            </witness>
         </listWit>


         <listApp type="substantial">
            <listApp>
               <head>3</head>
               <app from="#l3a1" to="#l3a2">
                  <lem>col</lem>
                  <rdg type="omission"><hi rend="italic">om.</hi><wit><ref corresp="#RsC">Rs<hi rend="super">C</hi></ref></wit></rdg> 
               </app>  

               <app from="#l3a3" to="#l3a4">
                  <lem>altrui</lem>
                  <rdg>altui <wit><ref corresp="#RsT">Rs<hi rend="super">T</hi></ref></wit></rdg>
               </app>
            </listApp>

            <listApp>
               <head>7</head>            
               <app from="#l7a1" to="#l7a2">
                  <lem>guai</lem>
                  <rdg wit="#Rs">gnai</rdg>
               </app>            
            </listApp>
         
            <listApp>
               <head>11</head>
               <app from="#l11a1" to="#l11a2">
                  <lem>alor</lem>
                  <rdg wit="#Rs">alora</rdg>
               </app>
            </listApp>
         </listApp>



         <!--<listApp type="formal">
         </listApp>-->


         <div type="metricalScheme">
            <p>Madrigale pluristrofico 4’a 6’b 10’b; 10’c. <hi rend="italic">Coblas capdenals</hi>.</p>
            <p>Rima identica ai vv. 1 : 5 : 9 : 13; rima inclusiva, vv. 2 : 3.</p>
            <p><hi rend="italic"> Capovilla</hi>II.</p>
         </div>


         <listBibl type="editions">
            <bibl corresp="#Mischiati1966"> 
               Mischiati 1966, p. 74;
            </bibl>            

            <bibl corresp="#Pirrotta1992"> 
              Pirrotta 1992, p. 37;
            </bibl>

            <bibl corresp="#Sucato2003">
               Sucato 2003, p. 87.
            </bibl>
         </listBibl>


         <!--<listBibl type="bibliography">
            <bibl corresp="#">
            </bibl>
         </listBibl>-->


         <div type="commentary">
            <note target="#l7 #l8">
               <num>7-8.</num>
               <p>‘toglie i cattivi pensieri quando si è in affanno: questo frutto apporta da cosa senza vita (questo beneficio fa scaturire da una condizione di assoluta prostrazione)’.</p>
            </note>

            <note target="#l11 #l12">
               <num>11-12.</num>
               <p>‘in quel momento la spina non punge più con intensità: in quel momento, lui, il gallo, inganna cantando’.</p>
            </note>

            <note target="#l12">
               <num>12.</num>
               <p><hi rend="italic"> el</hi>: anticipa <hi rend="italic">’l gallo. </hi></p>
               <p><hi rend="italic"> i</hi>: ‘lì’, variazione di <hi rend="italic">alor</hi>al verso precedente.</p>
               <p><hi rend="italic"> a çò che</hi>: ‘per il fatto che’.</p>
            </note>
         </div>


         <listBibl type="editionsBibliography">

            <bibl xml:id="Mischiati1966">
               O. Mischiati, <hi rend="italic">Uno sconosciuto frammento appartenente al codice Vaticano Rossi 215</hi>, «Rivista italiana di musicologia», 1 (1966), pp. 68-76.
            </bibl>

            <bibl xml:id="Pirrotta1992">
               N. Pirrotta, <hi rend="italic">Il codice Rossi 215 della Biblioteca Apostolica Vaticana. Con i frammenti della fondazione Opera pia don Giuseppe Greggiati di Ostiglia</hi>, Lucca, LIM, 1992.
            </bibl>

            <bibl xml:id="Sucato2003">
               Tiziana Sucato, <hi rend="italic">Il codice rossiano 215. Madrigali, ballate, una caccia, un rotondello</hi>, Pisa, ETS, 2003 («Diverse voci...» 1).
            </bibl>
         </listBibl>
      </back>
   </text>
</TEI>
