<?xml version="1.0" encoding="UTF-8"?> 
<?xml-model href="http://www.tei-c.org/release/xml/tei/custom/schema/relaxng/tei_all.rng" type="application/xml" schematypens="http://relaxng.org/ns/structure/1.0"?> 
<?xml-model href="http://www.tei-c.org/release/xml/tei/custom/schema/relaxng/tei_all.rng" type="application/xml"
	schematypens="http://purl.oclc.org/dsdl/schematron"?> 
<TEI xmlns="http://www.tei-c.org/ns/1.0"> 
   <teiHeader> 
      <fileDesc> 
         <titleStmt> 
            <title> Che l'agg' i' fatto a questa donna altera</title> 
            <respStmt> 
               <resp>Digital scholarly edition created within the ERC</resp> 
               <orgName><ref target="https://www.europeanarsnova.eu/"> European Ars Nova</ref> project.</orgName> 
            </respStmt> 
            <respStmt> 
               <resp>Edited by</resp> 
               <name>Maria Sofia Lannutti</name> 
            </respStmt> 
            <respStmt> 
               <resp>Revised by</resp> 
               <name>Luca Gatti</name> 
            </respStmt> 
            <respStmt> 
               <resp>TEI-encoded by</resp> 
               <name>Elvira Mercatanti</name> 
            </respStmt> 
         </titleStmt> 
         <publicationStmt> 
            <p></p> 
            <!--publisher> Edizioni del Galluzzo</publisher> 
            <pubPlace> Firenze, Italia</pubPlace> 
            <date> 2021</date> 
            <availability> 
               <p>L'edizione è disponibile su licenza.</p> 
            </availability>            
            <idno type="ISBN"> ISBN</idno> 
            <idno type="DOI"> DOI</idno> 
            <idno type="URI"> permalink della scheda ANT</idno--> 
         </publicationStmt> 
         <sourceDesc> 
            <p></p> 
         </sourceDesc> 
      </fileDesc> 
      <encodingDesc> 
         <variantEncoding method="double-end-point" location="internal"/> 
      </encodingDesc> 
   </teiHeader> 
   <text> 
      <!--<front> 
         <div> 
            <p>
                Aggiungi qui l'INTRODUZIONE (se presente). Suddividila in paragrafi (<p>)
               e marca i corsivi (<hi rend="italic"> </hi> )
            </p> 
         </div>         
      </front> --> 
      <body> 
         <lg> 
            <l xml:id="l1"> 
               Che <anchor xml:id="l1a1"/> l’agg’ i’ fatto a<anchor xml:id="l1a2"/> questa donna altera,
            </l> 
            <l xml:id="l2"> 
               <anchor xml:id="l2a1"/> che<anchor xml:id="l2a2"/> <anchor xml:id="l2a3"/> cavato<anchor xml:id="l2a4"/> m’à ’l core,
            </l> 
            <l xml:id="l3"> 
               sì che morir mi fa per lo su’ amore?
            </l> 
         </lg> 
         <lg> 
            <l xml:id="l4"> 
               Ma tu che <anchor xml:id="l4a1"/> fai<anchor xml:id="l4a2"/> , <anchor xml:id="l4a3"/> Cupid’<anchor xml:id="l4a4"/>, <anchor xml:id="l4a5"/> or che non tendi<anchor xml:id="l4a6"/> 
            </l> 
            <l xml:id="l5" n="5"> 
               <anchor xml:id="l5a1"/> l’arco et l’aurato strale?<anchor xml:id="l5a2"/> 
            </l> 
            <l xml:id="l6"> 
               Saetta in lei, sì che egual doglia <anchor xml:id="l6a1"/> senta<anchor xml:id="l6a2"/>!
            </l> 
            <l xml:id="l7"> 
               <supplied reason="illegible">[… -endi]</supplied> 
            </l> 
            <l xml:id="l8"> 
               <supplied reason="illegible">[… -ale]</supplied> 
            </l> 
            <l xml:id="l9"> 
               <supplied reason="illegible">[… -enta]</supplied> 
            </l> 
            <l xml:id="l10" n="10"> 
               <supplied reason="illegible">[...]</supplied> 
            </l> 
            <l xml:id="l11"> 
               <supplied reason="illegible">[...]</supplied> 
            </l> 
            <l xml:id="l12"> 
               <supplied reason="illegible">[… -ore]</supplied> 
            </l> 
         </lg> 
      </body> 
      <back> 
         <listWit>            
            <witness xml:id="Pit"> 
               <ref type="siglum" target="#Pit">Pit</ref> 
               cc. <locus> 76v-77r</locus> , <abbr xml:id="PitC"> C</abbr> (vv.1-6), <abbr xml:id="PitT"> T</abbr> (vv. 1-6): <hi rend="italic"> p(aulus) a(bbas)</hi>               
            </witness> 
         </listWit> 


         <listApp type="substantial"> 
            <listApp> 
               <head>2</head> 
               <app from="#l2a1" to="#l2a2"> 
                  <lem>che</lem> 
                  <rdg>che cha che chavato che <wit><ref corresp="#PitC">Pit<hi rend="super">C</hi></ref></wit></rdg> 
                  <rdg>che che cha che ca che <wit><ref corresp="#PitT">Pit<hi rend="super">T</hi></ref></wit></rdg> 
               </app> 

               <app from="#l2a3" to="#l2a4"> 
                  <lem>cavato</lem> 
                  <rdg>cavat <witDetail wit="Pit">+ <hi rend="italic">alcuni grafi ill.</hi></witDetail> <wit><ref corresp="#PitT">Pit<hi rend="super">T</hi></ref></wit></rdg> 
               </app> 
            </listApp> 

            <listApp> 
               <head>5</head> 
               <app from="#l5a1" to="#l5a2"> 
                  <lem>l’arco et l’aurato strale?</lem> 
                  <rdg><witDetail wit="#Pit"> <hi rend="italic">ripetuto ma in gran parte ill.</hi></witDetail> <wit><ref corresp="#PitC">Pit<hi rend="super">C</hi></ref></wit></rdg> 
               </app>               
            </listApp> 

            <listApp> 
               <head>6</head> 
               <app from="#l6a1" to="#l6a2"> 
                  <lem>senta</lem> 
                  <rdg><gap reason="illegible" rend="ill."/> <wit><ref corresp="#PitT">Pit<hi rend="super">T</hi></ref></wit></rdg> 
               </app> 
            </listApp> 

         </listApp> 




         <listApp type="formal"> 
            <listApp> 
               <head>1</head> 
               <app from="#l1a1" to="#l1a2"> 
                  <lem>l’agg’ i’ fatto a</lem> 
                  <rdg>lagi fatta <wit><ref corresp="#PitT">Pit<hi rend="super">T</hi></ref></wit></rdg> 
               </app> 
            </listApp> 

            <listApp> 
               <head>4</head> 
               <app from="#l4a1" to="#l4a2"> 
                  <lem>fai</lem> 
                  <rdg>ffai <wit><ref corresp="#PitT">Pit<hi rend="super">T</hi></ref></wit></rdg> 
               </app> 

               <app from="#l4a3" to="#l4a4"> 
                  <lem>Cupid’</lem> 
                  <rdg>cupido <wit><ref corresp="#PitT">Pit<hi rend="super">T</hi></ref></wit></rdg> 
               </app> 

               <app from="#l4a5" to="#l4a6"> 
                  <lem>or che non tendi</lem> 
                  <rdg><witDetail wit="#Pit"><hi rend="italic">ripetuto</hi></witDetail> <wit><ref corresp="#PitT">Pit<hi rend="super">T</hi></ref></wit></rdg> 
               </app> 
            </listApp> 
         </listApp> 


         <div type="metricalScheme"> 
            <p>Ballata mezzana 10’y 6’z 10’z; 10’a 6’b 10’c, [10’a 6’b 10’c; 10’m 6’m 10’z].</p> 
            <p>Punti sottoscritti: v. 4 (<hi rend="italic"> fai</hi> ) Pit; v. 6 (<hi rend="italic"> lei</hi> ) Pit.</p>            
         </div> 


         <listBibl type="editions"> 
            <bibl corresp="#Corsi1970"> 
               Corsi 1970, p. 286.
            </bibl> 
         </listBibl> 


         <!--<listBibl type="bibliography"> 
            <bibl corresp="#"> </bibl> 
         </listBibl> --> 


         <!--<div type="commentary"> 
            <note target="# #"> 
               <num></num> 
               <hi rend="italic"> </hi> 
            </note> 
         </div> --> 


         <listBibl type="editionsBibliography"> 
            <bibl xml:id="Corsi1970"> 
               Giuseppe Corsi, <hi rend="italic"> Poesie musicali del Trecento</hi> , Bologna, Commissione per i testi di lingua, 1970 (Collezione di opere inedite o rare, 131).
            </bibl> 
         </listBibl> 
      </back> 
   </text> 
</TEI> 
