<?xml version="1.0" encoding="UTF-8"?>
<?xml-model href="http://www.tei-c.org/release/xml/tei/custom/schema/relaxng/tei_all.rng" type="application/xml" schematypens="http://relaxng.org/ns/structure/1.0"?>
<?xml-model href="http://www.tei-c.org/release/xml/tei/custom/schema/relaxng/tei_all.rng" type="application/xml"
	schematypens="http://purl.oclc.org/dsdl/schematron"?>
<TEI xmlns="http://www.tei-c.org/ns/1.0">
   <teiHeader>
      <fileDesc>
         <titleStmt>
            <title>Chiamando un’astorella ch’era posa</title>
            <!--<author><ref target="X"></ref></author>-->
            <respStmt>
               <resp>Digital scholarly edition created within the ERC</resp>
               <orgName><ref target="https://www.europeanarsnova.eu/">European Ars Nova</ref> project.</orgName>
            </respStmt>
            <respStmt> 
               <resp>Edited by</resp> 
               <name>Maria Sofia Lannutti</name> 
            </respStmt> 
            <respStmt> 
               <resp>Revised by</resp> 
               <name>Luca Gatti</name> 
            </respStmt> 
            <respStmt> 
               <resp>TEI-encoded by</resp> 
               <name>Elvira Mercatanti</name> 
            </respStmt> 
         </titleStmt>
         <publicationStmt>
            <p></p>
            <!--publisher>Edizioni del Galluzzo</publisher>
            <pubPlace>Firenze, Italia</pubPlace>
            <date>2021</date>
            <availability>
               <p>L'edizione è disponibile su licenza.</p>
            </availability>            
            <idno type="ISBN">ISBN</idno>
            <idno type="DOI">DOI</idno>
            <idno type="URI">permalink della scheda ANT</idno-->
         </publicationStmt>
         <sourceDesc>
            <p></p>
         </sourceDesc>
      </fileDesc>
      <encodingDesc>
         <variantEncoding method="double-end-point" location="internal"/>
      </encodingDesc>
   </teiHeader>
   <text>
      <!--<front> 
         <div> 
            <p>
               Aggiungi qui l'INTRODUZIONE (se presente). Suddividila in paragrafi (<p>)
               e marca i corsivi (<hi rend="italic"> </hi> )
            </p> 
         </div>         
      </front> --> 
      <body>
         <lg>
            <l xml:id="l1">
               Chiamando un’astorella ch’era posa
            </l>
            <l xml:id="l2">
               su l’arbor novo, che d’amor è nido,
            </l>
            <l xml:id="l3">
               mi fu, come oselleto, in aer ascosa.
            </l>
            <l xml:id="l4">
               I’ pur l’andai seguendo al dolce crido
            </l>
            <l xml:id="l5" n="5">
               per foreste, campagne, strade e porti,
            </l>
            <l xml:id="l6">
               sì che <anchor xml:id="l6a1"/> <supplied reason="illegible">[del] </supplied><anchor xml:id="l6a2"/> lei cercar ancor <anchor xml:id="l6a3"/>m’ancid<supplied reason="illegible">[o]</supplied><anchor xml:id="l6a4"/>.
            </l>
            <l xml:id="l7">
               Ma spero di mercé mille conforti,
            </l>
            <l xml:id="l8">
               ch’io l’ho veduta in altrui gabiola
            </l>
            <l xml:id="l9">
               cum gli ati primi çentili et acorti:
            </l>
            <l xml:id="l10" n="10">
               nel cor doneça e per la gabia vola.	
            </l>
         </lg>
         
      </body>



      <back>
         <listWit>            
            <witness xml:id="Rs">
               <ref type="siglum" target="#Rs">Rs</ref> 
               c. 8r, <abbr xml:id="RsC">C</abbr> (vv. 1-3 e 10), <abbr xml:id="RsT">T</abbr> (vv. 1-3 e 10), <hi rend="italic">resid.</hi> (vv. 4-9)
            </witness>
         </listWit>


         <listApp type="substantial">
            <listApp>
               <head>6</head>
               <app from="#l6a1" to="#l6a2">
                  <lem>del</lem>
                  <rdg wit="#Rs"/>
               </app>  

               <app from="#l6a3" to="#l6a4">
                  <lem>m’ancido</lem>
                  <rdg wit="#Rs"> mancide </rdg>
               </app>
            </listApp>
           
         </listApp>



         <!--<listApp type="formal">
         </listApp>-->


         <div type="metricalScheme">
            <p>Madrigale 10’a 10’b 10’a, 10’b 10’c 10’b, 10’c 10’d 10’c; 10’d. </p>
            <p><hi rend="italic">Capovilla</hi> VIII.</p>
         </div>


         <listBibl type="editions">
            <bibl corresp="#LiGotti1944"> 
               Li Gotti 1944, p. 129;
            </bibl>            

            <bibl corresp="#Sesini1943-1950"> 
              Sesini 1943-1950, p. 225;
            </bibl>

            <bibl corresp="#Corsi1970"> 
              Corsi 1970, p. 328-9;
            </bibl>

            <bibl corresp="#Pirrotta1992"> 
              Pirrotta 1992, p. 31;
            </bibl>

            <bibl corresp="#Sucato2003">
               Sucato 2003, p. 76.
            </bibl>
         </listBibl>


         <!--<listBibl type="bibliography">
            <bibl corresp="#">
            </bibl>
         </listBibl>-->


         <div type="commentary">
            <note target="#l6">
               <num>6.</num>
               <p>‘tanto che pago ancora le conseguenze dell’averla cercata’. L’integrazione di <hi rend="italic">del</hi> e la correzione <hi rend="italic">ancide > ancido</hi> fanno fronte a un testo che non rispetta metro e rima, e che sembra il frutto di un rimaneggiamento a fronte di una lezione poco perspicua, come potrebbe indicare il fatto che la forma <hi rend="italic">ancor (anchor)</hi> è scritta su una parola che doveva contenere una <hi rend="italic">ç</hi>.</p>
            </note>

            <note target="#l9">
               <p>‘con l’atteggiamento gentile e avveduto dimostrato in precedenza’.</p>
            </note>

            <note target="#l10">
               <p><hi rend="italic">doneça</hi>: ‘amoreggia’.</p>
            </note>
         </div>


         <listBibl type="editionsBibliography">

            <bibl xml:id="LiGotti1944">
               E. Li Gotti, <hi rend="italic">Poesie musicali italiane del sec. XIV</hi>, «Atti della Reale Accademia di scienze, lettere e arti di Palermo», IV/2 (1944), pp. 99-167.
            </bibl>

            <bibl xml:id="Sesini1943-1950">
               U. Sesini, <hi rend="italic">Il canzoniere musicale trecentesco del codice Vatic. Rossiano 215</hi>, «Studi medievali», n.s., 16 (1943-1950), pp. 212-236.
            </bibl>         

            <bibl xml:id="Corsi1970">
              Giuseppe Corsi, <hi rend="italic">Poesie musicali del Trecento</hi>, Bologna, Commissione per i testi di lingua, 1970 (Collezione di opere inedite o rare, 131).
            </bibl>

            <bibl xml:id="Pirrotta1992">
               N. Pirrotta, <hi rend="italic">Il codice Rossi 215 della Biblioteca Apostolica Vaticana. Con i frammenti della fondazione Opera pia don Giuseppe Greggiati di Ostiglia</hi>, Lucca, LIM, 1992.
            </bibl>

            <bibl xml:id="Sucato2003">
               Tiziana Sucato, <hi rend="italic">Il codice rossiano 215. Madrigali, ballate, una caccia, un rotondello</hi>, Pisa, ETS, 2003 («Diverse voci...» 1).
            </bibl>
         </listBibl>
      </back>
   </text>
</TEI>
