<?xml version="1.0" encoding="UTF-8"?>
<?xml-model href="http://www.tei-c.org/release/xml/tei/custom/schema/relaxng/tei_all.rng" type="application/xml" schematypens="http://relaxng.org/ns/structure/1.0"?>
<?xml-model href="http://www.tei-c.org/release/xml/tei/custom/schema/relaxng/tei_all.rng" type="application/xml"
	schematypens="http://purl.oclc.org/dsdl/schematron"?>
<TEI xmlns="http://www.tei-c.org/ns/1.0">
   <teiHeader>
      <fileDesc>
         <titleStmt>
            <title>Com' a seguir costei, Amor, fu' presto</title>
            <author>Francesco Landini</author>
            <editor>Davide Checchi</editor>
            <respStmt>
               <resp>Digital scholarly editon created within the </resp>
               <orgName><ref target="https://www.europeanarsnova.eu/">European Ars Nova</ref> ERC project.</orgName>
            </respStmt>
            <respStmt>
               <resp>Edited by</resp>
               <name>Davide Checchi</name>
            </respStmt>
            <respStmt>
               <resp>TEI-encoding by</resp>
               <name>Matteo Salaroli</name>
            </respStmt>
         </titleStmt>
         <publicationStmt>
            <p></p>
            <!--publisher>Edizioni del Galluzzo</publisher>
            <pubPlace>Firenze, Italia</pubPlace>
            <date>2021</date>
            <availability>
               <p>L'edizione è disponibile su licenza.</p>
            </availability>            
            <idno type="ISBN">ISBN</idno>
            <idno type="DOI">DOI</idno>
            <idno type="URI">permalink della scheda ANT</idno-->
         </publicationStmt>
         <sourceDesc>
            <p></p>
         </sourceDesc>
      </fileDesc>
      <encodingDesc>
         <variantEncoding method="double-end-point" location="internal"/>
      </encodingDesc>
   </teiHeader>
   <text>
      <!--front>
         <div>
            <p>
            </p>
         </div>
      </front-->
      <body>
         <lg>
            <l xml:id="l1">Com' <anchor xml:id="l1a1"/>a<anchor xml:id="l1a2"/> seguir <anchor xml:id="l1a3"/>costei<anchor xml:id="l1a4"/>, Amor, fu' presto,</l>
            <l xml:id="l2"><anchor xml:id="l2a1"/>oma'<anchor xml:id="l2a2"/> da ·l<anchor xml:id="l2a3"/>le'<anchor xml:id="l2a4"/> nascondermi fi' onesto.</l><!-- NOTA PER CM e DC: le'= differenza tra apparato e testo; va bene come ho risolto? -->
         </lg>
         <lg>
            <l xml:id="l3">Per che, <anchor xml:id="l3a1"/>poi<anchor xml:id="l3a2"/> ch'i' fu' suo ne' <anchor xml:id="l3a3"/>suoi<anchor xml:id="l3a4"/> piaceri,</l>
            <l xml:id="l4"><anchor xml:id="l4a1"/>tacendo<anchor xml:id="l4a2"/> e nel parlar <anchor xml:id="l4a3"/>ben operai<anchor xml:id="l4a4"/>?</l>
            <l xml:id="l5" n="5">En ciascun mio disio, fede o pensieri,</l>
            <l xml:id="l6">giust' ogni mio <anchor xml:id="l6a1"/>poder<anchor xml:id="l6a2"/> lei onorai;</l>
            <l xml:id="l7">né raguard' altr' avendo, <anchor xml:id="l7a1"/>sì le' amai<anchor xml:id="l7a2"/>,</l>
            <l xml:id="l8"><anchor xml:id="l8a1"/>che<anchor xml:id="l8a2"/>, per dar vita a ·llei, <anchor xml:id="l8a3"/>morte avre'<anchor xml:id="l8a4"/> chiesto.</l>
         </lg>
         <lg>
            <l xml:id="l9">E or mi veggio, pur bene sperando,</l>
            <l xml:id="l10" n="10">Amor, del mio servir esser tradito</l>
            <l xml:id="l11">da ·llei ancor; del che e 'l come e 'l quando</l>
            <l xml:id="l12">tacer mi <anchor xml:id="l12a1"/>par<anchor xml:id="l12a2"/>, per non esser udito,</l>
            <l xml:id="l13">con isperança di <anchor xml:id="l13a1"/>mostra[r]gli<anchor xml:id="l13a2"/> a dito</l>
            <l xml:id="l14">quanto 'l tradirmi suo è disonesto.</l>
         </lg>
         <lg>
            <l xml:id="l15" n="15">Però mi è nuova nello stremo morso</l>
            <l xml:id="l16">(vedi che son!), dè! di' quando m'à offeso</l>
            <l xml:id="l17">coste', da cu' sperav' aver soccorso,</l>
            <l xml:id="l18">che pur de' mali è 'l più gravoso peso.</l>
            <l xml:id="l19">Onde partit' ò, fra mie sospir, preso</l>
            <l xml:id="l20" n="20">di star fuggendo [...esto.]</l>
         </lg>
      </body>
      <back>
         <listWit>
            <witness xml:id="Fp">
               <ref target="http://www.mirabileweb.it/manuscript-rom/firenze-biblioteca-nazionale-centrale-pal-panciati-manoscript/ARSNOVA_185275">Fp</ref>
               cc. <locus>48v-49r</locus>, <abbr xml:id="FpC">C</abbr> (vv. 1-4), <abbr xml:id="FpT">T</abbr> (vv. 1-4), <hi rend="italic">resid</hi>. (vv. 5-20): <hi rend="italic">m(agister) f(ranciscus)</hi>
            </witness>
            <witness xml:id="Sq">
               <ref target="http://www.mirabileweb.it/manuscript-rom/firenze-biblioteca-medicea-laurenziana-med-pal-87--manoscript/ARSNOVA_224962">Sq</ref>
               c. <locus>153v</locus>, <abbr xml:id="SqC">C</abbr> (vv. 1-4), <abbr xml:id="SqT">T</abbr> (vv. 1-4), <hi rend="italic">resid</hi>. (vv. 7-8)<!-- NOTA PER DC: VA BENE QUI?? O SONO 5-20? -->: <hi rend="italic">magister franciscus cecus horganista de florentia</hi>
            </witness>
         </listWit>
         <listApp type="substantial">
            <listApp>
               <head>1</head>
               <app from="#l1a1" to="#l1a2">                  
                  <lem>a</lem>                  
                  <rdg wit="#Sq">al</rdg><!-- NOTA PER DC: qui in apparato c'è grassetto; è un refuso? -->
               </app>
               </listApp>
            <listApp>
               <head>2</head>
               <app from="#l2a1" to="#l2a2">
                  <lem>oma'</lem>
                  <rdg>omai<wit><ref target="#SqT">Sq<hi rend="super">T</hi></ref></wit></rdg>
               </app>
               <app from="#l2a3" to="#l2a4">
                  <lem>le'</lem>
                  <rdg>lei<wit><ref target="#SqC">Sq<hi rend="super">C</hi></ref></wit></rdg>                  
               </app>
            </listApp>
            <listApp>
               <head>4</head>
               <app from="#l4a1" to="#l4a2">
                  <lem>e</lem>
                  <rdg wit="#Sq"/>
               </app>
               <app from="#l4a3" to="#l4a4">
                  <lem>ben operai</lem>
                  <rdg>bene <hi rend="italic">o</hi>perai <wit><ref target="#SqC">Sq<hi rend="super">C</hi></ref></wit></rdg><!-- NOTA PER DC: non capisco la -o in corsivo; va bene o devo modificare con marcature specifiche? -->
               </app>
            </listApp>
            <listApp>
               <head>7</head>
               <app from="#l7a1" to="#l7a2">
                  <lem>sì le' amai</lem>
                  <rdg wit="#Sq">lei giammay</rdg>
               </app>
            </listApp>
            <listApp>
               <head>8</head>
               <app from="#l8a1" to="#l8a2">
                  <lem>che</lem>
                  <rdg wit="#Sq">et</rdg>
               </app>
            </listApp>
            <listApp>
               <head>12</head>
               <app from="#l12a1" to="#l12a2">
                  <lem>par</lem>
                  <rdg wit="#Fp #Sq">pare</rdg>
               </app>
            </listApp>
            <listApp>
               <head>13</head>
               <app from="#l12a1" to="#l12a2">
                  <lem>mostrargli</lem>
                  <rdg wit="#Fp #Sq">mostragli</rdg>
               </app>
            </listApp>
         </listApp>
         <!--listApp type="formal">
            <listApp>
               <head>1</head>
               <app from="#l1a3" to="#l1a4">
                  <lem>costei</lem>
                  <rdg>costeị<wit><ref target="#FpC">Fp<hi rend="super">C</hi></ref></wit></rdg>
                  <rdg>coste<wit><ref target="#FpT">Fp<hi rend="super">T</hi></ref></wit></rdg>
                  </app>
            </listApp>
            <listApp>
               <head>3</head>
               <app from="#l3a1" to="l3a2">
                  <lem>poi</lem>
                  <rdg wit="#Fp">poị</rdg>
                  <rdg wit="#Sq">po</rdg>
                  </app>
               <app from="#l3a3" to="#l3a4">
                  <lem>suoi</lem>
                  <rdg wit="#Fp">suoị<wit><ref target="#FpC">Fp<hi rend="super">C</hi></ref></wit></rdg>
                  <rdg>suo<wit><ref target="#FpT">Fp<hi rend="super">T</hi></ref></wit> <wit><ref target="#Sq">Sq</ref></wit></rdg>
               </app>
               </listApp>
            <listApp>
               <head>4</head>
               <app from="#l4a3" to="#l4a4">
                  <lem>tacendo</lem>
                  <rdg wit="#Fp">tacendọ</rdg>
               </app>
            </listApp>
            <listApp>
               <head>6</head>
               <app from="#l6a1" to="#l6a2">
                  <lem>poder</lem>
                  <rdg wit="#Sq">poder</rdg>NOTA PER DC: qui la variante è uguale alla lezione messa a testo
               </app>
               <app from="#l6a3" to="#l6a4">
                  <lem>onorai</lem>
                  <rdg wit="#Sq">honorai</rdg>
               </app>
            </listApp>
            <listApp>
               <head>8</head>
               <app from="#l8a3" to="l8a4">
                  <lem>morte avre'</lem>
                  <rdg wit="#Sq">mortare</rdg>                 
               </app>
            </listApp>
            <listApp>
               <head>13</head>
               <app from="#l13a1" to="#l13a2">
                  <lem>mostrargli</lem>
                  <rdg wit="#Fp #Sq">mostragli</rdg>                  
               </app>
               <app from="#l6a5" to="#l6a6">
                  <lem>'l</lem>
                  <rdg wit="#Sq #Pit">il</rdg>
               </app>
            </listApp>
         </listApp-->
         <div type="metricalScheme">
            <p>Ballata minore di tre strofe 10’z 10’z; 10’a 10’b, 10’a 10’b; 10’b 10’z. <hi rend="italic">Pagnotta</hi> 111 : 106. <hi rend="italic">Dialefi</hi> vv. 6, 9, 11 (<hi rend="italic">che e</hi>), 14 (<hi rend="italic">suo è</hi>). Punti sottoscritti in Fp v. 1 (nesso monosill.); v. 3 poi, suoi (nessi monosill.); v. 4 tacendo (sinalefe); in Sq v. 4 operai (sinalefe)
            </p>
         </div>
         <listBibl type="editions">
            <bibl corresp="#Corsi1970">
               Corsi, <hi rend="italic">Poesie</hi> pp. 147-148
            </bibl>
         </listBibl>
         <!--listBibl type="bibliography">
            <bibl></bibl>
         </listBibl-->
         <div type="commentary">
            <note target="#l6">
               <num>6</num>
               <hi rend="italic">giust’ ogni mio poder</hi>: “secondo quanto è in mio potere”.
            </note>
            <!-- NOTA PER DC: qui ho invertito le note, seguendo la numerazione dei versi. -->
            <note target="#l13">
               <num>3</num>
               Il copista ha forse interpretato <hi rend="italic">dimostragli</hi> con soggetto Amore, ma il senso (<hi rend="italic">con isperanza</hi>...) suggerisce di integrare la vibrante, forse caduta per omissione del <hi rend="italic">titulus</hi>.</note>
            <note target="#l15 #l16 #l17 #l18">
               <num>5-8</num>
               Si intenda “Poiché mi è estranea in questo momento di dolore insopportabile (vedi in che stato mi trovo!), Deh! rivela il momento in cui questa donna mi ha offeso, da lei speravo ricevere un aiuto, e invece tra tutti i mali è quello che mi pesa di più”.</note>
            <note target="#l20">
               <num>20</num>
               Il verso è incompleto.</note>            
         </div>
         <listBibl type="editionsBibliography">
            <biblStruct type="book" xml:id="Apel1970" corresp="http://zotero.org/users/local/daicmDgn/items/Y2L3KU4F">
               <monogr>
                  <title level="m">French Secular Compositions of the Fourteenth Century I. Ascribed Compositions</title>
                  <title type="short">CMM 53/1</title>
                  <author><forename>Willi</forename><surname>Apel</surname></author>
                  <imprint><pubPlace>Rome</pubPlace><publisher>American Institute of Musicology</publisher><date>1970</date></imprint>
               </monogr>
               <series>
                  <title level="s">Corpus Mensurabilis Musicae, 53/1</title>
               </series>
            </biblStruct>
            <biblStruct type="book" xml:id="Apel1971" corresp="http://zotero.org/users/local/daicmDgn/items/X6E9LXT4">
               <monogr>
                  <title level="m">French Secular Compositions of the Fourteenth Century II. Anonymous Ballades</title>
                  <title type="short">CMM 53/2</title>
                  <author><forename>Willi</forename><surname>Apel</surname></author>
                  <imprint><pubPlace>Rome</pubPlace><publisher>American Institute of Musicology</publisher><date>1971</date></imprint>
               </monogr>
               <series>
                  <title level="s">Corpus Mensurabilis Musicae, 53/2</title>
               </series>
            </biblStruct>
            <biblStruct type="book" xml:id="Apel1972" corresp="http://zotero.org/users/local/daicmDgn/items/CNNBVEQ5">
               <monogr>
                  <title level="m">French Secular Compositions of the Fourteenth Century III. Anonymous Virelais, Rondeaux, Chansons, Canons</title>
                  <title type="short">CMM 53/3</title>
                  <author><forename>Willi</forename><surname>Apel</surname></author>
                  <imprint><pubPlace>Rome</pubPlace><publisher>American Institute of Musicology</publisher><date>1972</date></imprint>
               </monogr>
               <series>
                  <title level="s">Corpus Mensurabilis Musicae, 53/3</title>
               </series>
            </biblStruct>
            <biblStruct type="book" xml:id="Bent1985" corresp="http://zotero.org/users/local/daicmDgn/items/QWY3ZQNJ">
               <monogr>
                  <title level="m">The Works of Johannes Ciconia</title>
                  <title type="short">PMFC XXIV</title>
                  <author><forename>Margaret</forename><surname>Bent</surname></author><author><forename>Anne</forename><surname>Hallmark</surname></author><imprint><pubPlace>Monaco</pubPlace><publisher>Éditions de l’Oiseau-Lyre</publisher><date>1985</date></imprint></monogr><series><title level="s">Polyphonic Music of the Fourteenth Century, XXIV</title></series>
            </biblStruct>
            <biblStruct type="journalArticle" xml:id="Brambilla_Ageno1975" corresp="http://zotero.org/users/local/daicmDgn/items/494JQJ8H">
               <analytic>
                  <title level="a">Giuseppe Corsi, «Poesie musicali del Trecento»</title>
                  <title type="short">G. Corsi, «Poesie musicali»</title>
                  <author><forename>Franca</forename><surname>Brambilla Ageno</surname></author>
               </analytic>
               <monogr>
                  <title level="j">Romance Philology</title>
                  <imprint><biblScope unit="volume">XXVIII</biblScope><biblScope unit="page">696-706</biblScope><date>1975</date></imprint>
               </monogr>
            </biblStruct>
            <biblStruct type="book" xml:id="Calvia2017" corresp="http://zotero.org/users/local/daicmDgn/items/NU58NJAT">
               <monogr>
                  <title level="m">Nicolò del Preposto. Opera completa. Edizione critica commentata dei testi intonati e delle musiche</title>
                  <title type="short">Nicolò del Preposto</title>
                  <author><forename>Antonio</forename><surname>Calvia</surname></author>
                  <imprint><pubPlace>Firenze</pubPlace><publisher>SISMEL Edizioni del Galluzzo</publisher><date>2017</date></imprint>
               </monogr>
               <series>
                  <title level="s">La tradizione musicale. Studi e testi, 18</title>
               </series>
            </biblStruct>
            <biblStruct type="book" xml:id="Corsi1969" corresp="http://zotero.org/users/local/daicmDgn/items/DYEHFS79">
               <monogr>
                  <title level="m">Rimatori del Trecento</title>
                  <title type="short">Rimatori</title>
                  <idno type="ISBN">88-02-01996-7 978-88-02-01996-3</idno>
                  <author><forename>Giuseppe</forename><surname>Corsi</surname></author>
                  <imprint><pubPlace>Torino</pubPlace><publisher>UTET</publisher><date>1969</date></imprint>
               </monogr>
            </biblStruct>
            <biblStruct type="book" xml:id="Corsi1970" corresp="http://zotero.org/users/local/daicmDgn/items/XD38IT6R">
               <monogr>
                  <title level="m">Poesie musicali del Trecento</title>
                  <title type="short">Poesie musicali</title>
                  <author><forename>Giuseppe</forename><surname>Corsi</surname></author>
                  <imprint><pubPlace>Bologna</pubPlace><publisher>Commissione per i testi di lingua</publisher><date>1970</date></imprint>
               </monogr>
               <series>
                  <title level="s">Collezione di opere inedite o rare, 131</title>
               </series>
            </biblStruct>
            <biblStruct type="book" xml:id="Epifani2019" corresp="http://zotero.org/users/local/daicmDgn/items/B7WRD8TT">
               <monogr>
                  <title level="m">La caccia nell’Ars Nova italiana. Edizione critica commentata dei testi e delle intonazioni</title>
                  <title type="short">La caccia nell'Ars Nova italiana</title>
                  <author><forename>Michele</forename><surname>Epifani</surname></author>
                  <imprint><pubPlace>Firenze</pubPlace><publisher>SISMEL Edizioni del Galluzzo</publisher><date>2019</date></imprint>
               </monogr>
               <series>
                  <title level="s">La tradizione musicale. Studi e testi, 20</title>
               </series>
            </biblStruct>
            <biblStruct type="book" xml:id="Huck2007" corresp="http://zotero.org/users/local/daicmDgn/items/U6ENUGXG">
               <monogr>
                  <title level="m">Die mehrfach überlieferten Kompositionen des frühen Trecento. Anonyme Madrigale und Cacce sowie Kompositionen von Piero, Giovanni da Firenze und Jacopo da Bologna</title>
                  <title type="short">Die mehrfach überlieferten Kompositionen</title>
                  <author><forename>Oliver</forename><surname>Huck</surname></author>
                  <author><forename>Sandra</forename><surname>Dieckmann</surname></author>
                  <imprint><pubPlace>Hildesheim-Zurich-New York</pubPlace><biblScope unit="volume">I &lt;i&gt;Übertragungen, Texte, Kommentare&lt;/i&gt;; II &lt;i&gt;Transkriptionen&lt;/i&gt;</biblScope><publisher>Georg Olms Verlag</publisher><date>2007</date></imprint>
                  <extent>2</extent>
               </monogr>
               <series>
                  <title level="s">Musica mensurabilis, 2</title>
               </series>
            </biblStruct>
            <biblStruct type="journalArticle" xml:id="Pasquinucci2007" corresp="http://zotero.org/users/local/daicmDgn/items/U4RTPVTC">
               <analytic>
                  <title level="a">La poesia musicale di Niccolò Soldanieri</title>
                  <title type="short">La poesia musicale</title>
                  <author><forename>Enrico</forename><surname>Pasquinucci</surname></author>
               </analytic>
               <monogr>
                  <title level="j">Studi di filologia italiana</title>
                  <idno type="ISSN">0392-5110</idno>
                  <imprint><biblScope unit="volume">LXV</biblScope><biblScope unit="page">65-193</biblScope><date>2007</date></imprint>
               </monogr>
            </biblStruct>
            <biblStruct type="book" xml:id="Pirrotta1954" corresp="http://zotero.org/users/local/daicmDgn/items/FAZBS46W">
               <monogr>
                  <title level="m">The Music of Fourteenth Century Italy I. Bartholus de Florentia; Johannes del Florentia; Gherardellus de Florentia</title>
                  <title type="short">CMM 8/1</title>
                  <author><forename>Nino</forename><surname>Pirrotta</surname></author>
                  <imprint><pubPlace>Amsterdam</pubPlace><publisher>American Institute of Musicology</publisher><date>1954</date></imprint>
               </monogr>
               <series>
                  <title level="s">Corpus Mensurabilis Musicae, 8/1</title>
               </series>
            </biblStruct>
            <biblStruct type="book" xml:id="Pirrotta1960" corresp="http://zotero.org/users/local/daicmDgn/items/FW8PYNTI">
               <monogr>
                  <title level="m">The Music of Fourteenth Century Italy II. Maestro Piero; Codex Vatican Rossi 215; Anonymous madrigals and cacce from other manuscripts</title>
                  <title type="short">CMM 8/2</title>
                  <author><forename>Nino</forename><surname>Pirrotta</surname></author>
                  <imprint><pubPlace>Amsterdam</pubPlace><publisher>American Institute of Musicology</publisher><date>1960</date></imprint>
               </monogr>
               <series>
                  <title level="s">Corpus Mensurabilis Musicae, 8/2</title>
               </series>
            </biblStruct>
            <biblStruct type="book" xml:id="Pirrotta1962" corresp="http://zotero.org/users/local/daicmDgn/items/XFUL4B2F">
               <monogr>
                  <title level="m">The Music of Fourteenth Century Italy III. Laurentius Masii de Florentia; Donatus de Florentia; Rosso da Collegrano, and Nine anonymous pieces</title>
                  <title type="short">CMM 8/3</title>
                  <author><forename>Nino</forename><surname>Pirrotta</surname></author>
                  <imprint><pubPlace>Amsterdam</pubPlace><publisher>American Institute of Musicology</publisher><date>1962</date></imprint>
               </monogr>
               <series>
                  <title level="s">Corpus Mensurabilis Musicae, 8/3</title>
               </series>
            </biblStruct>
            <biblStruct type="book" xml:id="Pirrotta1963" corresp="http://zotero.org/users/local/daicmDgn/items/FT56HATK">
               <monogr>
                  <title level="m">The Music of Fourteenth Century Italy IV. Jacobus de Bononia; Vincentius de Arimino</title>
                  <title type="short">CMM 8/4</title>
                  <author><forename>Nino</forename><surname>Pirrotta</surname></author>
                  <imprint><pubPlace>Amsterdam</pubPlace><publisher>American Institute of Musicology</publisher><date>1963</date></imprint>
               </monogr>
               <series>
                  <title level="s">Corpus Mensurabilis Musicae, 8/4</title>
               </series>
            </biblStruct>
            <biblStruct type="book" xml:id="Pirrotta1964" corresp="http://zotero.org/users/local/daicmDgn/items/MFJN6PQL">
               <monogr>
                  <title level="m">The Music of Fourteenth Century Italy V. Andreas de Florentia, Guilielmus de Francia, Bonaiutus Corsini, Andrea Stefani, Ser Feo, Jacopo Pianelaio, Gian Toscano and Anonymous</title>
                  <title type="short">CMM 8/5</title>
                  <author><forename>Nino</forename><surname>Pirrotta</surname></author>
                  <imprint><pubPlace>Amsterdam</pubPlace><publisher>American Institute of Musicology</publisher><date>1964</date></imprint>
               </monogr>
               <series>
                  <title level="s">Corpus Mensurabilis Musicae, 8/5</title>
               </series>
            </biblStruct>
            <biblStruct type="journalArticle" xml:id="Sacchetti1990" corresp="http://zotero.org/users/local/daicmDgn/items/Z6CVLQV6">
               <analytic>
                  <title level="a">Il libro delle rime</title>
                  <title type="short">Rime (Ageno)</title>
                  <author><forename>Franco</forename><surname>Sacchetti</surname></author>
               </analytic>
               <monogr>
                  <title></title>
                  <editor><forename>Franca</forename><surname>Brambilla Ageno</surname></editor>
                  <imprint><date>1990</date></imprint>
               </monogr>
            </biblStruct>
            <biblStruct type="journalArticle" xml:id="Sacchetti2007" corresp="http://zotero.org/users/local/daicmDgn/items/PTLZSWDF">
               <analytic>
                  <title level="a">Il libro delle rime con le lettere</title>
                  <title type="short">Rime (Puccini)</title>
                  <author><forename>Franco</forename><surname>Sacchetti</surname></author>
               </analytic>
               <monogr>
                  <title></title>
                  <editor><forename>Davide</forename><surname>Puccini</surname></editor>
                  <imprint><date>2007</date></imprint>
               </monogr>
            </biblStruct>
            <biblStruct type="book" xml:id="Sapegno1952" corresp="http://zotero.org/users/local/daicmDgn/items/8C6U9NZE">
               <monogr>
                  <title level="m">Poeti minori del Trecento</title>
                  <title type="short">Poeti minori</title>
                  <author><forename>Natalino</forename><surname>Sapegno</surname></author>
                  <imprint><pubPlace>Milano-Napoli</pubPlace><publisher>Ricciardi</publisher><date>1952</date></imprint>
               </monogr>
            </biblStruct>
            <biblStruct type="book" xml:id="Sucato2003" corresp="http://zotero.org/users/local/daicmDgn/items/V4BN5V2I">
               <monogr>
                  <title level="m">Il codice Rossiano 215. Madrigali, ballate, una caccia, un rotondello</title>
                  <title type="short">Il codice Rossiano</title>
                  <author><forename>Tiziana</forename><surname>Sucato</surname></author>
                  <imprint><pubPlace>Pisa</pubPlace><publisher>ETS</publisher><date>2003</date></imprint>
               </monogr>
               <series>
                  <title level="s">«Diverse voci...» 1</title>
               </series>
            </biblStruct>
            <biblStruct type="journalArticle" xml:id="Zenari2004" corresp="http://zotero.org/users/local/daicmDgn/items/XE5ZV7IV">
               <analytic>
                  <title level="a">Undici madrigali a testimone unico del Panciatichiano 26 (Firenze, Biblioteca Nazionale Centrale)</title>
                  <title type="short">Undici madrigali</title>
                  <author><forename>Massimo</forename><surname>Zenari</surname></author>
               </analytic>
               <monogr>
                  <title level="j">Studi di filologia italiana</title>
                  <imprint><biblScope unit="volume">LVII</biblScope><biblScope unit="page">131-60</biblScope><date>2004</date></imprint>
               </monogr>
            </biblStruct>
         </listBibl>
      </back>
   </text>
</TEI>