<?xml version="1.0" encoding="UTF-8"?>
<?xml-model href="http://www.tei-c.org/release/xml/tei/custom/schema/relaxng/tei_all.rng" type="application/xml" schematypens="http://relaxng.org/ns/structure/1.0"?>
<?xml-model href="http://www.tei-c.org/release/xml/tei/custom/schema/relaxng/tei_all.rng" type="application/xml"
	schematypens="http://purl.oclc.org/dsdl/schematron"?>
<TEI xmlns="http://www.tei-c.org/ns/1.0">
    <teiHeader>
        <fileDesc>
            <titleStmt>
                <title>Comben que loyntens aye esté</title>
                <!--<author><ref target="X"></ref></author>-->
                <respStmt>
                    <resp>Digital scholarly edition created within the ERC</resp>
                    <orgName><ref target="https://www.europeanarsnova.eu/">European Ars Nova</ref>
                        project.</orgName>
                </respStmt>
                <respStmt>
                    <resp>Edited by</resp>
                    <name>Alice Colantuoni</name> 
                </respStmt>
                <respStmt>
                    <resp>Revised by</resp>
                    <name>Luca Gatti</name>
                </respStmt>
                <respStmt>
                    <resp>TEI-encoded by</resp>
                    <name>Elvira Mercatanti</name>
                </respStmt>
            </titleStmt>
            <publicationStmt>
                <p/>
                <!--publisher>Edizioni del Galluzzo</publisher>
            <pubPlace>Firenze, Italia</pubPlace>
            <date>2021</date>
            <availability>
               <p>L'edizione è disponibile su licenza.</p>
            </availability>            
            <idno type="ISBN">ISBN</idno>
            <idno type="DOI">DOI</idno>
            <idno type="URI">permalink della scheda ANT</idno-->
            </publicationStmt>
            <sourceDesc>
                <p/>
            </sourceDesc>
        </fileDesc>
        <encodingDesc>
            <variantEncoding method="double-end-point" location="internal"/>
        </encodingDesc>
    </teiHeader>
    <text>
        <!--<front> 
         <div> 
            <p>
               Aggiungi qui l'INTRODUZIONE (se presente). Suddividila in paragrafi (<p>)
               e marca i corsivi (<hi rend="italic"> </hi> )
            </p> 
         </div>         
      </front> -->
        <body>
            <lg>
                <l xml:id="l1">Comben que <anchor xml:id="l1a1"/>loyntens<anchor xml:id="l1a2"/> aye esté</l>
                <l xml:id="l2">de <anchor xml:id="l2a1"/>vous<anchor xml:id="l2a2"/>, ne doptés nullament</l>
                <l xml:id="l3">que mon cuer n’ait en vous resté</l>
                <l xml:id="l4"><hi rend="italic">comben <supplied reason="illegible"> [que loyntens aye esté],</supplied></hi></l>
                <l xml:id="l5" n="5">e que fermamant arresté</l>
                <l xml:id="l6"><anchor xml:id="l6a1"/>soyt<anchor xml:id="l6a2"/> tot dis sens <anchor xml:id="l6a3"/>dep<supplied reason="illegible">[ar]</supplied>temant<anchor xml:id="l6a4"/>,</l>
                <l xml:id="l7"><hi rend="italic">comben <supplied xml:id="suppl1" reason="illegible"> [que loyntens aye esté</supplied></hi></l>
                <l xml:id="l8"><hi rend="italic"><supplied xml:id="suppl2" corresp="#suppl1" reason="illegible">de vous, ne doptés nullament].</supplied></hi></l>
            </lg>

        </body>



        <back>
            <listWit>
                <witness xml:id="Iv">
                    <ref type="siglum" target="#">Iv</ref> c. 7v, <abbr xml:id="IvC">C</abbr> (vv. 1-2), <hi rend="italic">resid.</hi> (vv. 3-8)
                </witness>
            </listWit>


            <listApp type="substantial">               
               
                <listApp>
                    <head>1</head>
                    <app from="#l1a1" to="#l1a2">
                        <lem>loyntens</lem>
                        <rdg wit="#Iv">loyntenps</rdg>
                    </app>
                </listApp>
                
                <listApp>
                    <head>2</head>
                    <app from="#l2a1" to="#l2a2">
                        <lem>vous</lem>
                        <rdg wit="#Iv"> <unclear reason="illegible" rend="(?)">vous ma</unclear>dame</rdg>
                    </app>
                </listApp>
                
                <listApp>
                    <head>6</head>
                    <app from="#l6a1" to="#l6a2">
                        <lem>soyt</lem>
                        <rdg wit="#Iv"> et soyt</rdg>
                    </app>
                    
                    <app from="#l6a3" to="#l6a4">
                        <lem>departemant</lem>
                        <rdg wit="#Iv">nulls deptemant <witDetail wit="#Iv"><hi rend="italic">con segno di abbreviazione su </hi> p <hi rend="italic"></hi>illegibile</witDetail></rdg>
                    </app>
                </listApp>
                
               
            </listApp>



            <!--<listApp type="formal">
               
            </listApp>-->
            


            <div type="metricalScheme">
                <p><hi rend="italic">Rondeau</hi> 8A 8B, 8a, 8A; 8a 8b, 8A 8B.</p>
                <p>Rima ricca ai vv. 1 : 3 : 5, 2 : 6.</p>
            </div>


            <listBibl type="editions">
                <bibl corresp="#Apel-Rosenberg1972">Apel-Rosenberg 1972, p. xLVI;</bibl>
                <bibl corresp="#Greene1989">Greene 1989, p. 49.</bibl>
            </listBibl>


            <!--<listBibl type="bibliography">
            <bibl corresp="#">
            </bibl>
            </listBibl>-->


            <!--<div type="commentary">
               
            </div>-->


            <listBibl type="editionsBibliography">
                <bibl xml:id="Apel-Rosenberg1972"><hi rend="italic">French Secular Compositions of the Fourteenth Century: Vol. III, Anonymous Virelais, Rondeaux, Chansons, Canons</hi>, ed. by W. Apel, edition of the Literary Texts by Samuel Rosenberg, Rome, American Institute of Musicology, 1972 (CMM, 53/3).</bibl>
                <bibl xml:id="Greene1989">Gordon Greene, <hi rend="italic">French Secular Music. Rondeaux and Miscellaneous Pieces</hi>, Monaco, Éditions de l’Oiseau-Lyre, 1989 (Polyphonic Music of the Fourteenth Century, XXII).</bibl>
            </listBibl>
        </back>
    </text>
</TEI>
