<?xml version="1.0" encoding="UTF-8"?>
<?xml-model href="http://www.tei-c.org/release/xml/tei/custom/schema/relaxng/tei_all.rng" type="application/xml" schematypens="http://relaxng.org/ns/structure/1.0"?>
<?xml-model href="http://www.tei-c.org/release/xml/tei/custom/schema/relaxng/tei_all.rng" type="application/xml"
	schematypens="http://purl.oclc.org/dsdl/schematron"?>
<TEI xmlns="http://www.tei-c.org/ns/1.0">
    <teiHeader>
        <fileDesc>
            <titleStmt>
                <title>Combienz qu’il soyt que ne vous voy souvent</title>
                <!--<author><ref target="X"></ref></author>-->
                <respStmt>
                    <resp>Digital scholarly edition created within the ERC</resp>
                    <orgName><ref target="https://www.europeanarsnova.eu/">European Ars Nova</ref>
                        project.</orgName>
                </respStmt>
                <respStmt>
                    <resp>Edited by</resp>
                    <name>Alice Colantuoni</name> 
                </respStmt>
                <respStmt>
                    <resp>Revised by</resp>
                    <name>Luca Gatti</name>
                </respStmt>
                <respStmt>
                    <resp>TEI-encoded by</resp>
                    <name>Elvira Mercatanti</name>
                </respStmt>
            </titleStmt>
            <publicationStmt>
                <p/>
                <!--publisher>Edizioni del Galluzzo</publisher>
            <pubPlace>Firenze, Italia</pubPlace>
            <date>2021</date>
            <availability>
               <p>L'edizione è disponibile su licenza.</p>
            </availability>            
            <idno type="ISBN">ISBN</idno>
            <idno type="DOI">DOI</idno>
            <idno type="URI">permalink della scheda ANT</idno-->
            </publicationStmt>
            <sourceDesc>
                <p/>
            </sourceDesc>
        </fileDesc>
        <encodingDesc>
            <variantEncoding method="double-end-point" location="internal"/>
        </encodingDesc>
    </teiHeader>
    <text>
        <!--<front> 
         <div> 
            <p>
               Aggiungi qui l'INTRODUZIONE (se presente). Suddividila in paragrafi (<p>)
               e marca i corsivi (<hi rend="italic"> </hi> )
            </p> 
         </div>         
      </front> -->
        <body>
            <lg>
                <l xml:id="l1">Combienz qu’il soyt que ne vous voy <anchor xml:id="l1a1"/>souvent<anchor xml:id="l1a2"/>,</l>
                <l xml:id="l2"><anchor xml:id="l2a1"/>chiere<anchor xml:id="l2a2"/> dame a cuy <anchor xml:id="l2a3"/>d<supplied reason="illegible">[u]</supplied><anchor xml:id="l2a4"/> tout m’<anchor xml:id="l2a5"/>o<supplied reason="illegible">[u]</supplied>trie<anchor xml:id="l2a6"/>,</l>
                <l xml:id="l3"><supplied reason="illegible">[... -ent]</supplied></l>
                <l xml:id="l4"><hi rend="italic"><supplied reason="illegible">[combienz qu’il soyt que ne vous voy souvent]</supplied></hi></l>
                <l xml:id="l5" n="5"><supplied reason="illegible">[... -ent]</supplied></l>
                <l xml:id="l6"><supplied reason="illegible">[... -ie]</supplied></l>
                <l xml:id="l7"><hi rend="italic"><supplied xml:id="suppl1" reason="illegible">[combienz qu’il soyt que ne vous voy souvent,</supplied></hi></l>
                <l xml:id="l8"><hi rend="italic"><supplied xml:id="suppl2" corresp="#suppl1" reason="illegible">chiere dame a cuy du tout m’outrie].</supplied></hi></l>
            </lg>

        </body>



        <back>
            <listWit>
                <witness xml:id="R">
                    <ref type="siglum" target="#R">R</ref> c. 73r, <abbr xml:id="ManC">C</abbr> (vv. 1-2)
                </witness>
                
                <witness xml:id="Str">
                    <ref type="siglum" target="#">Str</ref> c. 24v (<hi rend="italic">perduto</hi>)
                </witness>
            </listWit>


            <listApp type="substantial">               
               
                <listApp>
                    <head>1</head>
                    <app from="#l1a1" to="#l1a2">
                        <lem>souvent</lem>
                        <rdg wit="#R">ma chiere</rdg>
                    </app>
                </listApp>
                
                <listApp>
                    <head>2</head>
                    <app from="#l2a1" to="#l2a2">
                        <lem>chiere</lem>
                        <rdg wit="#R">merveglieux </rdg>
                    </app>
                    
                    <app from="#l2a3" to="#l2a4">
                        <lem>du</lem>
                        <rdg wit="#R">da</rdg>
                    </app>
                    
                    <app from="#l2a5" to="#l2a6">
                        <lem>outrie</lem>
                        <rdg wit="#R">ontrie</rdg>
                    </app>
                </listApp>
                
               
            </listApp>



            <!--<listApp type="formal">
               
            </listApp>-->
            


            <div type="metricalScheme">
                <p><hi rend="italic">Rondeau</hi> [8’A 8B 8’A 8B]; 8’a 8b [8’A 8B]; 8’a 8b 8’a 8b; [8’A 8B 8’A 8B].</p>
            </div>


            <listBibl type="editions">
                <bibl corresp="#Apel-Rosenberg1972">Apel-Rosenberg 1972, p. LXVI;</bibl>
                <bibl corresp="#Greene1989"> Greene 1989, pp. 47-8.</bibl>
            </listBibl>


            <!--<listBibl type="bibliography">
            <bibl corresp="#">
            </bibl>
            </listBibl>-->


            <!--<div type="commentary">
               
            </div>-->


            <listBibl type="editionsBibliography">
                <bibl xml:id="Apel-Rosenberg1972"><hi rend="italic">French Secular Compositions of the Fourteenth Century: Vol. III, Anonymous Virelais, Rondeaux, Chansons, Canons</hi>, ed. by W. Apel, edition of the Literary Texts by Samuel Rosenberg, Rome, American Institute of Musicology, 1972 (CMM, 53/3).</bibl>
                <bibl xml:id="Greene1989">Gordon Greene, <hi rend="italic">French Secular Music. Rondeaux and Miscellaneous Pieces</hi>, Monaco, Éditions de l’Oiseau-Lyre, 1989 (Polyphonic Music of the Fourteenth Century, XXII).</bibl>
            </listBibl>
        </back>
    </text>
</TEI>
