<?xml version="1.0" encoding="UTF-8"?>
<?xml-model href="http://www.tei-c.org/release/xml/tei/custom/schema/relaxng/tei_all.rng" type="application/xml" schematypens="http://relaxng.org/ns/structure/1.0"?>
<?xml-model href="http://www.tei-c.org/release/xml/tei/custom/schema/relaxng/tei_all.rng" type="application/xml"
	schematypens="http://purl.oclc.org/dsdl/schematron"?>
<TEI xmlns="http://www.tei-c.org/ns/1.0">
   <teiHeader>
      <fileDesc>
         <titleStmt>
            <title>Con dogliosi martire</title>
            <respStmt>
               <resp>Digital scholarly edition created within the ERC</resp>
               <orgName><ref target="https://www.europeanarsnova.eu/">European Ars Nova</ref> project.</orgName>
            </respStmt>
            <respStmt>
                <resp>Edited by</resp>
                <name>Maria Sofia Lannutti</name> 
            </respStmt>
            <respStmt>
                <resp>Revised by</resp>
                <name>Luca Gatti</name>
            </respStmt>
             <respStmt>
                <resp>TEI-encoded by</resp>
                <name>Letizia Ricci</name>
            </respStmt>
         </titleStmt>
         <publicationStmt>
            <p></p>
            <!--publisher>Edizioni del Galluzzo</publisher>
            <pubPlace>Firenze, Italia</pubPlace>
            <date>2021</date>
            <availability>
               <p>L'edizione è disponibile su licenza.</p>
            </availability>            
            <idno type="ISBN">ISBN</idno>
            <idno type="DOI">DOI</idno>
            <idno type="URI">permalink della scheda ANT</idno-->
         </publicationStmt>
         <sourceDesc>
            <p></p>
         </sourceDesc>
      </fileDesc>
      <encodingDesc>
         <variantEncoding method="double-end-point" location="internal"/>
      </encodingDesc>
   </teiHeader>
    <text>
      <!-- <front>
         <div>
            <p>
            </p>
         </div>
      </front> -->
      <body>
         <lg>
            <l xml:id="l1">
                Con <anchor xml:id="l1a1"/>dogliosi<anchor xml:id="l1a2"/> martire,
            </l>
            <l xml:id="l2">
                <anchor xml:id="l2a1"/>che ’l<anchor xml:id="l2a2"/> mio <anchor xml:id="l2a3"/>cor <supplied reason="illegible">[e]</supplied><anchor xml:id="l2a4"/> tormenta,
            </l>
            <l xml:id="l3">
                <anchor xml:id="l3a1"/>romango<anchor xml:id="l3a2"/> descontenta, 
            </l>
            <l xml:id="l4">
                <anchor xml:id="l4a1"/>segnor<anchor xml:id="l4a2"/> mio caro, del vostro partire.
            </l>
        </lg>
        <lg>
            <l xml:id="l5" n="5">
                Via ve n’andate et io, 
            </l>
            <l xml:id="l6">
                lassa, romango sconsolatamente. 
            </l>
            <l xml:id="l7">
                O dolce signor mio, 
            </l>
            <l xml:id="l8">
                per Dio ve prego, non v’esca di mente 
            </l>
            <l xml:id="l9">
                le lagreme dolente 
            </l>
            <l xml:id="l10" n="10">
                che nel partir gittasti, 
            </l>
            <l xml:id="l11">
                quando che me lassasti 
            </l>
            <l xml:id="l12">
                quel dolçe signo del to bon desire. 
            </l>
        </lg>
      </body>
      <back>
         <listWit>
            <witness xml:id="Lu">
                <ref type="siglum" target="#Lu">Lu</ref>
                c. <locus>25v</locus>, <abbr xml:id="LuC">C</abbr> (vv. 1-6), <abbr xml:id="LuT">T</abbr> (vv. 1-6), <hi rend="italic">resid.</hi> (vv. 7-12): <hi rend="italic">antonellus</hi>
            </witness>
            <witness xml:id="Mg4">
                <ref type="siglum" target="#Mg4">Mg4</ref>
                c. <locus>24r</locus>
            </witness>
         </listWit>
         <listApp type="substantial">
            <listApp>
                <head>2</head>
                <app from="#l2a1" to="#l2a2">
                   <lem>che ’l</lem>
                   <rdg wit="#Mg4">el</rdg>
                </app>
                <app from="#l2a3" to="#l2a4">
                    <lem>core</lem>
                    <rdg wit="#Lu #Mg4">cor</rdg>
                </app>
            </listApp>
         </listApp>
         <listApp type="formal">
            <listApp>
                <head>1</head>
                <app from="#l1a1" to="#l1a2">
                    <lem>dogliosi</lem>
                    <rdg wit="#Mg4">doyosi</rdg>
                </app>
            </listApp>
            <listApp>
                <head>3</head>
                <app from="#l3a1" to="#l3a2">
                    <lem>romango</lem>
                    <rdg wit="#Mg4">romagno</rdg>
                </app>
            </listApp>
            <listApp>
                <head>4</head>
                <app from="#l4a1" to="#l4a2">
                    <lem>segnor</lem>
                    <rdg wit="#Mg4">segnor</rdg>
                </app>
            </listApp>
         </listApp>
         <div type="metricalScheme">
            <p>
                Ballata grande 6’z 6’y 6’y 10’z; 6’a 10’b, 6’a 10’b; 6’b 6’c 6’c 10’z. 
            </p>
            <p>
                <hi rend="italic">Pagnotta</hi> 98 : 88
            </p>
            <p>
                Rima inclusiva e derivativa ai vv. 6 : 8.
            </p>
            <p>
                Punti sottoscritti: v. 5 (<hi rend="italic">andate</hi>) Lu.
            </p>
         </div>
         <listBibl type="editions">
            <bibl corresp="#Pirrotta-LiGotti1950">
                Pirrotta-Li Gotti 1950, p. 131.
            </bibl>
         </listBibl>
         <!--listBibl type="bibliography">
            <bibl>
               <relatedItem>
                  <bibl>Riferimento bibliografico completo</bibl>
               </relatedItem>
            </bibl>
         </listBibl-->
        <div type="commentary">
            <note target="#l6">
                <num>6.</num>
                <p>‘per questo non è affatto tranquillo’ (cfr. DMF, s. v. <hi rend="italic">sejour</hi>: «À séjour. “En repos”».</p>
            </note>
         </div>
         <listBibl type="editionsBibliography">
            <bibl xml:id="Pirrotta-LiGotti1950">
                N. Pirrotta-E. Li Gotti, <hi rend="italic">Il Codice di Lucca: II. Testi letterari</hi>, «Musica Disciplina», 4 (1950), pp. 111-152.
            </bibl>
         </listBibl>
      </back>
   </text>
</TEI>
