<?xml version="1.0" encoding="UTF-8"?>
<?xml-model href="http://www.tei-c.org/release/xml/tei/custom/schema/relaxng/tei_all.rng" type="application/xml" schematypens="http://relaxng.org/ns/structure/1.0"?>
<?xml-model href="http://www.tei-c.org/release/xml/tei/custom/schema/relaxng/tei_all.rng" type="application/xml"
	schematypens="http://purl.oclc.org/dsdl/schematron"?>
<TEI xmlns="http://www.tei-c.org/ns/1.0">
   <teiHeader>
      <fileDesc>
         <titleStmt>
            <title>Con’ cavalc’ el cont’ Ugo per la strada</title>
            <!--<author><ref target="X"></ref></author>-->
            <respStmt>
               <resp>Digital scholarly edition created within the ERC</resp>
               <orgName><ref target="https://www.europeanarsnova.eu/">European Ars Nova</ref> project.</orgName>
            </respStmt>
            <respStmt> 
               <resp>Edited by</resp> 
               <name>Maria Sofia Lannutti</name> 
            </respStmt> 
            <respStmt> 
               <resp>Revised by</resp> 
               <name>Luca Gatti</name> 
            </respStmt> 
            <respStmt> 
               <resp>TEI-encoded by</resp> 
               <name>Elvira Mercatanti</name> 
            </respStmt> 
         </titleStmt>
         <publicationStmt>
            <p></p>
            <!--publisher>Edizioni del Galluzzo</publisher>
            <pubPlace>Firenze, Italia</pubPlace>
            <date>2021</date>
            <availability>
               <p>L'edizione è disponibile su licenza.</p>
            </availability>            
            <idno type="ISBN">ISBN</idno>
            <idno type="DOI">DOI</idno>
            <idno type="URI">permalink della scheda ANT</idno-->
         </publicationStmt>
         <sourceDesc>
            <p></p>
         </sourceDesc>
      </fileDesc>
      <encodingDesc>
         <variantEncoding method="double-end-point" location="internal"/>
      </encodingDesc>
   </teiHeader>
   <text>
      <!--<front> 
         <div> 
            <p>
               Aggiungi qui l'INTRODUZIONE (se presente). Suddividila in paragrafi (<p>)
               e marca i corsivi (<hi rend="italic"> </hi> )
            </p> 
         </div>         
      </front> --> 
      <body>
         <lg>
            <l xml:id="l1">
               <anchor xml:id="l1a1"/>Con<anchor xml:id="l1a2"/>’ <anchor xml:id="l1a3"/>cavalc’<anchor xml:id="l1a4"/> el cont’ Ugo per la strada,
            </l>
            <l xml:id="l2">
               <anchor xml:id="l2a1"/>ça<anchor xml:id="l2a2"/> inscontras’ in una Remençarda,
            </l>
         </lg>
         <lg>
            <l xml:id="l3">
              <anchor xml:id="l3a1"/>figlia del<anchor xml:id="l3a2"/> so <anchor xml:id="l3a3"/>segnor<supplied reason="illegible">[e]</supplied><anchor xml:id="l3a4"/>.
            </l>
         </lg>
         <lg>
            <l xml:id="l4">
               Braço ghe çeta al collo <anchor xml:id="l4a1"/><supplied reason="illegible">[e sì]</supplied><anchor xml:id="l4a2"/> basòla
            </l>
            <l xml:id="l5" n="5">
               per <anchor xml:id="l5a1"/>amor<anchor xml:id="l5a2"/>: «<anchor xml:id="l5a3"/>Domnidio<anchor xml:id="l5a4"/> de Remençarda!	
            </l>
         </lg>
         <lg>
            <l xml:id="l6">
               Che fêsti <anchor xml:id="l6a1"/>luna e sole<anchor xml:id="l6a2"/>!»
            </l>
         </lg>            
         
      </body>



      <back>
         <listWit>            
            <witness xml:id="Rs">
               <ref type="siglum" target="#Rs">Rs</ref> 
               c. 32r, <abbr xml:id="RsC">C</abbr> (vv. 1-3), <abbr xml:id="RsT">T</abbr> (vv. 1-3), <hi rend="italic">resid.</hi> (vv. 4-6)
            </witness>
         </listWit>


         <listApp type="substantial">
            <listApp>
               <head>1</head>
               <app from="#l1a1" to="#l1a2">
                  <lem>Con</lem>
                  <rdg  wit="#Rs">e con</rdg>
               </app>  

               <app from="#l1a3" to="#l1a4">
                  <lem>cavalc’</lem>
                  <rdg wit="#Rs"> cavalche </rdg>
               </app>
            </listApp>

            <listApp>
               <head>2</head>            
               <app from="#l2a1" to="#l2a2">
                  <lem>ça</lem>
                  <rdg>e çarlo <wit><ref corresp="#RsC">Rs<hi rend="super">C</hi></ref></wit></rdg>
                  <rdg>e <gap reason="illegible" unit="chars" quantity="3" rend="***"/>lo <wit><ref corresp="#RsT">Rs<hi rend="super">T</hi></ref></wit></rdg>
               </app>            
            </listApp>
         
            <listApp>
               <head>3</head>
               <app from="#l3a1" to="#l3a2">
                  <lem>figlia del</lem>
                  <rdg>figliola de lo <wit><ref corresp="#RsC">Rs<hi rend="super">C</hi></ref></wit></rdg>
                  <rdg>e figliola de <wit><ref corresp="#RsT">Rs<hi rend="super">T</hi></ref></wit></rdg>
               </app>

               <app from="#l3a3" to="#l3a4">
                  <lem>segnore</lem>
                  <rdg wit="#Rs">segnor</rdg>
               </app>
            </listApp>

            <listApp>
               <head>4</head>
               <app from="#l4a1" to="#l4a2">
                  <lem>e sì</lem>
                  <rdg wit="#Rs"/>
               </app>          
            </listApp>

             <listApp>
               <head>5</head>
               <app from="#l5a1" to="#l5a2">
                  <lem>amor</lem>
                  <rdg wit="#Rs"> amore</rdg>
               </app> 

               <app from="#l5a3" to="#l5a4">
                  <lem>Domnidio</lem>
                  <rdg wit="#Rs"> dominidio</rdg>
               </app>          
            </listApp>

            <listApp>
               <head>6</head>
               <app from="#l6a1" to="#l6a2">
                  <lem>luna e sole</lem>
                  <rdg wit="#Rs">la luna el sole</rdg>
               </app>          
            </listApp>
         </listApp>



         <!--<listApp type="formal">
         </listApp>-->


         <div type="metricalScheme">
            <p>Madrigale pluristrofico 10’a 10’b; 6’c.</p>
            <p>Rima identica ai vv. 2 : 5.</p>
         </div>


         <listBibl type="editions">
            <bibl corresp="#Mischiati1966"> 
               Mischiati 1966, p. 75;
            </bibl>            

            <bibl corresp="#Pirrotta1992"> 
              Pirrotta 1992, p. 37;
            </bibl>

            <bibl corresp="#Sucato2003">
               Sucato 2003, p. 88.
            </bibl>
         </listBibl>


         <!--<listBibl type="bibliography">
            <bibl corresp="#">
            </bibl>
         </listBibl>-->


         <div type="commentary">
            <note target="#l2">
               <num>2.</num>
               <p>‘qui (sulla strada) s’imbatte in una di nome Remençarda’. </p>
               <p><hi rend="italic">ça</hi>: ‘qui’. La <hi rend="italic">e</hi> iniziale genera ipermetria, ed è quindi stata espunta, come al verso successivo. Si sarebbe forse potuto conservare <hi rend="italic">çarlo</hi> nome proprio, interpretando il primo verso come indicazione temporale generica ‘All’epoca in cui il conte Ugo cavalcava per la strada’. </p>
               
               <p><hi rend="italic">Remençarda</hi>: variante di Ermengarda; altri nomi propri, oltre <hi rend="italic">Ugo</hi> al v. 1, <hi rend="italic">Çiliola, Uberto</hi> e <hi rend="italic">Vïola</hi> nel madrigale <hi rend="italic">A l’alba una maitina solo andava, che segue Con’ cavalc’ el cont’ Ugo per la strada</hi> in Rs. È possibile che si alluda a Ugo di Provenza, eletto re d’Italia il 6 luglio del 926, e a sua sorella o sorellastra Ermengarda di Ivrea. In ogni caso, i nomi <hi rend="italic">Ugo e Remençarda</hi> richiamano i personaggi dei poemi narrativi franco-veneti, tra i quali l’<hi rend="italic">Huon d'Auvergne</hi>.</p>
            </note>

            <note target="#l4">
               <num>4.</num>
               <p>L’integrazione è già in Sucato 2003.</p>
            </note>

            <note target="#l6">
               <num>6.</num>
               <p><hi rend="italic"> fêsti</hi>: ‘facesti’.</p>
            </note>
         </div>


         <listBibl type="editionsBibliography">

            <bibl xml:id="Mischiati1966">
               O. Mischiati, <hi rend="italic">Uno sconosciuto frammento appartenente al codice Vaticano Rossi 215</hi>, «Rivista italiana di musicologia», 1 (1966), pp. 68-76.
            </bibl>

            <bibl xml:id="Pirrotta1992">
               N. Pirrotta, <hi rend="italic">Il codice Rossi 215 della Biblioteca Apostolica Vaticana. Con i frammenti della fondazione Opera pia don Giuseppe Greggiati di Ostiglia</hi>, Lucca, LIM, 1992.
            </bibl>

            <bibl xml:id="Sucato2003">
               Tiziana Sucato, <hi rend="italic">Il codice rossiano 215. Madrigali, ballate, una caccia, un rotondello</hi>, Pisa, ETS, 2003 («Diverse voci...» 1).
            </bibl>
         </listBibl>
      </back>
   </text>
</TEI>
