<?xml version="1.0" encoding="UTF-8"?>
<?xml-model href="http://www.tei-c.org/release/xml/tei/custom/schema/relaxng/tei_all.rng" type="application/xml" schematypens="http://relaxng.org/ns/structure/1.0"?>
<?xml-model href="http://www.tei-c.org/release/xml/tei/custom/schema/relaxng/tei_all.rng" type="application/xml"
	schematypens="http://purl.oclc.org/dsdl/schematron"?>
<TEI xmlns="http://www.tei-c.org/ns/1.0">
   <teiHeader>
      <fileDesc>
         <titleStmt>
            <title>Corse per l'onde già di speme piena</title>
            <respStmt>
               <resp>Digital scholarly edition created within the </resp>
               <orgName><ref target="https://www.europeanarsnova.eu/">European Ars Nova</ref> ERC project.</orgName>
            </respStmt>
            <respStmt>
               <resp>Edited by</resp>
               <name>Maria Sofia Lannutti</name>
            </respStmt>
            <respStmt>
               <resp>Revised by</resp>
               <name>Luca Gatti</name>
            </respStmt>
            <respStmt>
               <resp>TEI-encoded by</resp>
               <name>Carla Congiu</name>
            </respStmt>
         </titleStmt>
         <publicationStmt>
            <p></p>
            <!--publisher>Edizioni del Galluzzo</publisher>
            <pubPlace>Firenze, Italia</pubPlace>
            <date>2021</date>
            <availability>
               <p>L'edizione è disponibile su licenza.</p>
            </availability>            
            <idno type="ISBN">ISBN</idno>
            <idno type="DOI">DOI</idno>
            <idno type="URI">permalink della scheda ANT</idno-->
         </publicationStmt>
         <sourceDesc>
            <p></p>
         </sourceDesc>
      </fileDesc>
      <encodingDesc>
         <variantEncoding method="double-end-point" location="internal"/>
      </encodingDesc>
   </teiHeader>
   <text>
      <!--front>
         <div>
            <p>
           </p>
         </div>         
      </front-->
      <body>
        <lg>
            <l xml:id="l1">
		    Corse per l’onde già di speme piena
	    </l>
            <l xml:id="l2">
		    la navicella <anchor xml:id="l2a1"/>mia<anchor xml:id="l2a2"/> d’aver buon porto
	    </l>
            <l xml:id="l3">
		    dietr’ alla stella <anchor xml:id="l3a1"/>lucid’ e·sserena<anchor xml:id="l3a2"/>,
	    </l>
            <l xml:id="l4">
		    onde el giovin tempo in suo diporto
	    </l>
            <l xml:id="l5" n="5">
		    lieto vivea, con dolci fiamme accese,
	    </l>
            <l xml:id="l6">
		    quasi già certo del mie gran conforto.
	    </l>
        </lg>
        <lg>
            <l xml:id="l7">
		    Ma nuov’ <anchor xml:id="l7a1"/>uccel<anchor xml:id="l7a2"/> per l’aria giù discese,
	    </l>
            <l xml:id="l8">
		    che la mie speme per sé tolse et prese.
	    </l>
        </lg>
       </body>
      <back>
         <listWit>
            <witness xml:id="Pit">
               <ref type="siglum" target="#Pit">Pit</ref>
               cc. <locus>59v-60r</locus>, <abbr xml:id="PitC">C</abbr> (vv. 1-3 e 7-8), <abbr xml:id="PitT">T</abbr> (vv. 1-3 e 7), <hi rend="italic">resid</hi>. (vv. 4-6): <hi rend="italic">p(aulus) a(bbas)</hi>
            </witness>
            <witness xml:id="SL">
               <ref type="siglum" target="#SL">SL</ref>
               cc. <locus>51v-101r</locus>, <abbr xml:id="SLC">C</abbr> (vv. 1-3 e 7-8), <abbr xml:id="SLT">T</abbr> (vv. 1-3 e 7), <hi rend="italic">resid</hi>. (vv. 4-6): <hi rend="italic">p(aulus) a[...]</hi>. Il <hi rend="italic">cantus</hi> e il <hi rend="italic">residuum</hi> sono illeggibili.
            </witness>
            </listWit>
           <listApp type="formal">
            <listApp>
               <head>2</head>
               <app from="#l2a1" to="#l2a2">
                  <lem>mia</lem>
                  <rdg>mie <wit><ref target="#PitT">Pit<hi rend="super">T</hi></ref></wit>
                  <wit><ref target="#SLT">SL</ref><hi rend="super">T</hi></wit></rdg>
               </app>
              </listApp>
              <listApp>
                 <head>3</head>
                 <app from="#l3a1" to="#l3a2">
                    <lem>lucid’ e·sserena</lem>
                    <rdg>lucide serena <wit><ref target="#SLT">SL<hi rend="super">T</hi></ref></wit></rdg>
                 </app>
               </listApp>
               <listApp>
                 <head>7</head>
                 <app from="#l7a1" to="#l7a2">
                    <lem>uccel</lem>
                    <rdg>ucel <wit><ref target="#SLT">SL<hi rend="super">T</hi></ref></wit></rdg>                    
                 </app>
                </listApp>
               </listApp>
         <div type="metricalScheme">
            <p>Madrigale 10’a 10’b 10’a, 10’b 10’c 10’b; 10’c 10’c.</p> 
            <p><hi rend="italic">Capovilla</hi> VII.</p>
            <p>Punti sottoscritti: v. 2 (<hi rend="italic">mia</hi>) Pit<hi rend="super">C</hi>.
            </p>
            </div>
         <listBibl type="editions">
            <bibl corresp="#Corsi1969">
                Corsi 1969, p. 1044;
            </bibl>
            <bibl corresp="#Corsi1970">
               Corsi 1970, p. 268.
            </bibl>
         </listBibl>
         <!--div type="commentary">
         </div-->
         <listBibl type="editionsBibliography">
            <bibl xml:id="Corsi1969">
               G. Corsi, <hi rend="italic">Rimatori del Trecento</hi>, Torino, UTET, 1969.
            </bibl>
            <bibl xml:id="Corsi1970">
               Giuseppe Corsi, <hi rend="italic">Poesie musicali del Trecento</hi>, Bologna, Commissione per i testi di lingua, 1970 (Collezione di opere inedite o rare, 131).
            </bibl>
         </listBibl>
      </back>
   </text>
</TEI>
