<?xml version="1.0" encoding="UTF-8"?>
<?xml-model href="http://www.tei-c.org/release/xml/tei/custom/schema/relaxng/tei_all.rng" type="application/xml" schematypens="http://relaxng.org/ns/structure/1.0"?>
<?xml-model href="http://www.tei-c.org/release/xml/tei/custom/schema/relaxng/tei_all.rng" type="application/xml"
	schematypens="http://purl.oclc.org/dsdl/schematron"?>
<TEI xmlns="http://www.tei-c.org/ns/1.0">
    <teiHeader>
        <fileDesc>
            <titleStmt>
                <title>Cridavan tuti: «Viva! Sacomano!»</title>
                <respStmt>
                    <resp>Digital scholarly edition created within the </resp>
                    <orgName><ref target="https://www.europeanarsnova.eu/">European Ars Nova</ref> ERC project.</orgName>
                </respStmt>
                <respStmt>
                    <resp>Edited by</resp>
                    <name>Maria Sofia Lannutti</name>
                </respStmt>
                <respStmt>
                    <resp>Revised by</resp>
                    <name>Vittoria Brancato</name>
                </respStmt>
                <respStmt>
                    <resp>TEI-encoded by</resp>
                    <name>Carla Congiu</name>
                </respStmt>
            </titleStmt>
            <publicationStmt>
                <p></p>
                <!--publisher>Edizioni del Galluzzo</publisher>
            <pubPlace>Firenze, Italia</pubPlace>
            <date>2021</date>
            <availability>
               <p>L'edizione è disponibile su licenza.</p>
            </availability>            
            <idno type="ISBN">ISBN</idno>
            <idno type="DOI">DOI</idno>
            <idno type="URI">permalink della scheda ANT</idno-->
            </publicationStmt>
            <sourceDesc>
                <p></p>
            </sourceDesc>
        </fileDesc>
        <encodingDesc>
            <variantEncoding method="double-end-point" location="internal"/>
        </encodingDesc>
    </teiHeader>
    <text>
        <!--front>
            <div>
                <p>
                </p>
            </div>         
        </front-->
        <body>
            <lg>
                <l xml:id="l1">
                    <anchor xml:id="l1a1"/><supplied>[C]</supplied>ridavan<anchor xml:id="l1a2"/> tuti: «Viva! Sacomano!»,
                </l>
                <l xml:id="l2">
                    dereto a mi corendo per ferire: 
                </l>
                <l xml:id="l3">
                    qual era <anchor xml:id="l3a1"/>Italïan<anchor xml:id="l3a2"/>, qual Allamano. 
                </l>
                <l xml:id="l4">
                    Vedendo ch’io pur non potea fugire, 
                </l>
                <l xml:id="l5" n="5">
                    el <anchor xml:id="l5a1"/>dito levai, umil<supplied>[e]</supplied><anchor xml:id="l5a2"/> dicendo
                </l>
                <l xml:id="l6">
                    «Per Dio, mercé, no mi fati morire!».
                </l>
            </lg>
            <lg>
                <l xml:id="l7">
                    Non fo en loro fede né liança, 
                </l>
                <l xml:id="l8">
                    che tal me de’ de friça e tal de lança. 
                </l>
            </lg>
        </body>
        <back>
            <listWit>
                <witness xml:id="R">
                    <ref type="siglum" target="#R">R</ref>
                    c. <locus>11r</locus>, <abbr xml:id="RC">C</abbr> (vv. 1-3 e 7-8), <abbr xml:id="RT">T</abbr> (vv. 1-3 e 7-8), <hi rend="italic">resid. (vv. 4-6)</hi>
                </witness>
            </listWit>
            <listApp type="substantial">
                <listApp>
                    <head>1</head>
                    <app from="#l1a1" to="#l1a2">
                        <lem>Cridavan</lem>
                        <rdg wit="#R">ridavan</rdg>
                    </app>
                </listApp>
                <listApp>
                    <head>5</head>
                    <app from="#l5a1" to="#l5a2">
                        <lem>dito levai, umile</lem>
                        <rdg wit="#R">ditto chio levay humil</rdg>
                    </app>
                </listApp>
            </listApp>
            <listApp type="formal">
                <listApp>
                    <head>3</head>
                    <app from="#l3a1" to="#l3a2">
                        <lem>Italïan</lem>
                        <rdg>ytallian <wit><ref target="#RT">R<hi rend="super">T</hi></ref></wit></rdg>
                    </app>
                </listApp>
            </listApp>
            <div type="metricalScheme">
                <p>Madrigale: 10’a 10’b 10’a, 10’b 10’c 10’b; 10’d 10’d.</p>
                <p><hi rend="italic">Capovilla</hi> XI.</p>
                <p>Rima ricca ai vv. 1 : 3, 2 : 6.</p>
            </div>
            <listBibl type="editions">
                <bibl corresp="#Corsi1959">
                    Corsi 1959, p. 330;
                </bibl>
                <bibl corresp="#Pirrotta1960">
                    Pirrotta 1960, p. XI;
                </bibl>
                <bibl corresp="#Wilkins1964">
                    Wilkins 1964, p. 153;
                </bibl>
                <bibl corresp="#Corsi1970">
                    Corsi 1970, p. 335;
                </bibl>
                <bibl corresp="#Fantini2021">
                    Fantini 2021, pp. 350-2.
                </bibl>
            </listBibl>
            <div type="commentary">
                <note target="#l1">
                    <num>1.</num>
                    <hi rend="italic">Sacomano</hi>: ‘saccheggio’, cfr. <hi rend="italic">TLIO</hi>, s.v. <hi rend="italic">saccomanno</hi>, 2.
                </note>
                <note target="#l5">
                    <num>5.</num>
                    L’emendamento è già in Fantini 2021.
                </note>
            </div>
            <listBibl type="editionsBibliography">
                <bibl xml:id="Corsi1959">
                    Giuseppe Corsi, <hi rend="italic">Madrigali inediti</hi>, in «Belfagor» XIV (1959), pp. 72-82.
                </bibl>
                <bibl xml:id="Pirrotta1960">
                    Nino Pirrotta, <hi rend="italic">The Music of Fourteenth Century Italy II. Maestro Piero; Codex Vatican Rossi 215; Anonymous Madrigals and Cacce from Other Manuscripts</hi>, Amsterdam, American Institute of Musicology, 1960 (CMM, 8/2).</bibl>
                <bibl xml:id="Wilkins1964">
                    N. Wilkins, <hi rend="italic">A critical edition of the French and Italian texts and music contained in the Codex Reina</hi>, PhD Thesis, University of Nottingham, 1964.
                </bibl>
                <bibl xml:id="Corsi1970">
                    Giuseppe Corsi, <hi rend="italic">Poesie musicali del Trecento</hi>, Bologna, Commissione per i testi di lingua, 1970 (Collezione di opere inedite o rare, 131).
                </bibl>
                <bibl xml:id="Fantini2021">
                    S. M. Fantini, <hi rend="italic"> Il codice F-PN6771 (Reina): contenuto, struttura, generi</hi>, tesi di dottorato, Università di Siena, 2021.
                </bibl>
            </listBibl>
        </back>
    </text>
</TEI>
