<?xml version="1.0" encoding="UTF-8"?>
<?xml-model href="http://www.tei-c.org/release/xml/tei/custom/schema/relaxng/tei_all.rng" type="application/xml" schematypens="http://relaxng.org/ns/structure/1.0"?>
<?xml-model href="http://www.tei-c.org/release/xml/tei/custom/schema/relaxng/tei_all.rng" type="application/xml"
	schematypens="http://purl.oclc.org/dsdl/schematron"?>
<TEI xmlns="http://www.tei-c.org/ns/1.0">
    <teiHeader>
        <fileDesc>
            <titleStmt>
                <title>Dal cielo scese per iscala dʼoro</title>
                <!--<author><ref target="X"></ref></author>-->
                <respStmt>
                    <resp>Digital scholarly edition created within the ERC</resp>
                    <orgName><ref target="https://www.europeanarsnova.eu/">European Ars Nova</ref>
                        project.</orgName>
                </respStmt>
                <respStmt>
                    <resp>Edited by</resp>
                    <name>Vittoria Brancato</name>
                </respStmt>
                <respStmt>
                    <resp>Revised by</resp>
                    <name>Luca Gatti</name>
                </respStmt>
                <respStmt>
                    <resp>TEI-encoded by</resp>
                    <name>Elvira Mercatanti</name>
                </respStmt>
            </titleStmt>
            <publicationStmt>
                <p/>
                <!--publisher>Edizioni del Galluzzo</publisher>
            <pubPlace>Firenze, Italia</pubPlace>
            <date>2021</date>
            <availability>
               <p>L'edizione è disponibile su licenza.</p>
            </availability>           
            <idno type="ISBN">ISBN</idno>
            <idno type="DOI">DOI</idno>
            <idno type="URI">permalink della scheda ANT</idno-->
            </publicationStmt>
            <sourceDesc>
                <p/>
            </sourceDesc>
        </fileDesc>
        <encodingDesc>
            <variantEncoding method="double-end-point" location="internal"/>
        </encodingDesc>
    </teiHeader>
    <text>
        <!--<front>
         <div>
            <p>
               Aggiungi qui l'INTRODUZIONE (se presente). Suddividila in paragrafi (<p>)
               e marca i corsivi (<hi rend="italic"></hi>)
            </p>
         </div>        
      </front>-->
        <body>
            <lg>
                <l xml:id="l1">Dal cielo scese per iscala dʼoro</l>
                <l xml:id="l2">una donna fenice umilʼ e pia,</l>
                <l xml:id="l3"><anchor xml:id="l3a3"/>per<anchor xml:id="l3a4"/> dimostrar dʼ<anchor xml:id="l3a1"/>onestʼ amar<anchor xml:id="l3a2"/> la via.</l>
                <l xml:id="l4">Di perle orïental tutta vestita,</l>
                <l xml:id="l5" n="5">bella più cʼaltra, di virtù copiosa</l>
                <l xml:id="l6">et di vera onestà è fatta sposa.</l>
            </lg>
            <lg>
                <l xml:id="l7">Però chi <anchor xml:id="l7a1"/>vol<anchor xml:id="l7a2"/> dʼonestʼ amar la fama</l>
                <l xml:id="l8">segua <anchor xml:id="l8a3"/>costeʼ<anchor xml:id="l8a4"/> <anchor xml:id="l8a1"/>che nʼè<anchor xml:id="l8a2"/> radice et rama.</l>                
            </lg>

        </body>



        <back>
            <listWit>
                <witness xml:id="Sq">
                    <ref type="siglum" target="#Sq">Sq</ref>cc. <locus>77v-78r</locus>, <abbr xml:id="SqC">C</abbr> (vv. 1-3 e 7-8), <abbr xml:id="SqT">T</abbr> (vv. 1-3 e 7-8), <hi rend="italic">resid.</hi> (vv. 4-6): <hi rend="italic">m(agister) donatus de florentia</hi>
                </witness>
                
                <witness xml:id="SL">
                    <ref type="siglum" target="#SL">SL</ref>cc. <locus>81v-82r</locus>, <abbr xml:id="SLC">C</abbr> (vv. 1-3 e 7-8), <abbr xml:id="SLT">T</abbr> (vv. 1-3 e 7-8): <hi rend="italic">do donatus</hi> (leggibile solo a 82r). Testo per gran parte illeggibile. 
                </witness>
            </listWit>


            <listApp type="substantial">              
               <listApp>
                   <head>3</head>
                   <app from="#l3a1" to="#l3a2">
                       <lem>onestʼ amar</lem>
                       <rdg>onesta amar <wit><ref corresp="#SqT">Sq<hi rend="super">T</hi></ref></wit> </rdg>
                   </app>
               </listApp>
                
                <listApp>
                    <head>8</head>
                    <app from="#l8a1" to="#l8a2">
                        <lem>che nʼè</lem>
                        <rdg>cheune <wit><ref corresp="#SqT">Sq<hi rend="super">T</hi></ref></wit></rdg>
                    </app>
                </listApp>
            </listApp>



           <listApp type="formal">
                <listApp>
                    <head>3</head>
                    <app from="#l3a3" to="#l3a4">
                        <lem>per</lem>
                        <rdg>per per <wit><ref corresp="#SqC">Sq<hi rend="super">C</hi></ref></wit></rdg>
                    </app>
                </listApp>
               
               <listApp>
                   <head>7</head>
                   <app from="#l7a1" to="#l7a2">
                       <lem>vol</lem>
                       <rdg>vuol <wit><ref corresp="#SqT">Sq<hi rend="super">T</hi></ref></wit></rdg>
                   </app>
               </listApp>
               
               <listApp>
                   <head>8</head>
                   <app from="#l8a3" to="#l8a4">
                       <lem>costeʼ</lem>
                       <rdg>costei <wit><ref corresp="#SqT">Sq<hi rend="super">T</hi></ref></wit></rdg>
                   </app>
               </listApp>
               
              
           </listApp>
            


            <div type="metricalScheme">
                <p>Madrigale 10ʼa 10ʼb 10ʼb, 10ʼc 10ʼd 10ʼd; 10ʼe 10ʼe. </p>
                <p><hi rend="italic">Capovilla</hi> <hi rend="small-caps">xlviii</hi>.</p>
                <p>Punti sottoscritti: v. 3 (<hi rend="italic">amar</hi>: <hi rend="italic">a</hi>-) Sq<hi rend="super">T</hi>.</p>
            </div>


            <listBibl type="editions">
                <bibl corresp="#Corsi1969">Corsi 1969, pp. 117-8;</bibl>
                <bibl corresp="#Giorgetti2019-2020">Giorgetti 2019-2020, pp. 105-8.</bibl>
            </listBibl>


            <div type="commentary">
                <note>Il madrigale è celebrativo e araldico, come si evince da due motivi. La presenza della <hi rend="italic">iscala</hi> forse rimanda agli Scaligeri, così come il più raro <hi rend="italic">fenice</hi>, qui riferito alla donna e simbolo para-araldico, legato alle raffigurazioni sulle tombe di alcuni membri della famiglia degli Scaligeri. Potrebbe essere evocato poi il matrimonio tra Samaritana, figlia di Guido da Polenta e Antonio della Scala (del 1378). Non è esclusa neppure unʼinterpretazione in chiave mistica del testo: la scala dorata trova precedenti almeno nella Bibbia (<hi rend="italic">Genesi</hi> 28:12) e nella <hi rend="italic">Commedia</hi> dantesca (<hi rend="italic">Par</hi>. XXI, vv. 28-33), per cui cfr. Giorgetti 2019-2020, p. 107.</note>
                <note target="#l3">
                    <num>3.</num>
                    <p>ʻper mostrare la via che conduce ad un amore onestoʼ.</p>
                    <p><hi rend="italic">onestʼ</hi>: intendo aggettivo riferito ad <hi rend="italic">amar</hi>; il <hi rend="italic">tenor</hi> di Sq presenta <hi rend="italic">onesta amar</hi>, con espunzione del copista (vedi <hi rend="italic">supra</hi>)</p>
                    <p><hi rend="italic">amar</hi>: infinito sostantivato, vale ʻamoreʼ. </p>
                </note>
                
                <note target="#l7">
                    <num>7.</num>
                    <p>ʻperciò chi vuole la fama che deriva dallʼamare onestamenteʼ, oppure ʻchi vuole amare la fama che deriva da onestàʼ (?).</p>
                </note>
            </div>


            <listBibl type="editionsBibliography">
                <bibl xml:id="Corsi1969">G. Corsi, <hi rend="italic">Rimatori del Trecento</hi>, Torino, UTET, 1969</bibl>
                <bibl xml:id="Giorgetti2019-2020">Elisa Giorgetti, <hi rend="italic">Edizione critica commentata dei testi intonati da Donato da Cascia</hi>, tesi di Laurea Magistrale, Università di Firenze, 2019-2020</bibl>
            </listBibl>
        </back>
    </text>
</TEI>
