<?xml version="1.0" encoding="UTF-8"?>
<?xml-model href="http://www.tei-c.org/release/xml/tei/custom/schema/relaxng/tei_all.rng" type="application/xml" schematypens="http://relaxng.org/ns/structure/1.0"?>
<?xml-model href="http://www.tei-c.org/release/xml/tei/custom/schema/relaxng/tei_all.rng" type="application/xml"
	schematypens="http://purl.oclc.org/dsdl/schematron"?>
<TEI xmlns="http://www.tei-c.org/ns/1.0">
    <teiHeader>
        <fileDesc>
            <titleStmt>
                <title> Dame exellent, ou sont bonté, scavoir</title>
                <!--<author><ref target="X"></ref></author>-->
                <respStmt>
                    <resp>Digital scholarly edition created within the ERC</resp>
                    <orgName><ref target="https://www.europeanarsnova.eu/">European Ars Nova</ref>
                        project.</orgName>
                </respStmt>
                <respStmt>
                    <resp>Edited by</resp>
                    <name>Maria Sofia Lannutti</name> 
                </respStmt>
                <respStmt>
                    <resp>Revised by</resp>
                    <name>Luca Gatti</name>
                </respStmt>
                <respStmt>
                    <resp>TEI-encoded by</resp>
                    <name>Elvira Mercatanti</name>
                </respStmt>
            </titleStmt>
            <publicationStmt>
                <p/>
                <!--publisher>Edizioni del Galluzzo</publisher>
            <pubPlace>Firenze, Italia</pubPlace>
            <date>2021</date>
            <availability>
               <p>L'edizione è disponibile su licenza.</p>
            </availability>            
            <idno type="ISBN">ISBN</idno>
            <idno type="DOI">DOI</idno>
            <idno type="URI">permalink della scheda ANT</idno-->
            </publicationStmt>
            <sourceDesc>
                <p/>
            </sourceDesc>
        </fileDesc>
        <encodingDesc>
            <variantEncoding method="double-end-point" location="internal"/>
        </encodingDesc>
    </teiHeader>
    <text>
        <!--<front> 
         <div> 
            <p>
               Aggiungi qui l'INTRODUZIONE (se presente). Suddividila in paragrafi (<p>)
               e marca i corsivi (<hi rend="italic"> </hi> )
            </p> 
         </div>         
      </front> -->
        <body>
            <lg>
                <l xml:id="l1">Dame <anchor xml:id="l1a1"/>exellent<anchor xml:id="l1a2"/>, ou sont bonté, <anchor xml:id="l1a3"/>scavoir<anchor xml:id="l1a4"/>,</l>
                <l xml:id="l2">biaulté de corps et maintieng gracieux,</l>
                <l xml:id="l3">je <anchor xml:id="l3a1"/>scay<anchor xml:id="l3a2"/> que bien puis dire tout pour voir:</l>
                <l xml:id="l4">estre je doy de <anchor xml:id="l4a1"/>cuer<anchor xml:id="l4a2"/> <supplied reason="illegible"><anchor xml:id="l4a3"/>[le]<anchor xml:id="l4a4"/></supplied> plus <anchor xml:id="l4a5"/>joyeux<anchor xml:id="l4a6"/></l>
                <l xml:id="l5" n="5">par vo doulchour et le plus <anchor xml:id="l5a1"/>amoureux<anchor xml:id="l5a2"/>,</l>
                <l xml:id="l6">car <anchor xml:id="l6a1"/>vos<anchor xml:id="l6a2"/> m’avés tolu toute langour;</l>
                <l xml:id="l7">si pri a Dieu, qui maint lassus es chieulx,</l>
                <l xml:id="l8"><hi rend="italic">que tres bon an vos doint et tres bon jour. </hi></l>
            </lg>

        </body>



        <back>
            <listWit>
                <witness xml:id="Ox2">
                    <ref type="siglum" target="#Ox2">Ox2</ref>  c. 116r, <abbr xml:id="Ox2C1">C1</abbr> (vv. 1-8), <abbr xml:id="Ox2T">T</abbr> (vv. 1-8), <abbr xml:id="Ox2C2">C2</abbr> (vv. 1-8): <hi rend="italic">m(agister) baude cordier</hi>
                </witness>
            </listWit>


            <listApp type="substantial">
                <listApp>
                    <head>4</head>
                    <app from="#l4a1" to="#l4a2">
                        <lem>cuer</lem>
                        <rdg>ceur <wit><ref corresp="#Ox2C1">Ox2<hi rend="super">C</hi><hi rend="super">1</hi></ref></wit> </rdg>
                    </app>
                    
                    <app from="#l4a3" to="#l4a4">
                        <lem>le</lem>
                        <rdg wit="#Ox2"/>
                    </app>
                </listApp>
            </listApp>



            <listApp type="formal">
                <listApp>
                    <head>1</head>
                    <app from="#l1a1" to="#l1a2">
                        <lem>exellent</lem>
                        <rdg>excellent <wit><ref corresp="#Ox2C2">Ox2<hi rend="super">C</hi><hi rend="super">2</hi></ref></wit> </rdg>
                    </app>
                    
                    <app from="#l1a3" to="#l1a4">
                        <lem>scavoir</lem>
                        <rdg>savoir <wit><ref corresp="#Ox2C2">Ox2<hi rend="super">C</hi><hi rend="super">2</hi></ref></wit> </rdg>
                    </app>
                </listApp>
                
                
                <listApp>
                    <head>3</head>                    
                    <app from="#l3a1" to="#l3a2">
                        <lem>scay</lem>
                        <rdg>say <wit><ref corresp="#Ox2C2">Ox2<hi rend="super">C</hi><hi rend="super">2</hi></ref></wit> </rdg>
                    </app>
                </listApp>
                
                
                <listApp>
                    <head>4</head>
                    <app from="#l4a5" to="#l4a6">
                        <lem>joyeux</lem>
                        <rdg>joyeux joieux <wit><ref corresp="#Ox2C2">Ox2<hi rend="super">C</hi><hi rend="super">2</hi></ref></wit></rdg>
                    </app>
                </listApp>
                
                <listApp>
                    <head>5</head>
                    <app from="#l5a1" to="#l5a2">
                        <lem>amoureux</lem>
                        <rdg>amoureus <wit><ref corresp="#Ox2C2">Ox2<hi rend="super">C</hi><hi rend="super">2</hi></ref></wit></rdg>
                    </app>
                </listApp>
                
                <listApp>
                    <head>6</head>
                    <app from="#l6a1" to="#l6a2">
                        <lem>vos</lem>
                        <rdg>vous <wit><ref corresp="#Ox2C2">Ox2<hi rend="super">C</hi><hi rend="super">2</hi></ref></wit></rdg>                        
                    </app>
                </listApp>
            </listApp>


            <div type="metricalScheme">
                <p><hi rend="italic">Ballade</hi> 10a 10b, 10a 10b; 10b 10c 10b 10’C.</p>
                <p>Rima inclusiva ai vv. 1 : 3.</p>
            </div>


            <listBibl type="editions">                
                <bibl corresp="#Reaney1955"> Reaney 1955, p. <hi rend="small-caps">ii</hi>.</bibl>
            </listBibl>
            
            
            <!--<listBibl type="bibliography">
            <bibl corresp="#">
            </bibl>
         </listBibl>-->
            
            
            <div type="commentary">
                <note target="#l7">
                    <num>7.</num>
                    <p><hi rend="italic">qui maint lassus es chieulx:</hi>‘che vive lassù nei cieli’.</p>
                </note>
            </div>
            
            
            <listBibl type="editionsBibliography">
                
                <bibl xml:id="Reaney1955"><hi rend="italic">Early Fifteenth-Century Music, I. Baude Cordier, Johannis Cesaris, Johannis
                    Carmen, Johannis Tapissier</hi>, ed. by G. Reaney, Roma, AIM, 1955 (CMM, 11/1).</bibl>
                
            </listBibl>
        </back>
    </text>
</TEI>
