<?xml version="1.0" encoding="UTF-8"?>
<?xml-model href="http://www.tei-c.org/release/xml/tei/custom/schema/relaxng/tei_all.rng" type="application/xml" schematypens="http://relaxng.org/ns/structure/1.0"?>
<?xml-model href="http://www.tei-c.org/release/xml/tei/custom/schema/relaxng/tei_all.rng" type="application/xml"
	schematypens="http://purl.oclc.org/dsdl/schematron"?>
<TEI xmlns="http://www.tei-c.org/ns/1.0">
    <teiHeader>
        <fileDesc>
            <titleStmt>
                <title>Dame souvrayne de beauté, d’onour</title>
                <respStmt>
                    <resp>Digital scholarly edition created within the </resp>
                    <orgName><ref target="https://www.europeanarsnova.eu/">European Ars Nova</ref> ERC project.</orgName>
                </respStmt>
                <respStmt>
                    <resp>Edited by</resp>
                    <name>Maria Sofia Lannutti</name>
                </respStmt>
                <respStmt>
                    <resp>Revised by</resp>
                    <name>Luca Gatti</name>
                </respStmt>
                <respStmt>
                    <resp>TEI-encoded by</resp>
                    <name>Carla Congiu</name>
                </respStmt>
            </titleStmt>
            <publicationStmt>
                <p></p>
                <!--publisher>Edizioni del Galluzzo</publisher>
            <pubPlace>Firenze, Italia</pubPlace>
            <date>2021</date>
            <availability>
               <p>L'edizione è disponibile su licenza.</p>
            </availability>            
            <idno type="ISBN">ISBN</idno>
            <idno type="DOI">DOI</idno>
            <idno type="URI">permalink della scheda ANT</idno-->
            </publicationStmt>
            <sourceDesc>
                <p></p>
            </sourceDesc>
        </fileDesc>
        <encodingDesc>
            <variantEncoding method="double-end-point" location="internal"/>
        </encodingDesc>
    </teiHeader>
    <text>
        <!--front>
            <div>
                <p>
                </p>
            </div>         
        </front-->
        <body>
            <lg>
                <l xml:id="l1">
                    Dame souvrayne de beauté, d’onour,
                </l>
                <l xml:id="l2">
                    merchi, pour Dieu, <anchor xml:id="l2a1"/>merci<anchor xml:id="l2a2"/> de ma dolour,
                </l>
            </lg>
            <lg> 
                <l xml:id="l3">
                    car vous estes <anchor xml:id="l3a1"/>mon bien<anchor xml:id="l3a2"/> et mon <anchor xml:id="l3a3"/>recour<anchor xml:id="l3a4"/>,
                </l>
                <l xml:id="l4">
                    a vous ai je douné l’arme et le courps,
                </l>               
                <l xml:id="l5" n="5">
                    dont je mouray d’amour, se bon <anchor xml:id="l5a1"/>secour<anchor xml:id="l5a2"/>
                </l>
                <l xml:id="l6">
                    ne vient a moi de vous, tre noble flour.
                </l>
            </lg>
            <lg> 
                <l xml:id="l7">
                    Je pri Amour qu’il <anchor xml:id="l7a1"/>fas<supplied>[e]</supplied><anchor xml:id="l7a2"/> regarder
                </l>
                <l xml:id="l8">
                    <anchor xml:id="l8a1"/><supplied>[l’ardure et payne]</supplied><anchor xml:id="l8a2"/> que je port au cuer
                </l>
                <l xml:id="l9">
                    par vous servir et loiaumant amer:
                </l>
                <l xml:id="l10" n="10">
                    pité de moi, pour Dieu, pour bone amour!
                </l>
            </lg>
        </body>
        <back>
            <listWit>
                <witness xml:id="MoA">
                    <ref type="siglum" target="#MoA">MoA</ref>
                    c. <locus>39r</locus>, <abbr xml:id="MoAC">C</abbr> (vv. 1-3), <hi rend="italic">resid. </hi>(vv. 4-10): <hi rend="italic">de perusio</hi>
                </witness>
            </listWit>
            <listApp type="substantial">
                <listApp>
                    <head>3</head>
                    <app from="#l3a1" to="#l3a2">
                        <lem>mn bien</lem>
                        <rdg wit="#MoA">tretout mon bien tretout mon bien</rdg>
                    </app>
                    <app from="#l3a3" to="#l3a4">
                        <lem>recour</lem>
                        <rdg wit="#MoA">recours</rdg>
                    </app>
                </listApp>
                <listApp>
                    <head>5</head>
                    <app from="#l5a1" to="#l5a2">
                        <lem>secour</lem>
                        <rdg wit="#MoA">secours</rdg>
                    </app>
                </listApp>
                <listApp>
                    <head>7</head>
                    <app from="#l7a1" to="#l7a2">
                        <lem>fase</lem>
                        <rdg wit="#MoA">vous fas</rdg>
                    </app>
                </listApp>
                <listApp>
                    <head>8</head>
                    <app from="#l8a1" to="#l8a2">
                        <lem>l’ardure et payne</lem>
                        <rdg wit="#MoA">la payn lardure</rdg>
                    </app>
                </listApp>
            </listApp>
            <listApp type="formal">
                <listApp>
                    <head>2</head>
                    <app from="#l2a1" to="#l2a2">
                        <lem>merci</lem>
                        <rdg wit="#MoA">merci merci</rdg>
                    </app>
                </listApp>
            </listApp>
            <div type="metricalScheme">
                <p><hi rend="italic">Virelai</hi> 10a 10a; 10b, 10b; 10a 10a. Nella prima strofe la rima dei <hi rend="italic">couplets</hi> è identica alla rima della <hi rend="italic">tierce</hi>.</p>
            </div>
            <listBibl type="editions">
                <bibl corresp="#Apel-Rosenberg1971">
                    Apel-Rosenberg 1971, p. <hi rend="small-caps">lvii</hi>.
                </bibl>
            </listBibl>
            <div type="commentary">
                <note target="#l4">
                    <num>4.</num>
                    <hi rend="italic">courps</hi>: introduce una rima imperfetta, cfr. <hi rend="italic">Pour Dieu vous pri, haulte dame de honour</hi>.
                </note>
                <note target="#l6">
                    <num>6.</num>
                    <hi rend="italic">tre</hi>: forma del franco-italiano per <hi rend="italic">tres</hi>.
                </note>
                <note target="#l7">
                    <num>7.</num>
                    <hi rend="italic">fase</hi>: per <hi rend="italic">face</hi>.
                    <hi rend="italic">regarder</hi>: ‘constatare’.
                </note>
            </div>
            <listBibl type="editionsBibliography">
                <bibl xml:id="Apel-Rosenberg1971">
                    Willi Apel, <hi rend="italic">French Secular Compositions of the Fourteenth Century II. Anonymous Ballades</hi>, edition of the Literary Texts by Samuel Rosenberg, Rome, American Institute of Musicology, 1971 (CMM, 53/2).
                </bibl>
            </listBibl>
        </back>
    </text>
</TEI>