<?xml version="1.0" encoding="UTF-8"?>
<?xml-model href="http://www.tei-c.org/release/xml/tei/custom/schema/relaxng/tei_all.rng" type="application/xml" schematypens="http://relaxng.org/ns/structure/1.0"?>
<?xml-model href="http://www.tei-c.org/release/xml/tei/custom/schema/relaxng/tei_all.rng" type="application/xml"
	schematypens="http://purl.oclc.org/dsdl/schematron"?>
<TEI xmlns="http://www.tei-c.org/ns/1.0">
   <teiHeader>
      <fileDesc>
         <titleStmt>
            <title>Dame de honour plesante et gracïeuxe</title>
            <respStmt>
               <resp>Digital scholarly edition created within the ERC</resp>
               <orgName><ref target="https://www.europeanarsnova.eu/">European Ars Nova</ref> project.</orgName>
            </respStmt>
            <respStmt>
                <resp>Edited by</resp>
                <name>Maria Sofia Lannutti</name> 
            </respStmt>
            <respStmt>
                <resp>Revised by</resp>
                <name>Luca Gatti</name>
            </respStmt>
             <respStmt>
                <resp>TEI-encoded by</resp>
                <name>Letizia Ricci</name>
            </respStmt>
         </titleStmt>
         <publicationStmt>
            <p></p>
            <!--publisher>Edizioni del Galluzzo</publisher>
            <pubPlace>Firenze, Italia</pubPlace>
            <date>2021</date>
            <availability>
               <p>L'edizione è disponibile su licenza.</p>
            </availability>
            <idno type="ISBN">ISBN</idno>
            <idno type="DOI">DOI</idno>
            <idno type="URI">permalink della scheda ANT</idno-->
         </publicationStmt>
         <sourceDesc>
            <p></p>
         </sourceDesc>
      </fileDesc>
      <encodingDesc>
         <variantEncoding method="double-end-point" location="internal"/>
      </encodingDesc>
   </teiHeader>
    <text>
        <!-- <front>
            <div>
            </div>
        </front> -->
      <body>
         <lg>
            <l xml:id="l1">
                <anchor xml:id="l1a1"/>[D]ame<anchor xml:id="l1a2"/> de honour <anchor xml:id="l1a3"/>plesant[e]<anchor xml:id="l1a4"/> et gracïeuxe
            </l>
            <l xml:id="l2">
                vostre beauté fet mon cuer rejoïr
            </l>
            <l xml:id="l3">
                et penser nuit et jour coment servir
            </l>
            <l xml:id="l4">
                vous poroye, flour belle et amoreuxe.
            </l>
        </lg>
        <lg>
            <l xml:id="l5" n="5">
                Ne enver de moy pour ce soyés honteuxe,
            </l>
            <l xml:id="l6">
                s’en vous amer j’ay mis tout mon desir,
            </l>
            <l xml:id="l7">
                <hi rend="italic">dame d’honour [plesant et gracïeuxe,</hi>
            </l>
            <l xml:id="l8">
                <hi rend="italic">vostre beauté fet mon cuer rejoïr.]</hi>
            </l>
            <l xml:id="l9">
                Bien me complaing de Fortune envïeuxe,
            </l>
            <l xml:id="l10" n="10">
                que si briefment de vous me fet partir
            </l>
            <l xml:id="l11">
                et deslongier ma joye et mon plaisir,
            </l>
            <l xml:id="l12">
                que mener me fasoit vye joyeuxe.
            </l>
            <l xml:id="l13">
                <hi rend="italic">Dame [d’honour] plesant [et gracieuxe</hi>
            </l>
            <l xml:id="l14">
                <hi rend="italic">vostre beauté fet mon cuer rejoïr</hi>
            </l>
            <l xml:id="l15" n="15">
                <hi rend="italic">et penser nuit et jour coment servir	</hi>
            </l>
            <l xml:id="l16">
                <hi rend="italic">vous poroye, flour belle et amoreuxe].</hi>
            </l>
        </lg>
        <lg>
            <l xml:id="l17">
                Et combien la partie soit dolereuxe,
            </l>
            <l xml:id="l18">
                je me confort de mon brief revenir,
            </l>
            <l xml:id="l19">
                <hi rend="italic">dame de honour [plesant et gracïeuxe,</hi>
            </l>
            <l xml:id="l20" n="20">
                <hi rend="italic">vostre beauté fet mon cuer rejoïr.]</hi>
            </l>
            <l xml:id="l21">
                Aylors, dame, serés de moy piteuxe
            </l>
            <l xml:id="l22">
                et metrés fin a mon greveux martir,
            </l>
            <l xml:id="l23">
                pour cui souvent je suy pres du morir,
            </l>
            <l xml:id="l24">
                quant vous veoir ne puis, tres gracïeuxe.
            </l>
            <l xml:id="l25" n="25">
                <hi rend="italic">Dame [d’honour] plesant [et gracïeuxe,</hi>
            </l>
            <l xml:id="l26">
                <hi rend="italic">vostre beauté fet mon cuer rejoïr</hi>
            </l>
            <l xml:id="l27">
                <hi rend="italic">et penser nuit et jour coment servir</hi>
            </l>
            <l xml:id="l28">
                <hi rend="italic">vous poroye, flour belle et amoreuxe].</hi>
            </l>
        </lg>
      </body>
      <back>
         <listWit>
            <witness xml:id="MoA">
                <ref type="siglum" target="#MoA">MoA</ref>
                c. <locus>52r</locus>, <abbr xml:id="MoAC">C</abbr> (vv. 1-4),  <abbr xml:id="MoAT">T</abbr> (vv. 1-4),<hi rend="italic">resid.</hi>(vv. 5-16): <hi rend="italic">[c. 47r m(attheus) d(e) p(erusio)]</hi>
            </witness>
         </listWit>
         <listApp type="substantial">
            <listApp>
                <head>1</head>
                <app from="#l1a1" to="#l1a2">
                    <lem>Dame</lem>
                    <rdg wit="#MoA">ame </rdg>
                </app>
                <app from="#l1a3" to="#l1a4">
                    <lem>plesante</lem>
                    <rdg wit="#MoA">plesant </rdg>
                </app>
            </listApp>
        </listApp>
         <div type="metricalScheme">
            <p>
                <hi rend="italic">Rondeau</hi> 10’A 10B 10B 10’A; 10’a 10b, 10’A 10B; 10’a 10b 10b 10’a; 10’A 10B 10B 10’A.
            </p>
         </div>
         <listBibl type="editions">
            <bibl corresp="#Apel-Rosenberg1970">
                Apel-Rosenberg 1970, p. <hi rend="small-caps">lix-lx</hi>.
            </bibl>
         </listBibl>
         <!--listBibl type="bibliography">
            <bibl>
               <relatedItem>
                  <bibl>Riferimento bibliografico completo</bibl>
               </relatedItem>
            </bibl>
         </listBibl-->
         <!-- <div type="commentary">
            <note target="#">
                <num></num>
                <p></p>
            </note>
         </div> -->
         <listBibl type="editionsBibliography">
            <bibl xml:id="Apel-Rosenberg1970">
                <hi rend="italic">French Secular Compositions of the Fourteenth Century: Vol. I, Ascribed Compositions</hi>, ed. by W. Apel, edition of the literary texts by S. N. Rosenberg, Roma, American Institute of Musicology, 1970 (CMM, 53/1).
            </bibl>
         </listBibl>
      </back>
   </text>
</TEI>
