<?xml version="1.0" encoding="UTF-8"?>
<?xml-model href="http://www.tei-c.org/release/xml/tei/custom/schema/relaxng/tei_all.rng" type="application/xml" schematypens="http://relaxng.org/ns/structure/1.0"?>
<?xml-model href="http://www.tei-c.org/release/xml/tei/custom/schema/relaxng/tei_all.rng" type="application/xml"
	schematypens="http://purl.oclc.org/dsdl/schematron"?>
<TEI xmlns="http://www.tei-c.org/ns/1.0">
    <teiHeader>
        <fileDesc>
            <titleStmt>
                <title> De ma dolour ne puis trouver confort</title>
                <!--<author><ref target="X"></ref></author>-->
                <respStmt>
                    <resp>Digital scholarly edition created within the ERC</resp>
                    <orgName><ref target="https://www.europeanarsnova.eu/">European Ars Nova</ref>
                        project.</orgName>
                </respStmt>
                <respStmt>
                    <resp>Edited by</resp>
                    <name>Maria Sofia Lannutti</name> 
                </respStmt>
                <respStmt>
                    <resp>Revised by</resp>
                    <name>Luca Gatti</name>
                </respStmt>
                <respStmt>
                    <resp>TEI-encoded by</resp>
                    <name>Elvira Mercatanti</name>
                </respStmt>
            </titleStmt>
            <publicationStmt>
                <p/>
                <!--publisher>Edizioni del Galluzzo</publisher>
            <pubPlace>Firenze, Italia</pubPlace>
            <date>2021</date>
            <availability>
               <p>L'edizione è disponibile su licenza.</p>
            </availability>            
            <idno type="ISBN">ISBN</idno>
            <idno type="DOI">DOI</idno>
            <idno type="URI">permalink della scheda ANT</idno-->
            </publicationStmt>
            <sourceDesc>
                <p/>
            </sourceDesc>
        </fileDesc>
        <encodingDesc>
            <variantEncoding method="double-end-point" location="internal"/>
        </encodingDesc>
    </teiHeader>
    <text>
        <!--<front> 
         <div> 
            <p>
               Aggiungi qui l'INTRODUZIONE (se presente). Suddividila in paragrafi (<p>)
               e marca i corsivi (<hi rend="italic"> </hi> )
            </p> 
         </div>         
      </front> -->
        <body>
            <lg>
                <l xml:id="l1"><anchor xml:id="l1a1"/><supplied reason="illegible">[D]</supplied>e<anchor xml:id="l1a2"/> ma dolour ne puis <anchor xml:id="l1a3"/>trouver<anchor xml:id="l1a4"/> confort,</l>
                <l xml:id="l2">car en tous cas m’est fortune contrayre.</l>
                <l xml:id="l3">Languir m’estuet, car <anchor xml:id="l3a1"/>mis sui a tel<anchor xml:id="l3a2"/> port</l>
                <l xml:id="l4">qu’a mon <anchor xml:id="l4a3"/>vouloir<anchor xml:id="l4a4"/> ne m’en puis <anchor xml:id="l4a1"/>pas<anchor xml:id="l4a2"/> retrayre.</l>
                <l xml:id="l5" n="5">Mar vi le <anchor xml:id="l5a1"/>jor<anchor xml:id="l5a2"/> que vi le doulz viaire!</l>
                <l xml:id="l6">Dont perdu ay la joiouse pasture,</l>
                <l xml:id="l7"><hi rend="italic"><anchor xml:id="l7a1"/>quant<anchor xml:id="l7a2"/> ne la voy, la parfaite figure.</hi></l>
            </lg>
            <lg>
                <l xml:id="l8">Hé, dous reguart, tu <anchor xml:id="l8a1"/>m’as<anchor xml:id="l8a2"/> mis a la mort,</l>
                <l xml:id="l9">car <anchor xml:id="l9a1"/>cont<supplied reason="illegible">[re]</supplied><anchor xml:id="l9a2"/> moy sont tuit, mi adversaire,</l>
                <l xml:id="l10" n="10">Deduit, Soulas, Playsance et Deport.</l>
                <l xml:id="l11">Helas, ne sçay certes <anchor xml:id="l11a1"/>que<anchor xml:id="l11a2"/> doye fayre!</l>
                <l xml:id="l12">Il m’est avis <anchor xml:id="l12a1"/><supplied reason="illegible">[que]</supplied><anchor xml:id="l12a2"/> me doye detrayre,</l>
                <l xml:id="l13">car perdu ay ma douce nourreture,</l>
                <l xml:id="l14"><anchor xml:id="l14a1"/><hi rend="italic">quant ne la voy, la parfaite figure.<anchor xml:id="l14a2"/></hi></l>
            </lg>
            <lg>
                <l xml:id="l15" n="15">Or n’est il nulz, <anchor xml:id="l15a1"/><supplied reason="illegible">[he]</supplied>las<anchor xml:id="l15a2"/>, qui me confort</l>
                <l xml:id="l16">ne puist aussy, fors le douls exemplaire</l>
                <l xml:id="l17">de celle en qui <anchor xml:id="l17a1"/>so<supplied reason="illegible">[n]</supplied>t<anchor xml:id="l17a2"/> trestuit mi deport,</l>
                <l xml:id="l18">car il n’est riens, certes, qui me puist plaire.</l>
                <l xml:id="l19">Or me convient tous jours crier et brayre,</l>
                <l xml:id="l20" n="20">dout que pres suy mis a <anchor xml:id="l20a1"/>desconf<supplied reason="illegible">[it]</supplied>ure<anchor xml:id="l20a2"/>, </l>
                <l xml:id="l21"><hi rend="italic">quant ne la voy, la parfayte figure.</hi></l>
            </lg>

        </body>



        <back>
            <listWit>
                
                <witness xml:id="Ch">
                    <ref type="siglum" target="#Ch">Ch</ref> c. 32r, <abbr xml:id="ChC">C</abbr> (vv. 1-7), <hi rend="italic">resid.</hi> (vv. 8-21):<hi rend="italic">ph(ilip)ot(us) de ca(sert)es</hi>
                </witness>
                
                <witness xml:id="MoA">
                    <ref type="siglum" target="#MoA">MoA</ref> c. 27v, <abbr xml:id="MoAC">C</abbr> (vv. 1-7),<hi rend="italic"> ma(gister) filipoctus de caserta</hi> 
                </witness>
            </listWit>


            <listApp type="substantial">
                <listApp>
                    <head>1</head>
                    <app from="#l1a1" to="#l1a2">
                        <lem>De</lem>
                        <rdg wit="#Ch">e</rdg>
                    </app>
                </listApp>
                
                <listApp>
                    <head>3</head>
                    <app from="#l3a1" to="#l3a2">
                        <lem>mis sui a tel</lem>
                        <rdg wit="#MoA">me sui a cel</rdg>
                    </app>
                </listApp>
                
                <listApp>
                    <head>4</head>
                    <app from="#l4a1" to="#l4a2">
                        <lem>pas</lem>
                        <rdg wit="#MoA"/>
                    </app>
                </listApp>
                
                <listApp>
                    <head>8</head>
                    <app from="#l8a1" to="#l8a2">
                        <lem>m’as</lem>
                        <rdg wit="#Ch">ma</rdg>
                    </app>
                </listApp>
                
                <listApp>
                    <head>9</head>
                    <app from="#l9a1" to="#l9a2">
                        <lem>contre</lem>
                        <rdg wit="#Ch">contir</rdg>
                    </app>
                </listApp>
                
                <listApp>
                    <head>12</head>
                    <app from="#l12a1" to="#l12a2">
                        <lem>que</lem>
                        <rdg wit="#Ch">co</rdg>                        
                    </app>
                </listApp>
                
                <listApp>
                    <head>15</head>
                    <app from="#l15a1" to="#l15a2">
                        <lem>helas</lem>
                        <rdg wit="#Ch">las</rdg>
                    </app>
                </listApp>
                
                <listApp>
                    <head>17</head>
                    <app from="#l17a1" to="#l17a2">
                        <lem>sont</lem>
                        <rdg wit="#Ch">sout</rdg>
                    </app>
                </listApp>
                
                <listApp>
                    <head>20</head>
                    <app from="#l20a1" to="#l20a2">
                        <lem>desconfiture</lem>
                        <rdg wit="#Ch">desconfaure</rdg>
                    </app>
                </listApp>

            </listApp>



            <listApp type="formal">
                <listApp>
                    <head>1</head>
                    <app from="#l1a3" to="#l1a4">
                        <lem>trouver</lem>
                        <rdg wit="#MoA">trover</rdg>
                    </app>
                </listApp>
                
                <listApp>
                    <head>4</head>
                    <app from="#l4a3" to="#l4a4">
                        <lem>vouloir</lem>
                        <rdg wit="#MoA">voloir</rdg>
                    </app>
                </listApp>
                
                <listApp>
                    <head>5</head>
                    <app from="#l5a1" to="#l5a2">
                        <lem>jor</lem>
                        <rdg wit="#MoA">jour</rdg>
                    </app>
                </listApp>
                
                <listApp>
                    <head>7</head>
                    <app from="#l7a1" to="#l7a2">
                        <lem><hi rend="italic">quant</hi></lem>
                        <rdg wit="#MoA">quant quant</rdg>
                    </app>
                </listApp>
                
                <listApp>
                    <head>14</head>
                    <app from="#l14a1" to="#l14a2">
                        <rdg wit="#Ch"><hi rend="italic">refrain abbreviato</hi> quant ne la voy etc</rdg>
                    </app>
                </listApp>              
                
                
                
            </listApp>


            <div type="metricalScheme">
                <p><hi rend="italic">Ballade</hi> 10a 10’b, 10a 10’b; 10’b 10’c 10’C. <hi rend="italic">Coblas unissonans.</hi> </p>
                <p>Rima equivoca ai vv. 1 : 15, 10 : 17; rima identica ai vv. 4 : 12; rima ricca ai vv. 2 : 4 : 12 : 19, 6 : 13 : 20; rima inclusiva ai vv. 16 : 18.</p>
            </div>


            <listBibl type="editions">

                <bibl corresp="#ApelRosenberg1970"> Apel-Rosenberg 1970, p. <hi rend="small-caps">lxiii</hi>;</bibl>
                <bibl corresp="#Vivarelli2005">Vivarelli 2005, p. 88 (solo la prima strofe).</bibl>

            </listBibl>


            <!--<listBibl type="bibliography">
            <bibl corresp="#">
            </bibl>
         </listBibl>-->


            <!--<div type="commentary">
                
            </div>-->


            <listBibl type="editionsBibliography">
                <bibl xml:id="ApelRosenberg1970"><hi rend="italic">French Secular Compositions of the Fourteenth Century: Vol. I, Ascribed Compositions</hi>, ed. by W. Apel, edition of the literary texts by S. N. Rosenberg, Roma, American Institute of Musicology, 1970 (CMM, 53/1).</bibl>
                <bibl xml:id="Vivarelli2005">Carla Vivarelli, <hi rend="italic">Le composizioni francesi di Filippotto e Antonello da Caserta tràdite nel Codice Estense a.M.5.24</hi>, Pisa, ETS, 2005 («Diverse voci... 6»).</bibl>
            </listBibl>
            
        </back>
    </text>
</TEI>
