<?xml version="1.0" encoding="UTF-8"?>
<?xml-model href="http://www.tei-c.org/release/xml/tei/custom/schema/relaxng/tei_all.rng" type="application/xml" schematypens="http://relaxng.org/ns/structure/1.0"?>
<?xml-model href="http://www.tei-c.org/release/xml/tei/custom/schema/relaxng/tei_all.rng" type="application/xml"
	schematypens="http://purl.oclc.org/dsdl/schematron"?>
<TEI xmlns="http://www.tei-c.org/ns/1.0">
    <teiHeader>
        <fileDesc>
            <titleStmt>
                <title>De sotto ’l verde vidi gli ochi vaghi</title>
                <respStmt>
                    <resp>Digital scholarly edition created within the </resp>
                    <orgName><ref target="https://www.europeanarsnova.eu/">European Ars Nova</ref> ERC project.</orgName>
                </respStmt>
                <respStmt>
                    <resp>Edited by</resp>
                    <name>Maria Sofia Lannutti</name>
                </respStmt>
                <respStmt>
                    <resp>Revised by</resp>
                    <name>Luca Gatti</name>
                </respStmt>
                <respStmt>
                    <resp>TEI-encoded by</resp>
                    <name>Carla Congiu</name>
                </respStmt>
            </titleStmt>
            <publicationStmt>
                <p></p>
                <!--publisher>Edizioni del Galluzzo</publisher>
            <pubPlace>Firenze, Italia</pubPlace>
            <date>2021</date>
            <availability>
               <p>L'edizione è disponibile su licenza.</p>
            </availability>            
            <idno type="ISBN">ISBN</idno>
            <idno type="DOI">DOI</idno>
            <idno type="URI">permalink della scheda ANT</idno-->
            </publicationStmt>
            <sourceDesc>
                <p></p>
            </sourceDesc>
        </fileDesc>
        <encodingDesc>
            <variantEncoding method="double-end-point" location="internal"/>
        </encodingDesc>
    </teiHeader>
    <text>
        <!--front>
         <div>
            <p>
           </p>
         </div>         
      </front-->
        <body>
            <lg>
                <l xml:id="l1">
                    De  <anchor xml:id="l1a1"/>sotto <anchor xml:id="l1a2"/> ’l verde vidi  <anchor xml:id="l1a3"/>gli <anchor xml:id="l1a4"/> ochi vaghi,
                </l>
                <l xml:id="l2">
                    <anchor xml:id="l2a1"/>che mi<anchor xml:id="l2a2"/>, <anchor xml:id="l2a3"/>s[u]o<anchor xml:id="l2a4"/> servo,  <anchor xml:id="l2a5"/>con <anchor xml:id="l2a6"/> <anchor xml:id="l2a7"/>disio<anchor xml:id="l2a8"/> mirava,
                </l>
                <l xml:id="l3">
                    sì che  <anchor xml:id="l3a3"/>di <anchor xml:id="l3a4"/> <anchor xml:id="l3a1"/>loro<anchor xml:id="l3a2"/> più  <anchor xml:id="l3a5"/>m’inamorava <anchor xml:id="l3a6"/>.
                </l>
                <l xml:id="l4">
                    E pur conven che·lla mia vista bassi,
                </l>
                <l xml:id="l5" n="5">
                    quando ver  <anchor xml:id="l5a5"/>me <anchor xml:id="l5a6"/> <anchor xml:id="l5a1"/>si move<anchor xml:id="l5a2"/> la <anchor xml:id="l5a3"/>lor<anchor xml:id="l5a4"/>  <anchor xml:id="l5a7"/>luce <anchor xml:id="l5a8"/>.
                </l>
                <l xml:id="l6">
                    <anchor xml:id="l6a1"/>Per quel disio ch’a·llor mirar m’induce<anchor xml:id="l6a2"/>,
                </l>
            </lg>
            <lg>    
                <l xml:id="l7">
                    <anchor xml:id="l7a1"/>com’ uom che bramo d’esser tuo con fede<anchor xml:id="l7a2"/>,
                </l>
                <l xml:id="l8">
                    vivo suggett’ e chiamoti merçede.
                </l>
            </lg>
        </body>
        <back>
            <listWit>
                <witness xml:id="Fp">
                    <ref type="siglum" target="#Fp">Fp</ref>
                    c. <locus>51r</locus>, <abbr xml:id="FpC">C</abbr> (vv. 1-3 e 7), <abbr xml:id="FpT">T</abbr> (vv. 1-3 e 7), <hi rend="italic">resid</hi>. (vv. 4-6 e 8)
                </witness>
                <witness xml:id="Rs">
                    <ref type="siglum" target="#Rs">Rs</ref> 
                    c. <locus>1r</locus>, <abbr xml:id="RsC">C</abbr> (vv. 1-3 e 7), <abbr xml:id="RsT">T</abbr> (vv. 1-3 e 7), <hi rend="italic">resid</hi>. (vv. 4-6 e 8)
                </witness>
            </listWit>
            <listApp type="substantial">
                <listApp>
                    <head>2</head>
                    <app from="#l2a1" to="#l2a2">
                        <lem>che mi</lem>
                        <rdg>chedmy <wit><ref target="#FpT">Fp<hi rend="super">T</hi></ref></wit></rdg>
                    </app>
                    <app from="#l2a3" to="#l2a4">
                        <lem>suo</lem>
                        <rdgGrp>
                            <rdg wit="#Fp">son</rdg>
                            <rdg wit="#Rs">so</rdg>
                        </rdgGrp>
                    </app>
                </listApp>
                <listApp>
                    <head>3</head>
                    <app from="#l3a1" to="#l3a2">
                        <lem>loro</lem>
                        <rdg wit="#Rs">lor</rdg>
                    </app>
                </listApp>
                <listApp>
                    <head>5</head>
                    <app from="#l5a1" to="#l5a2">
                        <lem>si move</lem>
                        <rdg wit="#Rs">y moven</rdg>
                    </app>
                    <app from="#l5a3" to="#l5a4">
                        <lem>lor</lem>
                        <rdg wit="#Rs">soa</rdg>
                    </app>
                </listApp>
                <listApp>
                    <head>6</head>
                    <app from="#l6a1" to="#l6a2">
                        <lem>Per quel disio ch’a·llor mirar m’induce</lem>
                        <rdg wit="#Rs">ma pol dexio alor mirar maduçe</rdg>
                    </app>
                </listApp>
                <listApp>
                    <head>7</head>
                    <app from="#l7a1" to="#l7a2">
                        <lem>com’ uom che bramo d’esser tuo con fede</lem>
                        <rdg wit="#Rs">cum ogni brama deser so cum fede</rdg>
                    </app>
                </listApp>
            </listApp>
            <listApp type="formal">
                <listApp>
                    <head>1</head>
                    <app from="#l1a1" to="#l1a2">
                        <lem>sotto</lem>
                        <rdg wit="#Rs">soto</rdg>
                    </app>
                    <app from="#l1a3" to="#l1a4">
                        <lem>gli</lem>
                        <rdg wit="#Rs">i</rdg>
                    </app>
                </listApp>
                <listApp>
                    <head>2</head>
                    <app from="#l2a5" to="#l2a6">
                        <lem>con</lem>
                        <rdg wit="#Rs">cum</rdg>
                    </app>
                    <app from="#l2a7" to="#l2a8">
                        <lem>disio</lem>
                        <rdg wit="#Rs">dexio</rdg>
                    </app>
                </listApp>
                <listApp>
                    <head>3</head>
                    <app from="#l3a3" to="#l3a4">
                        <lem>di</lem>
                        <rdg wit="#Rs">de</rdg>
                    </app>
                    <app from="#l3a5" to="#l3a6">
                        <lem>m’inamorava</lem>
                        <rdg wit="#Rs">me inamorava</rdg>
                    </app>
                </listApp>
                <listApp>
                    <head>5</head>
                    <app from="#l5a5" to="#l5a6">
                        <lem>me</lem>
                        <rdg wit="#Rs">mi</rdg>
                    </app>
                    <app from="#l5a7" to="#l5a8">
                        <lem>luce</lem>
                        <rdg wit="#Rs">luçe</rdg>
                    </app>
                </listApp>
            </listApp>
            <div type="metricalScheme">
                <p>Madrigale 10’a 10’b 10’b, 10’c 10’d 10’d; 10’e 10’e.</p>
                <p><hi rend="italic">Capovilla</hi> <hi rend="small-caps">xlviii</hi> (ma classificato sotto <hi rend="small-caps">xlvii</hi> in base alle precedenti edizioni).</p>
                <p>Rima ricca ai vv. 3 : 4.</p>
            </div>
            <listBibl type="editions">
                <bibl corresp="#LiGotti1944">
                    Li Gotti 1944, pp. 99-167, p. 122;
                </bibl>
                <bibl corresp="#Sesini1943-1950">
                    Sesini 1943-1950, p. 218;
                </bibl>
                <bibl corresp="#Corsi1970">
                    Corsi 1970, pp. 332;
                </bibl>
                <bibl corresp="#Pirrotta1992">
                    Pirrotta 1992, p. 26;
                </bibl>
                <bibl corresp="#Sucato2003">
                    Sucato 2003, p. 70;
                </bibl>
                <bibl corresp="#Huck-Dieckmann2007">
                    Huck-Dieckmann 2007, I, p. 142.
                </bibl>
            </listBibl>
            <div type="commentary">
                <note target="#l2">
                    <num>2.</num>
                    <hi rend="italic">mi</hi>: pronome mediale ( <hi rend="italic">mi mirava con disio</hi> ‘guardavo con desiderio’).
                </note>
            </div>
            <listBibl type="editionsBibliography">
                <bibl xml:id="LiGotti1944">
                    E. Li Gotti, <hi rend="italic">Poesie musicali italiane del sec. XIV</hi>, «Atti della Reale Accademia di scienze, lettere e arti di Palermo», IV/2 (1944), pp. 99-167.
                </bibl>
                <bibl xml:id="Sesini1943-1950">
                    U. Sesini, <hi rend="italic">Il canzoniere musicale trecentesco del codice Vatic. Rossiano 215</hi>, «Studi medievali», n.s., 16 (1943-1950), pp. 212-236.
                </bibl>
                <bibl xml:id="Corsi1970">
                    Giuseppe Corsi, <hi rend="italic">Poesie musicali del Trecento</hi>, Bologna, Commissione per i testi di lingua, 1970 (Collezione di opere inedite o rare, 131).
                </bibl>
                <bibl xml:id="Pirrotta1992">
                    N. Pirrotta, <hi rend="italic">Il codice Rossi 215 della Biblioteca Apostolica Vaticana. Con i frammenti della fondazione Opera pia don Giuseppe Greggiati di Ostiglia</hi>, Lucca, LIM, 1992.
                </bibl>
                <bibl xml:id="Sucato2003">
                    Tiziana Sucato, <hi rend="italic">Il codice rossiano 215. Madrigali, ballate, una caccia, un rotondello</hi>, Pisa, ETS, 2003 («Diverse voci...» 1).
                </bibl>
                <bibl xml:id="Huck-Dieckmann2007">
                    <hi rend="italic">Die mehrfach überlieferten Kompositionen des frühen Trecento: Anonyme Madrigale und Cacce sowie Kompositionen von Piero, Giovanni da Firenze und Jacopo da Bologna</hi>, Hrsg. von O. Huck und S. Dieckmann, unter Mitarbeit von E. Arnrich und J. Gehring in Verbindung mit M. Gozzi, 2 voll., Hildesheim, Olms Verlag, 2007.
                </bibl>
            </listBibl>
        </back>
    </text>
</TEI>
