<?xml version="1.0" encoding="UTF-8"?>
<?xml-model href="http://www.tei-c.org/release/xml/tei/custom/schema/relaxng/tei_all.rng" type="application/xml" schematypens="http://relaxng.org/ns/structure/1.0"?>
<?xml-model href="http://www.tei-c.org/release/xml/tei/custom/schema/relaxng/tei_all.rng" type="application/xml"
	schematypens="http://purl.oclc.org/dsdl/schematron"?>
<TEI xmlns="http://www.tei-c.org/ns/1.0">
   <teiHeader>
      <fileDesc>
         <titleStmt>
            <title>Dè, vogliateme oldire</title>
            <respStmt>
               <resp>Digital scholarly edition created within the ERC</resp>
               <orgName><ref target="https://www.europeanarsnova.eu/">European Ars Nova</ref> project.</orgName>
            </respStmt>
            <respStmt>
                <resp>Edited by</resp>
                <name>Maria Sofia Lannutti</name> 
            </respStmt>
            <respStmt>
                <resp>Revised by</resp>
                <name>Luca Gatti</name>
            </respStmt>
             <respStmt>
                <resp>TEI-encoded by</resp>
                <name>Letizia Ricci</name>
            </respStmt>
         </titleStmt>
         <publicationStmt>
            <p></p>
            <!--publisher>Edizioni del Galluzzo</publisher>
            <pubPlace>Firenze, Italia</pubPlace>
            <date>2021</date>
            <availability>
               <p>L'edizione è disponibile su licenza.</p>
            </availability>            
            <idno type="ISBN">ISBN</idno>
            <idno type="DOI">DOI</idno>
            <idno type="URI">permalink della scheda ANT</idno-->
         </publicationStmt>
         <sourceDesc>
            <p></p>
         </sourceDesc>
      </fileDesc>
      <encodingDesc>
         <variantEncoding method="double-end-point" location="internal"/>
      </encodingDesc>
   </teiHeader>
    <text>
      <!-- <front>
         <div>
            <p>
            </p>
         </div>
      </front> -->
      <body>
         <lg>
            <l xml:id="l1">
                Dè, vogliateme oldire,
            </l>
            <l xml:id="l2">
                dona, el mio gran dolore,
            </l>
            <l xml:id="l3">
                c’amor me struçe ’l core:
            </l>
            <l xml:id="l4">
                se <anchor xml:id="l4a1"/>non<anchor xml:id="l4a2"/> m’aiuti, me vedrai morire.
            </l>
        </lg>
        <lg>
            <l xml:id="l5" n="5">
                Donna, se m’aldirai
            </l>
            <l xml:id="l6">
                con toa çentil figura,
            </l>
            <l xml:id="l7">
                so ben che me trarrai
            </l>
            <l xml:id="l8">
                <anchor xml:id="l8a1"/>de<anchor xml:id="l8a2"/> sì mortal ardura.
            </l>
            <l xml:id="l9">
                Oimè, se <supplied reason="illegible">[de]</supplied> l’ <anchor xml:id="l9a1"/>a<supplied reason="illegible">[r]</supplied>dura <anchor xml:id="l9a2"/>
            </l>
            <l xml:id="l10" n="10">
                non me potrai açutare,
            </l>
            <l xml:id="l11">
                e di cotal affare,
            </l>
            <l xml:id="l12">
                con umel pianto dirai el to  <anchor xml:id="l12a1"/><supplied reason="illegible">[pentire]</supplied> <anchor xml:id="l12a2"/>.
            </l>
        </lg>
      </body>
      <back>
         <listWit>
            <witness xml:id="Lu">
                <ref type="siglum" target="#Lu">Lu</ref>
                c. <locus>25v</locus>, <abbr xml:id="LuC">C</abbr> (vv. 1-6), <abbr xml:id="LuT">T</abbr> (vv. 1-5), <hi rend="italic">resid.</hi> (vv. 6-10): [c. 68v: <hi rend="italic">antonellus</hi>]
            </witness>
         </listWit>
         <listApp type="substantial">
            <listApp>
                <head>8</head>
                <app from="#l8a1" to="#l8a2">
                   <lem>de</lem>
                   <rdg wit="#Lu"/>
                </app>
            </listApp>
            <listApp>
                <head>9</head>
                <app from="#l9a1" to="#l9a2">
                    <lem>ardura</lem>
                    <rdg wit="#Lu">adura</rdg>
                </app>
            </listApp>
            <listApp>
                <head>12</head>
                <app from="#l12a1" to="#l12a2">
                    <lem>pentire</lem>
                    <rdg wit="#Lu"><gap reason="illegible" rend="per l.m."/></rdg>
                </app>
            </listApp>
         </listApp>
         <listApp type="formal">
            <listApp>
                <head>4</head>
                <app from="#l4a1" to="#l4a2">
                    <lem>non</lem>
                    <rdg>no <wit><ref corresp="#LuT">Lu<hi rend="super">T</hi></ref></wit></rdg>
                </app>
            </listApp>
         </listApp>
         <div type="metricalScheme">
            <p>
                Ballata grande 6’z 6’y 6’y 10’z; 6’a 6’b, 6’a 6’b; 6’b 6’c 6’c 10’z.
            </p>
            <p>
                <hi rend="italic">Pagnotta</hi> 98 : 100
            </p>
            <p>
                Punti sottoscritti: v. 1 (<hi rend="italic">vogliateme</hi>) Lu; v. 2 (<hi rend="italic">dona</hi>) Lu; v. 6 (<hi rend="italic">toa</hi>) Lu<hi rend="super">T</hi>.
            </p>
         </div>
         <listBibl type="editions">
            <bibl corresp="#Pirrotta-LiGotti1950">
                Pirrotta-Li Gotti, p. 130.
            </bibl>
         </listBibl>
         <!--listBibl type="bibliography">
            <bibl>
               <relatedItem>
                  <bibl>Riferimento bibliografico completo</bibl>
               </relatedItem>
            </bibl>
         </listBibl-->
        <div type="commentary">
            <note target="#l1">
                <num>1.</num>
                <p><hi rend="italic">oldire</hi>: ‘udire’.</p>
            </note>
            <note target="#l5">
                <num>5.</num>
                <p><hi rend="italic">aldirai</hi>: ‘udrai’.</p>
            </note>
            <note target="#l7">
                <num>7.</num>
                <p><hi rend="italic">de l’ardura</hi>: le integrazioni sono richieste dal senso e dalla sintassi (<hi rend="italic">de l’ardura</hi> è retto da <hi rend="italic">açutare</hi>, riprende <hi rend="italic">de sì mortal ardura</hi> al verso precedente ed è parallelo a <hi rend="italic">di cotal affare</hi>).</p>
            </note>
            <note target="#l8">
                <num>8.</num>
                <p><hi rend="italic">açutare</hi>: ‘aiutare’.</p>
            </note>
            <note target="#l10">
                <num>10.</num>
                <p>Si accoglie la congettura già in Pirrotta-Li Gotti.</p>
            </note>
         </div>
         <listBibl type="editionsBibliography">
            <bibl xml:id="Pirrotta-LiGotti1950">
                N. Pirrotta-E. Li Gotti, <hi rend="italic">Il Codice di Lucca: II. Testi letterari</hi>, «Musica Disciplina», 4 (1950), pp. 111-152.
            </bibl>
         </listBibl>
      </back>
   </text>
</TEI>
