<?xml version="1.0" encoding="UTF-8"?>
<?xml-model href="http://www.tei-c.org/release/xml/tei/custom/schema/relaxng/tei_all.rng" type="application/xml" schematypens="http://relaxng.org/ns/structure/1.0"?>
<?xml-model href="http://www.tei-c.org/release/xml/tei/custom/schema/relaxng/tei_all.rng" type="application/xml"
	schematypens="http://purl.oclc.org/dsdl/schematron"?>
<TEI xmlns="http://www.tei-c.org/ns/1.0">
    <teiHeader>
        <fileDesc>
            <titleStmt>
                <title>Desdont que pars de moy, pour ton partire</title>
                <!--<author><ref target="X"></ref></author>-->
                <respStmt>
                    <resp>Digital scholarly edition created within the ERC</resp>
                    <orgName><ref target="https://www.europeanarsnova.eu/">European Ars Nova</ref>
                        project.</orgName>
                </respStmt>
                <respStmt>
                    <resp>Edited by</resp>
                    <name>Alice Colantuoni</name> 
                </respStmt>
                <respStmt>
                    <resp>Revised by</resp>
                    <name>Luca Gatti</name>
                </respStmt>
                <respStmt>
                    <resp>TEI-encoded by</resp>
                    <name>Elvira Mercatanti</name>
                </respStmt>
            </titleStmt>
            <publicationStmt>
                <p/>
                <!--publisher>Edizioni del Galluzzo</publisher>
            <pubPlace>Firenze, Italia</pubPlace>
            <date>2021</date>
            <availability>
               <p>L'edizione è disponibile su licenza.</p>
            </availability>           
            <idno type="ISBN">ISBN</idno>
            <idno type="DOI">DOI</idno>
            <idno type="URI">permalink della scheda ANT</idno-->
            </publicationStmt>
            <sourceDesc>
                <p/>
            </sourceDesc>
        </fileDesc>
        <encodingDesc>
            <variantEncoding method="double-end-point" location="internal"/>
        </encodingDesc>
    </teiHeader>
    <text>
        <!--<front> 
         <div> 
            <p>
               Aggiungi qui l'INTRODUZIONE (se presente). Suddividila in paragrafi (<p>)
               e marca i corsivi (<hi rend="italic"> </hi> )
            </p> 
         </div>         
      </front> -->
        <body>
            <lg>
                <l xml:id="l1">Desdont que <anchor xml:id="l1a1"/>par<supplied reason="illegible">[s]</supplied><anchor xml:id="l1a2"/> de moy, pour ton partire</l>
                <l xml:id="l2"><anchor xml:id="l2a1"/><supplied reason="illegible">[mou]</supplied>ri<supplied reason="illegible">[r]</supplied><anchor xml:id="l2a2"/> me sent en doloureus martire, </l>
                <l xml:id="l3">car tu me fais le cuer en <anchor xml:id="l3a1"/>deux<anchor xml:id="l3a2"/> partire</l>
                <l xml:id="l4"><hi rend="italic">desdont <supplied reason="illegible">[que part de moy pour ton partire]</supplied>.</hi></l>
                <l xml:id="l5" n="5">Si en reçoy si <anchor xml:id="l5a1"/>tro<supplied reason="illegible">[p]</supplied><anchor xml:id="l5a2"/> crüel martire,	</l>
                <l xml:id="l6">dont je say bien qu’en mouray <anchor xml:id="l6a1"/><supplied reason="illegible">[vite]</supplied><anchor xml:id="l6a2"/> d’ire; </l>
                <l xml:id="l7"><hi rend="italic">desdont <supplied xml:id="suppl1" reason="illegible">[que part de moy pour ton partire</supplied></hi></l>
                <l xml:id="l8"><hi rend="italic"><supplied xml:id="suppl2" corresp="#suppl1" reason="illegible">mourir me sent en doloureus martire].</supplied></hi> </l>
            </lg>

        </body>



        <back>
            <listWit>
                <witness xml:id="Ut">
                    <ref type="siglum" target="#Ut">Ut</ref>c. 27r, <abbr xml:id="UtC">C</abbr>(vv. 1-2), <hi rend="italic">resid.</hi> (vv. 3-8): <hi rend="italic">cleric(us) de landes bone memorie</hi>
                </witness>
            </listWit>


            <listApp type="substantial">
                <listApp>
                    <head>1</head>
                    <app from="#l1a1" to="#l1a2">
                        <lem>pars</lem>
                        <rdg wit="#Ut">part</rdg>
                    </app>
                </listApp>
                
                <listApp>
                    <head>2</head>
                    <app from="#l2a1" to="#l2a2">
                        <lem>mourir</lem>
                        <rdg wit="#Ut">rie <witDetail wit="#Ut"><hi rend="italic">preceduto da testo ill.</hi></witDetail></rdg>
                    </app>
                </listApp>
                
                <listApp>
                    <head>3</head>
                    <app from="#l3a1" to="#l3a2">
                        <lem>deux</lem>
                        <rdg wit="#Ut"><hi rend="italic">abbreviato in</hi> .ii.</rdg>
                    </app>
                </listApp>
                
                <listApp>
                    <head>5</head>
                    <app from="#l5a1" to="#l5a2">
                        <lem>trop</lem>
                        <rdg wit="#Ut">p <hi rend="italic">di lettura incerta</hi></rdg>
                    </app>
                </listApp>
                
                <listApp>
                    <head>6</head>
                    <app from="#l6a1" to="#l6a2">
                        <lem>vite</lem>
                        <rdg wit="#Ut"/>
                    </app>
                </listApp>
            </listApp>



            <!--<listApp type="formal">
               
            </listApp>-->
            


            <div type="metricalScheme">
                <p><hi rend="italic">Rondeau</hi> 10’A 10’A; 10’a, 10’A; 10’a 10’a; 10’A 10’A.</p>
                <p>Rima ricca ai vv. 1 : 2 : 3; rima inclusiva ai vv.  1 : 2 : 3 : 5 : 6; rima identica ai vv. 2 : 5; rima equivoca ai vv. 1 : 3.</p>
            </div>


            <listBibl type="editions">
                <bibl corresp="#ApelRosenberg1970">Apel-Rosenberg 1970, p. <hi rend="small-caps">l</hi>.</bibl>
            </listBibl>


            <!--<listBibl type="bibliography">
            <bibl corresp="#">
            </bibl>
            </listBibl>-->


            <div type="commentary">
                <note target="#l8">
                    <num>8.</num>
                    <p>Conclude il <hi rend="italic">residuum</hi> una scrittura poco chiara che non sembra costituire un verso del <hi rend="italic">rondeau</hi>: «le rol del […] te symonz anssa asclain etc.».</p>
                </note>
            </div>


            <listBibl type="editionsBibliography">
                <bibl xml:id="ApelRosenberg1970"><hi rend="italic">French Secular Compositions of the Fourteenth Century: Vol. I, Ascribed Compositions</hi>, ed. by W. Apel, edition of the literary texts by S. N. Rosenberg, Roma, American Institute of Musicology, 1970 (CMM, 53/1).</bibl>
            </listBibl>
        </back>
    </text>
</TEI>
