<?xml version="1.0" encoding="UTF-8"?>
<?xml-model href="http://www.tei-c.org/release/xml/tei/custom/schema/relaxng/tei_all.rng" type="application/xml" schematypens="http://relaxng.org/ns/structure/1.0"?>
<?xml-model href="http://www.tei-c.org/release/xml/tei/custom/schema/relaxng/tei_all.rng" type="application/xml"
	schematypens="http://purl.oclc.org/dsdl/schematron"?>
<TEI xmlns="http://www.tei-c.org/ns/1.0">
   <teiHeader>
      <fileDesc>
         <titleStmt>
            <title>Donna legiadra, di çafir vestita</title>
            <respStmt>
               <resp>Digital scholarly edition created within the </resp>
               <orgName><ref target="https://www.europeanarsnova.eu/">European Ars Nova</ref> ERC project.</orgName>
            </respStmt>
            <respStmt>
               <resp>Edited by</resp>
               <name>Maria Sofia Lannutti</name>
            </respStmt>
            <respStmt>
               <resp>Revised by</resp>
               <name>Luca Gatti</name>
            </respStmt>
            <respStmt>
               <resp>TEI-encoded by</resp>
               <name>Carla Congiu</name>
            </respStmt>
         </titleStmt>
         <publicationStmt>
            <p></p>
            <!--publisher>Edizioni del Galluzzo</publisher>
            <pubPlace>Firenze, Italia</pubPlace>
            <date>2021</date>
            <availability>
               <p>L'edizione è disponibile su licenza.</p>
            </availability>            
            <idno type="ISBN">ISBN</idno>
            <idno type="DOI">DOI</idno>
            <idno type="URI">permalink della scheda ANT</idno-->
         </publicationStmt>
         <sourceDesc>
            <p></p>
         </sourceDesc>
      </fileDesc>
      <encodingDesc>
         <variantEncoding method="double-end-point" location="internal"/>
      </encodingDesc>
   </teiHeader>
   <text>
      <!--front>
         <div>
            <p>
           </p>
         </div>         
      </front-->
      <body>
        <lg>
            <l xml:id="l1">
		      <anchor xml:id="l1a1"/>Donna<anchor xml:id="l1a2"/> <anchor xml:id="l1a5"/>legiadra<anchor xml:id="l1a6"/>, <anchor xml:id="l1a3"/>di<anchor xml:id="l1a4"/> çafir vestita
	        </l>
            <l xml:id="l2">
		      et di cristal, sede <anchor xml:id="l2a1"/>sopr’ un<anchor xml:id="l2a2"/> diamante,
	        </l>
            <l xml:id="l3">
		      segno di pura <anchor xml:id="l3a1"/><supplied>[fé]</supplied><anchor xml:id="l3a2"/>, fort’ e constante.
	        </l>
            <l xml:id="l4">
		      Coperta di color di bel <anchor xml:id="l4a1"/>smiraldo<anchor xml:id="l4a2"/>
	        </l>
            <l xml:id="l5" n="5">
              era la testa, <anchor xml:id="l5a1"/>in<anchor xml:id="l5a2"/> segno d’onestate,
	        </l>
            <l xml:id="l6">
		      e ’l viso pien d’angelica <anchor xml:id="l6a1"/>biltate<anchor xml:id="l6a2"/>.
	        </l>
        </lg>
        <lg>
            <l xml:id="l7">
		      Al collo poi <anchor xml:id="l7a1"/>le<anchor xml:id="l7a2"/> vid’ un <anchor xml:id="l7a3"/>laccio<anchor xml:id="l7a4"/> d’oro,
	        </l>
            <l xml:id="l8">
		      tal che <anchor xml:id="l8a1"/>mi<anchor xml:id="l8a2"/> <anchor xml:id="l8a3"/>fa<anchor xml:id="l8a4"/> sperar, sì ch’<anchor xml:id="l8a5"/>i’<anchor xml:id="l8a6"/> non moro.
	        </l>
        </lg>
       </body>
      <back>
         <listWit>
            <witness xml:id="Sq">
               <ref type="siglum" target="#Sq">Sq</ref>
               c. <locus>108v</locus>, <abbr xml:id="SqC">C</abbr> (vv. 1-3 e 7-8), <abbr xml:id="SqT">T</abbr> (vv. 1-3 e 7-8), <hi rend="italic">resid</hi>. (vv. 4-6): <hi rend="italic">magister frater bartolinus de padua</hi>
            </witness>
            <witness xml:id="R">
               <ref type="siglum" target="#R">R</ref>
               c. <locus>18v</locus>, <abbr xml:id="RC">C</abbr> (vv. 1-3 e 7-8), <abbr xml:id="RT">T</abbr> (vv. 1-3 e 7-8), <hi rend="italic">resid</hi>. (vv. 4-6)
            </witness>
            </listWit>
           <listApp type="substantial">
               <listApp>
                 <head>1</head>
                 <app from="#l1a1" to="#l1a2">
                  <lem>Donna</lem>
                  <rdg wit="#R">onna</rdg>
                 </app>
                 <app from="#l1a3" to="#l1a4">
                  <lem>di</lem>
                  <rdg wit="#Sq"><wit><ref target="#RT">R<hi rend="super">T</hi></ref></wit></rdg>
                 </app>
               </listApp>
               <listApp>
                 <head>3</head>
                 <app from="#l3a1" to="#l3a2">
                  <lem>fé</lem>
                  <rdgGrp>
                    <rdg wit="#Sq">di</rdg>
                    <rdg wit="#R">de</rdg>
                  </rdgGrp>
                 </app>
               </listApp>
           </listApp>
         <listApp type="formal">
            <listApp>
               <head>1</head>
               <app from="#l1a5" to="#l1a6">
                  <lem>legiadra</lem>
                  <rdg wit="#R">liçadra</rdg>
               </app>
               <app from="#l1a3" to="#l1a4">
                  <lem>di</lem>
                  <rdg wit="#R">de</rdg>
                 </app>
            </listApp>
            <listApp>
               <head>2</head>
               <app from="#l2a1" to="#l2a2">
                  <lem>sopr’ un</lem>
                  <rdg wit="#R">sopra un</rdg>
               </app>
            </listApp>
            <listApp>
               <head>4</head>
               <app from="#l4a1" to="#l4a2">
                  <lem>smiraldo</lem>
                  <rdg wit="#R">smaraldo</rdg>
               </app>
            </listApp>
            <listApp>
               <head>5</head>
               <app from="#l5a1" to="#l5a2">
                  <lem>in</lem>
                  <rdg wit="#R">en</rdg>
               </app>
            </listApp>
            <listApp>
               <head>6</head>
               <app from="#l6a1" to="#l6a2">
                  <lem>biltate</lem>
                  <rdg wit="#R">beltate</rdg>
               </app>
            </listApp>
            <listApp>
               <head>7</head>
               <app from="#l7a1" to="#l7a2">
                  <lem>le</lem>
                  <rdg wit="#R">li</rdg>
               </app>
               <app from="#l7a3" to="#l7a4">
                  <lem>laccio</lem>
                  <rdg wit="#R">laço</rdg>
               </app>
            </listApp>
            <listApp>
               <head>8</head>
               <app from="#l8a1" to="#l8a2">
                  <lem>fa</lem>
                  <rdg wit="#R"><del rend="overstrike">fi</del> fa</rdg>
               </app>
               <app from="#l8a3" to="#l8a4">
                  <lem>mi</lem>
                  <rdg wit="#R">me</rdg>
               </app>
               <app from="#l8a5" to="#l8a6">
                  <lem>i’</lem>
                  <rdg wit="#R">io</rdg>
               </app>
            </listApp>
         </listApp>
         <div type="metricalScheme">
            <p>Madrigale 10’a 10’b 10’b, 10’c 10’d 10’d; 10’e 10’e.</p> 
            <p><hi rend="italic">Capovilla</hi> <hi rend="small-caps">xlviii</hi>.</p>
            <p>Rima ricca ai vv. 5 : 6.</p>
            </div>
         <listBibl type="editions">
            <bibl corresp="#Corsi1970">
               Corsi 1970, p. 240.
            </bibl>
         </listBibl>
         <div type="commentary">
            <note target="#l3">
               <num>3.</num>. Per l’integrazione, cfr. le ballate <hi rend="italic">Non per fallir di me tuo vista pia</hi>, intonata da Francesco Landini, v. 7 «Usando pura fé, mi tien’ nascoso»; <hi rend="italic">Merzé, per Dio</hi>, v. 4 «non sì fedel né con sì pura fé».
            </note>
         </div>
         <listBibl type="editionsBibliography">
            <bibl xml:id="Corsi1970">
               Giuseppe Corsi, <hi rend="italic">Poesie musicali del Trecento</hi>, Bologna, Commissione per i testi di lingua, 1970 (Collezione di opere inedite o rare, 131).
            </bibl>
         </listBibl>
      </back>
   </text>
</TEI>
