<?xml version="1.0" encoding="UTF-8"?>
<?xml-model href="http://www.tei-c.org/release/xml/tei/custom/schema/relaxng/tei_all.rng" type="application/xml" schematypens="http://relaxng.org/ns/structure/1.0"?>
<?xml-model href="http://www.tei-c.org/release/xml/tei/custom/schema/relaxng/tei_all.rng" type="application/xml"
	schematypens="http://purl.oclc.org/dsdl/schematron"?>
<TEI xmlns="http://www.tei-c.org/ns/1.0">
    <teiHeader>
        <fileDesc>
            <titleStmt>
                <title>Donna, bench’ i’ mi parta dal bel viso</title>
                <!--<author><ref target="X"></ref></author>-->
                <respStmt>
                    <resp>Digital scholarly edition created within the ERC</resp>
                    <orgName><ref target="https://www.europeanarsnova.eu/">European Ars Nova</ref>
                        project.</orgName>
                </respStmt>
                <respStmt>
                    <resp>Edited by</resp>
                    <name>Luca Gatti</name> 
                </respStmt>
                <respStmt>
                    <resp>Revised by</resp>
                    <name>Davide Checchi</name>
                </respStmt>
                <respStmt>
                    <resp>TEI-encoding by</resp>
                    <name>Chiara Martignano</name>
                </respStmt>
            </titleStmt>
            <publicationStmt>
                <p/>
                <!--publisher>Edizioni del Galluzzo</publisher>
            <pubPlace>Firenze, Italia</pubPlace>
            <date>2021</date>
            <availability>
               <p>L'edizione è disponibile su licenza.</p>
            </availability>            
            <idno type="ISBN">ISBN</idno>
            <idno type="DOI">DOI</idno>
            <idno type="URI">permalink della scheda ANT</idno-->
            </publicationStmt>
            <sourceDesc>
                <p/>
            </sourceDesc>
        </fileDesc>
        <encodingDesc>
            <variantEncoding method="double-end-point" location="internal"/>
        </encodingDesc>
    </teiHeader>
    <text>
        <!--<front> 
         <div> 
            <p>
               Aggiungi qui l'INTRODUZIONE (se presente). Suddividila in paragrafi (<p>)
               e marca i corsivi (<hi rend="italic"> </hi> )
            </p> 
         </div>         
      </front> -->
        <body>
            <lg>
                <l xml:id="l1">
                    Donna, bench’ i’ mi <anchor xml:id="l1a1"/>parta<anchor xml:id="l1a2"/> dal bel viso
                </l>
                <l xml:id="l2">
                    vostro, <anchor xml:id="l2a1"/>tenete<anchor xml:id="l2a2"/> <anchor xml:id="l2a3"/>poi<anchor xml:id="l2a4"/>
                </l>
                <l xml:id="l3">
                    l’alma, che volentier <anchor xml:id="l3a1"/>riman con voi<anchor xml:id="l3a2"/>.
                </l>
            </lg>
            <lg>
                <l xml:id="l4">
                    Ma quel <anchor xml:id="l4a1"/>cotanto<anchor xml:id="l4a2"/> spirito, ch’i’ porto
                </l>
                <l xml:id="l5" n="5">
                    sol per picciol sostegno di mie vita,
                </l>
                <l xml:id="l6">
                    seco vi prega per suo gram conforto
                </l>
                <l xml:id="l7">
                    serviate <anchor xml:id="l7a1"/>fed’<anchor xml:id="l7a2"/>, ov’ è biltà gradita,
                </l>
                <l xml:id="l8">
                    né già pensiate corporal partita
                </l>
                <l xml:id="l9">
                    tolga l’alma da voi,
                </l>
                <l xml:id="l10" n="10">
                    benché l’andar più che morte mi nòi.
                </l>
            </lg>
        </body>



        <back>
            <listWit>
                <witness xml:id="Sq">
                    <ref type="siglum" target="#Sq">Sq</ref> cc. 183v-184r, <abbr xml:id="SqC">C</abbr> (vv. 1-7), <abbr xml:id="SqT">T</abbr> (vv. 1-7), <abbr xml:id="SqCt">Ct</abbr> (vv. 1-5), <hi rend="italic">resid.</hi> (vv. 8-10): <hi rend="italic">m(agister) f(rater) andreas horghanista de florentia</hi>
                </witness>
            </listWit>


            <listApp type="substantial">               
               <listApp>
                   <head>2</head>
                   <app from="#l2a1" to="#l2a2">
                       <lem>tenete</lem>
                       <rdg>t<del>e</del>nete
                           <wit><ref corresp="#SqT">Sq<hi rend="super">T</hi></ref></wit></rdg>
                   </app>
               </listApp>
                <listApp>
                    <head>4</head>
                    <app from="#l4a1" to="#l4a2">
                        <lem>cotanto</lem>
                        <rdg>-o <hi rend="italic">corretta da una</hi> -a <hi rend="italic">precedente</hi>
                            <wit><ref corresp="#SqCt">Sq<hi rend="super">Ct</hi></ref></wit></rdg>
                    </app>
                </listApp>
            </listApp>



            <listApp type="formal">
                <listApp>
                    <head>1</head>
                    <app from="#l1a1" to="#l1a2">
                        <lem>parta</lem>
                        <rdg>parta parta
                            <wit><ref corresp="#SqT #SqCt">Sq<hi rend="super">TCt</hi></ref></wit></rdg>
                    </app>
                </listApp>
                <listApp>
                    <head>2</head>
                    <app from="#l2a3" to="#l2a4">
                        <lem>poi</lem>
                        <rdg>poy y
                            <wit><ref corresp="#SqC">Sq<hi rend="super">C</hi></ref></wit></rdg>
                    </app>
                </listApp>
                <listApp>
                    <head>3</head>
                    <app from="#l3a1" to="#l3a2">
                        <lem>riman con voi</lem>
                        <rdg>riman con vo riman con voy
                            <wit><ref corresp="#SqC">Sq<hi rend="super">C</hi></ref></wit></rdg>
                    </app>
                </listApp>
                <listApp>
                    <head>7</head>
                    <app from="#l7a1" to="#l7a2">
                        <lem>fed’</lem>
                        <rdg>fede
                            <wit><ref corresp="#SqT">Sq<hi rend="super">T</hi></ref></wit></rdg>
                    </app>
                </listApp>
            </listApp>
            


            <div type="metricalScheme">
                <p>
                    Ballata mezzana 10’y 6’z 10’z; 10’a 10’b, 10’a 10’b; 10’b 6’z 10’z.
                </p>
                <p>
                    Pagnotta 115 : 70. Lo schema è identico a quello di <hi rend="italic">Dolce sperança d’amoroso foco</hi> (ed. ArsNova).
                </p>
                <p>
                    Rima identica ai vv. 3 : 9.
                </p>
                <p>
                    Punti sottoscritti: v. 2 (tẹnete) Sq<hi rend="super">T</hi>.
                </p>
            </div>


            <listBibl type="editions">
                <bibl corresp="#Corsi1970">Corsi 1970, pp. 294-5.</bibl>   
            </listBibl>


            <listBibl type="editionsBibliography">
                <bibl xml:id="Corsi1970">
                    <hi rend="italic">Poesie musicali del Trecento</hi>, a cura di G. Corsi, Bologna, Commissione per i testi di lingua, 1970 (Collezione di opere inedite o rare, 131)
                </bibl>
            </listBibl>
        </back>
    </text>
</TEI>
