<?xml version="1.0" encoding="UTF-8"?>
<?xml-model href="http://www.tei-c.org/release/xml/tei/custom/schema/relaxng/tei_all.rng" type="application/xml" schematypens="http://relaxng.org/ns/structure/1.0"?>
<?xml-model href="http://www.tei-c.org/release/xml/tei/custom/schema/relaxng/tei_all.rng" type="application/xml"
	schematypens="http://purl.oclc.org/dsdl/schematron"?>
<TEI xmlns="http://www.tei-c.org/ns/1.0">
    <teiHeader>
        <fileDesc>
            <titleStmt>
                <title>Donna, sʼAmor m’invita</title>
                <respStmt>
                    <resp>Digital scholarly edition created within the </resp>
                    <orgName><ref target="https://www.europeanarsnova.eu/">European Ars Nova</ref> ERC project.</orgName>
                </respStmt>
                <respStmt>
                    <resp>Edited by</resp>
                    <name>Maria Sofia Lannutti</name>
                </respStmt>
                <respStmt>
                    <resp>Revised by</resp>
                    <name>Vittoria Brancato</name>
                </respStmt>
                <respStmt>
                    <resp>TEI-encoded by</resp>
                    <name>Carla Congiu</name>
                </respStmt>
            </titleStmt>
            <publicationStmt>
                <p></p>
                <!--publisher>Edizioni del Galluzzo</publisher>
            <pubPlace>Firenze, Italia</pubPlace>
            <date>2021</date>
            <availability>
               <p>L'edizione è disponibile su licenza.</p>
            </availability>            
            <idno type="ISBN">ISBN</idno>
            <idno type="DOI">DOI</idno>
            <idno type="URI">permalink della scheda ANT</idno-->
            </publicationStmt>
            <sourceDesc>
                <p></p>
            </sourceDesc>
        </fileDesc>
        <encodingDesc>
            <variantEncoding method="double-end-point" location="internal"/>
        </encodingDesc>
    </teiHeader>
    <text>
        <!--front>
            <div>
                <p>
                </p>
            </div>         
        </front-->
        <body>
            <lg>
                <l xml:id="l1">
                    Donna, sʼAmor m’invita
                </l>
                <l xml:id="l2">
                    chʼiʼ vostro servo sia,
                </l>
                <l xml:id="l3">
                    che dé far lʼalma mia, 
                </l>
                <l xml:id="l4">
                    se non seguir voi sempre per mie vita?
                </l>
            </lg>
            <lg>
                <l xml:id="l5" n="5">
                    Vita mi dà il vostro vagʼ aspetto,
                </l>
                <l xml:id="l6">
                    ma crudeltà mʼuccide,
                </l>
                <l xml:id="l7">
                    sì che vivendo di morte sospetto
                </l>
                <l xml:id="l8">
                    perchʼ amor mi conquide
                </l>
                <l xml:id="l9">
                    <supplied>[...]</supplied>
                </l>
                <l xml:id="l10" n="10">
                    <supplied>[...]</supplied>
                </l>
                <l xml:id="l11">
                    <supplied>[...]</supplied>
                </l>
                <l xml:id="l12">
                    <supplied reason="illegible">[... -ita]</supplied>
                </l>
            </lg>
        </body>
        <back>
            <listWit>
                <witness xml:id="Sq">
                    <ref type="siglum" target="#Sq">Sq</ref>
                    c. <locus>174r</locus>, <abbr xml:id="SqC">C</abbr> (vv. 1-8): <hi rend="italic">m(agister) frater egidius (et) guilielmus de francia</hi>
                </witness>
            </listWit>
            <!--listApp type="substantial">
            </listApp-->
            <!--listApp type="formal">
            </listApp-->
            <div type="metricalScheme">
                <p>Ballata grande 6’z 6ʼy 6ʼy 10ʼz; 10ʼa 6ʼb, 10ʼa 6ʼb; [10’m 10’m 10’m 10’z]. Legame capfinido tra ripresa e prima stanza (con artificio adottato anche in <hi rend="italic">Alta, serena luce</hi> degli stessi compositori).</p>
                <p>Rima inclusiva ai vv. 1 : 4; rima ricca ai vv. 5 : 7.</p>
                <p>Punti sottoscritti: v. 4 (<hi rend="italic">voi</hi>) Sq.</p>
            </div>
            <listBibl type="editions">
                <bibl corresp="#Corsi1970">
                    Corsi 1970, p. 93.
                </bibl>
            </listBibl>
            <!--div type="commentary">
            </div-->
            <listBibl type="editionsBibliography">
                <bibl xml:id="Corsi1970">
                    Giuseppe Corsi, <hi rend="italic">Poesie musicali del Trecento</hi>, Bologna, Commissione per i testi di lingua, 1970 (Collezione di opere inedite o rare, 131).
                </bibl>
            </listBibl>
        </back>
    </text>
</TEI>