<?xml version="1.0" encoding="UTF-8"?>
<?xml-model href="http://www.tei-c.org/release/xml/tei/custom/schema/relaxng/tei_all.rng" type="application/xml" schematypens="http://relaxng.org/ns/structure/1.0"?>
<?xml-model href="http://www.tei-c.org/release/xml/tei/custom/schema/relaxng/tei_all.rng" type="application/xml"
	schematypens="http://purl.oclc.org/dsdl/schematron"?>
<TEI xmlns="http://www.tei-c.org/ns/1.0">
   <teiHeader>
      <fileDesc>
         <titleStmt>
            <title>Donna, perché mi veggi altra mirare</title>
            <respStmt>
               <resp>Digital scholarly edition created within the ERC</resp>
               <orgName><ref target="https://www.europeanarsnova.eu/">European Ars Nova</ref> project.</orgName>
            </respStmt>
            <respStmt>
                <resp>Edited by</resp>
                <name>Maria Sofia Lannutti</name> 
            </respStmt>
            <respStmt>
                <resp>Revised by</resp>
                <name>Luca Gatti</name>
            </respStmt>
             <respStmt>
                <resp>TEI-encoded by</resp>
                <name>Letizia Ricci</name>
            </respStmt>
         </titleStmt>
         <publicationStmt>
            <p></p>
            <!--publisher>Edizioni del Galluzzo</publisher>
            <pubPlace>Firenze, Italia</pubPlace>
            <date>2021</date>
            <availability>
               <p>L'edizione è disponibile su licenza.</p>
            </availability>            
            <idno type="ISBN">ISBN</idno>
            <idno type="DOI">DOI</idno>
            <idno type="URI">permalink della scheda ANT</idno-->
         </publicationStmt>
         <sourceDesc>
            <p></p>
         </sourceDesc>
      </fileDesc>
      <encodingDesc>
         <variantEncoding method="double-end-point" location="internal"/>
      </encodingDesc>
   </teiHeader>
    <text>
      <!-- <front>
         <div>
            <p>
            </p>
         </div>
      </front> -->
      <body>
         <lg>
            <l xml:id="l1">
                Donna, <anchor xml:id="l1a1"/>perché<anchor xml:id="l1a2"/> mi veggi altra mirare
            </l>
            <l xml:id="l2">
                giammai non creder ch’io
            </l>
            <l xml:id="l3">
                da·tte sperança lievi né disio,
            </l>
         </lg>
         <lg>
            <l xml:id="l4">
                ma nello stato amoroso esser voglio
            </l>
            <l xml:id="l5" n="5">
		seguendo te, <name type="senhal" rend="small-caps">DÏANA</name> ora novella,
            </l>
            <l xml:id="l6">
                e, come Amor <anchor xml:id="l6a1"/>d’amor<anchor xml:id="l6a2"/> veste, me spoglio
            </l>
            <l xml:id="l7">
                l’amor d’ogn’ altra che mostrasse bella;
            </l>
            <l xml:id="l8">
                et più che mai mia alma t’è ancella:
            </l>
            <l xml:id="l9">
                <anchor xml:id="l9a1"/>ser<supplied reason="illegible">[v]</supplied>aço<anchor xml:id="l9a2"/>, il qual port’ io,
            </l>
            <l xml:id="l10" n="10">
                per mie dolceça non mi torn’ in rio.	
            </l>
         </lg>
      </body>
      <back>
         <listWit>
            <witness xml:id="Pit">
               <ref type="siglum" target="#Pit">Pit</ref>
               c. <locus>81r</locus>, <abbr xml:id="PitC">C</abbr> (vv. 1-5), <abbr xml:id="PitT">T</abbr> (vv. 1-5), <hi rend="italic">resid</hi>. (vv. 6-10): <hi rend="italic">do(n) paolo</hi>
            </witness>
         </listWit>
         <listApp type="substantial">
            <listApp>
               <head>6</head>
               <app from="#l6a1" to="#l6a2">
                  <lem>d'amor</lem>
                  <rdg wit="Pit">damore</rdg> 
               </app>
            </listApp>
            <listApp>
                <head>9</head>
                <app from="#l9a1" to="#l9a2">
                   <lem>servaço</lem>
                   <rdg wit="Pit">serraço</rdg>
                </app>
            </listApp>
         </listApp>
         <listApp type="formal">
            <listApp>
               <head>1</head>
               <app from="#l1a1" to="#l1a2">
                    <lem>perché</lem>
                    <rdg wit="#Pit">pe perche</rdg>
                </app>
            </listApp>
        </listApp>
         <div type="metricalScheme">
            <p>
                Ballata mezzana 10’y 6’z 10’z; 10’a 10’b, 10’a 10’b; 10’b 6’z 10’z. 
            </p>
            <p>
                <hi rend="italic">Pagnotta</hi> 115 : 73.
            </p>
            <p>
                Rima identica ai vv. 2 : 9.
            </p>
            <p>
                Punti sottoscritti: vv. 1 (<hi rend="italic">giammai</hi>); 4 (<hi rend="italic">stato, amoroso</hi>); 5 (<hi rend="italic">dïana</hi>).
            </p>
         </div>
         <listBibl type="editions">
            <bibl corresp="#Corsi1970">
                Corsi 1970, pp. 276-7.
            </bibl>
         </listBibl>
         <!--listBibl type="bibliography">
            <bibl>
               <relatedItem>
                  <bibl>Riferimento bibliografico completo</bibl>
               </relatedItem>
            </bibl>
         </listBibl-->
         <div type="commentary">
            <note target="#l7">
               <num>7.</num>
               <p><hi rend="italic">mostrasse</hi>: il soggetto è <hi rend="italic">Amor</hi>, ma non è escluso che debba intendersi ‘si mostrasse’, con ogn’altra soggetto.</p>
            </note>
            <note target="#l5">
                <num>5.</num>
                <p><hi rend="italic">DÏANA ora novella</hi>: l’alba, ma vi è insito il <hi rend="italic">senhal</hi> che allude al personaggio mitologico, tenendo anche conto della risonanza del madrigale <hi rend="italic">Non al suo amante più Dïana piacque</hi> di Petrarca.</p>
            </note>
            <note target="#l9">
                <num>9.</num>
                <p><hi rend="italic">servaço</hi>: l’emendamento è già in Corsi.</p>
            </note>
            <note target="#l10">
                <num>10.</num>
                <p>‘per la dolcezza che provo non mi procura sofferenza’.</p>
            </note>
         </div>
         <listBibl type="editionsBibliography">
            <bibl xml:id="Corsi1970">
                Giuseppe Corsi, <hi rend="italic">Poesie musicali del Trecento</hi>, Bologna, Commissione per i testi di lingua, 1970 (Collezione di opere inedite o rare, 131).
            </bibl>
         </listBibl>
      </back>
   </text>
</TEI>
