<?xml version="1.0" encoding="UTF-8"?>
<?xml-model href="http://www.tei-c.org/release/xml/tei/custom/schema/relaxng/tei_all.rng" type="application/xml" schematypens="http://relaxng.org/ns/structure/1.0"?>
<?xml-model href="http://www.tei-c.org/release/xml/tei/custom/schema/relaxng/tei_all.rng" type="application/xml"
	schematypens="http://purl.oclc.org/dsdl/schematron"?>
<TEI xmlns="http://www.tei-c.org/ns/1.0">
    <teiHeader>
        <fileDesc>
            <titleStmt>
                <title>Du’ ochi ladri sot’ una girlanda</title>
                <respStmt>
                    <resp>Digital scholarly edition created within the </resp>
                    <orgName><ref target="https://www.europeanarsnova.eu/">European Ars Nova</ref> ERC project.</orgName>
                </respStmt>
                <respStmt>
                    <resp>Edited by</resp>
                    <name>Maria Sofia Lannutti</name>
                </respStmt>
                <respStmt>
                    <resp>Revised by</resp>
                    <name>Luca Gatti</name>
                </respStmt>
                <respStmt>
                    <resp>TEI-encoded by</resp>
                    <name>Carla Congiu</name>
                </respStmt>
            </titleStmt>
            <publicationStmt>
                <p></p>
                <!--publisher>Edizioni del Galluzzo</publisher>
            <pubPlace>Firenze, Italia</pubPlace>
            <date>2021</date>
            <availability>
               <p>L'edizione è disponibile su licenza.</p>
            </availability>            
            <idno type="ISBN">ISBN</idno>
            <idno type="DOI">DOI</idno>
            <idno type="URI">permalink della scheda ANT</idno-->
            </publicationStmt>
            <sourceDesc>
                <p></p>
            </sourceDesc>
        </fileDesc>
        <encodingDesc>
            <variantEncoding method="double-end-point" location="internal"/>
        </encodingDesc>
    </teiHeader>
    <text>
        <!--front>
         <div>
            <p>
           </p>
         </div>         
      </front-->
        <body>
            <lg>
                <l xml:id="l1">
                   Du’ ochi ladri sot’ una girlanda
                </l>
                <l xml:id="l2">
                    ridean sì dolcemente che mi <anchor xml:id="l2a1"/>tol<supplied>[se]</supplied><anchor xml:id="l2a2"/>
                </l>
                <l xml:id="l3">
                    al so dexio come ie piaque e volse.
                </l>
                <l xml:id="l4">
                    Per lo verde color de quelle foie
                </l>
                <l xml:id="l5" n="5">
                    che suopra ’l vago viso gli ombreçava,
                </l>
                <l xml:id="l6">
                    a più poder de <anchor xml:id="l6a1"/><supplied>[s]</supplied>é me<anchor xml:id="l6a2"/> inamorava.
                </l>
                <l xml:id="l7">
                    Amor, nel dolce tempo che me <anchor xml:id="l7a1"/>p<supplied>[r]</supplied>ese<anchor xml:id="l7a2"/>,
                </l>
                <l xml:id="l8">
                    tanto mi rinfiamò del so bel foco,
                </l>
                <l xml:id="l9">
                    ch’i’ sento ancor piacer del primer çoco,
                </l>
            </lg>
            <lg>  
                <l xml:id="l10">
                    pensando già che d’alegreça el fenno.
                </l>
            </lg>
        </body>
        <back>
            <listWit>
                <witness xml:id="Rs">
                    <ref type="siglum" target="#Rs">Rs</ref> 
                    cc. <locus>4v-5r</locus>, <abbr xml:id="RsC">C</abbr> (vv. 1-3 e 10), <abbr xml:id="RsT">T</abbr> (vv. 1-3 e 10), <hi rend="italic">resid</hi>. (vv. 4-9)
                </witness>
            </listWit>
            <listApp type="substantial">
                <listApp>
                    <head>1</head>
                    <app from="#l2a1" to="#l2a2">
                        <lem>tolse</lem>
                        <rdg>tol <wit><ref target="#RsC">Rs<hi rend="super">C</hi></ref></wit></rdg>
                    </app>
                </listApp>
                <listApp>
                    <head>6</head>
                    <app from="#l6a1" to="#l6a2">
                        <lem>sé me</lem>
                        <rdg wit="#Rs">femena</rdg>
                    </app>
                </listApp>
                <listApp>
                    <head>7</head>
                    <app from="#l7a1" to="#l7a2">
                        <lem>prese</lem>
                        <rdg wit="#Rs">pese</rdg>
                    </app>
                </listApp>
            </listApp>
            <!--<listApp type="formal">
            </listApp>-->
            <div type="metricalScheme">
                <p>Madrigale 10’a 10’b 10’b, 10’c 10’d 10’d, 10’e 10’f 10’f; 10’g.</p>
                <p><hi rend="italic">Capovilla</hi> <hi rend="small-caps">lii</hi>.</p>
            </div>
            <listBibl type="editions">
                <bibl corresp="#LiGotti1944">
                    Li Gotti 1944, p. 125;
                </bibl>
                <bibl corresp="#Sesini1943-1950">
                    Sesini 1943-1950, p. 221;
                </bibl>
                <bibl corresp="#Corsi1970">
                    Corsi 1970, p. 334;
                </bibl>
                <bibl corresp="#Pirrotta1992">
                    Pirrotta 1992, p. 28;
                </bibl>
                <bibl corresp="#Sucato2003">
                    Sucato 2003, p. 73.
                </bibl>
            </listBibl>
            <div type="commentary">
                <note target="#l6">
                    <num>6.</num>
                    L’emendamento è già in Sucato 2003.
                </note>
            </div>
            <listBibl type="editionsBibliography">
                <bibl xml:id="LiGotti1944">
                    E. Li Gotti, <hi rend="italic">Poesie musicali italiane del sec. XIV</hi>, «Atti della Reale Accademia di scienze, lettere e arti di Palermo», IV/2 (1944), pp. 99-167.
                </bibl>
                <bibl xml:id="Sesini1943-1950">
                    U. Sesini, <hi rend="italic">Il canzoniere musicale trecentesco del codice Vatic. Rossiano 215</hi>, «Studi medievali», n.s., 16 (1943-1950), pp. 212-236.
                </bibl>
                <bibl xml:id="Corsi1970">
                    Giuseppe Corsi, <hi rend="italic">Poesie musicali del Trecento</hi>, Bologna, Commissione per i testi di lingua, 1970 (Collezione di opere inedite o rare, 131).
                </bibl>
                <bibl xml:id="Pirrotta1992">
                    N. Pirrotta, <hi rend="italic">Il codice Rossi 215 della Biblioteca Apostolica Vaticana. Con i frammenti della fondazione Opera pia don Giuseppe Greggiati di Ostiglia</hi>, Lucca, LIM, 1992.
                </bibl>
                <bibl xml:id="Sucato2003">
                    Tiziana Sucato, <hi rend="italic">Il codice rossiano 215. Madrigali, ballate, una caccia, un rotondello</hi>, Pisa, ETS, 2003 («Diverse voci...» 1).
                </bibl>
            </listBibl>
        </back>
    </text>
</TEI>