<?xml version="1.0" encoding="UTF-8"?>
<?xml-model href="http://www.tei-c.org/release/xml/tei/custom/schema/relaxng/tei_all.rng" type="application/xml" schematypens="http://relaxng.org/ns/structure/1.0"?>
<?xml-model href="http://www.tei-c.org/release/xml/tei/custom/schema/relaxng/tei_all.rng" type="application/xml"
	schematypens="http://purl.oclc.org/dsdl/schematron"?>
<TEI xmlns="http://www.tei-c.org/ns/1.0">
    <teiHeader>
        <fileDesc>
            <titleStmt>
                <title>Dè, come dolcemente mʼabracciava</title>
                <respStmt>
                    <resp>Digital scholarly edition created within the </resp>
                    <orgName><ref target="https://www.europeanarsnova.eu/">European Ars Nova</ref> ERC project.</orgName>
                </respStmt>
                <respStmt>
                    <resp>Edited by</resp>
                    <name>Maria Sofia Lannutti</name>
                </respStmt>
                <respStmt>
                    <resp>Revised by</resp>
                    <name>Luca Gatti</name>
                </respStmt>
                <respStmt>
                    <resp>TEI-encoded by</resp>
                    <name>Carla Congiu</name>
                </respStmt>
            </titleStmt>
            <publicationStmt>
                <p></p>
                <!--publisher>Edizioni del Galluzzo</publisher>
            <pubPlace>Firenze, Italia</pubPlace>
            <date>2021</date>
            <availability>
               <p>L'edizione è disponibile su licenza.</p>
            </availability>            
            <idno type="ISBN">ISBN</idno>
            <idno type="DOI">DOI</idno>
            <idno type="URI">permalink della scheda ANT</idno-->
            </publicationStmt>
            <sourceDesc>
                <p></p>
            </sourceDesc>
        </fileDesc>
        <encodingDesc>
            <variantEncoding method="double-end-point" location="internal"/>
        </encodingDesc>
    </teiHeader>
    <text>
        <!--front>
         <div>
            <p>
           </p>
         </div>         
      </front-->
        <body>
            <lg>
                <l xml:id="l1">
                    Dè, come dolcemente mʼabracciava,
                </l>
                <l xml:id="l2">
                    stando nel letto, co·lla donna mia,
                </l>
                <l xml:id="l3">
                    quando la madre mi disse: «Vaʼ via!».
                </l>
                <l xml:id="l4">
                    Quando la figlia ʼntese tal novella,
                </l>
                <l xml:id="l5" n="5">
                    volsesi a·llei con gran malinconia,	
                </l>
                <l xml:id="l6">
                    disse: «Fuòrʼ, vecchia, di camera mia!».
                </l>
            </lg>
            <lg>  
                <l xml:id="l7">
                    «Or taci, figlia, non ci far più motto,
                </l>
                <l xml:id="l8">
                    chʼiʼ me ne vado et staròmi di sotto!». 
                </l>
            </lg>
        </body>
        <back>
            <listWit>
                <witness xml:id="Fp">
                    <ref type="siglum" target="#Fp">Fp</ref>
                    c. <locus>53r-v</locus>, <abbr xml:id="FpC">C</abbr> (vv. 1-3 e 7), <hi rend="italic">resid</hi>. (vv. 4-6 e 7-8): <hi rend="italic">m(agister) giovanni</hi>
                </witness>
            </listWit>
            <!--<listApp type="substantial">
            </listApp>-->
            <!--<listApp type="formal">
            </listApp>-->
            <div type="metricalScheme">
                <p>Madrigale 10ʼa 10ʼb 10ʼb, 10ʼc 10ʼb 10ʼb; 10ʼd 10ʼd.</p>
                <p><hi rend="italic">Capovilla</hi> <hi rend="small-caps">xl</hi>.</p>
                <p>Rima identica ai vv. 2 : 6.</p>
            </div>
            <listBibl type="editions">
                <bibl corresp="#LiGotti1948">
                    Li Gotti 1948, p. 50;
                </bibl>
                <bibl corresp="#Sapegno1952">
                    Sapegno 1952, p. 519;
                </bibl>
                <bibl corresp="#Corsi1969">
                    Corsi 1969, p. 1011;
                </bibl>
                <bibl corresp="#Corsi1970">
                    Corsi 1970, pp. 12-3;
                </bibl>
                <bibl corresp="#Zenari2004">
                    Zenari 2004, p. 135.
                </bibl>
            </listBibl>
            <div type="commentary">
                <note target="#l5">
                    <num>5.</num>
                    <hi rend="italic">malinconia</hi>: vale ʻiraʼ.
                </note>
                <note target="#l7">
                    <num>7.</num>
                    <hi rend="italic">ci</hi>: forse avv. locativo, pleonastico nel contesto.
                </note>
            </div>
            <listBibl type="editionsBibliography">
                <bibl xml:id="LiGotti1948">
                    E. Li Gotti, <hi rend="italic">Madrigali del Trecento</hi>, «Poesia», 9 (1948), pp. 40-59.
                </bibl>
                <bibl xml:id="Sapegno1952">
                    Natalino Sapegno, <hi rend="italic">Poeti minori del Trecento</hi>, Milano-Napoli, Ricciardi, 1952.
                </bibl>
                <bibl xml:id="Corsi1969">
                    G. Corsi, <hi rend="italic">Rimatori del Trecento</hi>, Torino, UTET, 1969.
                </bibl>
                <bibl xml:id="Corsi1970">
                    Giuseppe Corsi, <hi rend="italic">Poesie musicali del Trecento</hi>, Bologna, Commissione per i testi di lingua, 1970 (Collezione di opere inedite o rare, 131).
                </bibl>
                <bibl xml:id="Zenari2004">
                    Massimo Zenari, <hi rend="italic">Undici madrigali a testimone unico del Panciatichiano 26 (Firenze, Biblioteca Nazionale Centrale)</hi>, «Studi di filologia italiana», 57 (2004), pp. 131-60.
                </bibl>
            </listBibl>
        </back>
    </text>
</TEI>

