<?xml version="1.0" encoding="UTF-8"?>
<?xml-model href="http://www.tei-c.org/release/xml/tei/custom/schema/relaxng/tei_all.rng" type="application/xml" schematypens="http://relaxng.org/ns/structure/1.0"?>
<?xml-model href="http://www.tei-c.org/release/xml/tei/custom/schema/relaxng/tei_all.rng" type="application/xml"
	schematypens="http://purl.oclc.org/dsdl/schematron"?>
<TEI xmlns="http://www.tei-c.org/ns/1.0">
    <teiHeader>
        <fileDesc>
            <titleStmt>
                <title>Dè, pon quest’amor giù!</title>
                <author>Francesco Landini</author>
                <editor>Davide Checchi</editor>
                <respStmt>
                    <resp>Digital scholarly editon created within the </resp>
                    <orgName><ref target="https://www.europeanarsnova.eu/">European Ars Nova</ref> ERC project.</orgName>
                </respStmt>
                <respStmt>
                    <resp>Edited by</resp>
                    <name>Davide Checchi</name>
                </respStmt>
                <respStmt>
                    <resp>TEI-encoding by</resp>
                    <name>Alice Colantuoni</name>
                </respStmt>
            </titleStmt>
            <publicationStmt>
                <p></p>
                <!--publisher>Edizioni del Galluzzo</publisher>
            <pubPlace>Firenze, Italia</pubPlace>
            <date>2021</date>
            <availability>
               <p>L'edizione è disponibile su licenza.</p>
            </availability>            
            <idno type="ISBN">ISBN</idno>
            <idno type="DOI">DOI</idno>
            <idno type="URI">permalink della scheda ANT</idno-->
            </publicationStmt>
            <sourceDesc>
                <p></p>
            </sourceDesc>
        </fileDesc>
        <encodingDesc>
            <variantEncoding method="double-end-point" location="internal"/>
        </encodingDesc>
    </teiHeader>
    <text>
        <front>
            <div>
                <p>
                    La varia lectio ai vv. 9 e 10 permette di dichiare la dipendenza di Mg3 e C1 dallo stesso antigrafo che si oppone ai singoli Fp e Sq. Fp e Sq condividono una variante peggiorativa al v. 14, ma si tratta di un luogo facilmente emendabile per congettura.
                </p>
            </div>            
        </front>
        <body>
            <lg>                
                <l xml:id="l1">Dè, pon quest’amor giù!</l>
                <l xml:id="l2">«Dic’ a te, mente stolta,</l>
                <l xml:id="l3">dove ti se’ tu <anchor xml:id="l3a1"/>’nvolta?<anchor xml:id="l3a2"/></l>
                <l xml:id="l4">Troppo col tuo pensier raguardi <anchor xml:id="l4a1"/>’n<anchor xml:id="l4a2"/>su.»</l>
            </lg>
            <lg>
                <l xml:id="l5" n="5">«Come se’ tanto folle</l>
                <l xml:id="l6">mirar sì <anchor xml:id="l6a1"/>alta<anchor xml:id="l6a2"/> <anchor xml:id="l6a3"/>cosa<anchor xml:id="l6a4"/></l>
                <l xml:id="l7">e non misuri te?»</l>
                <l xml:id="l8">«<anchor xml:id="l8a1"/>Perché<anchor xml:id="l8a2"/> quest’ Amor volle,</l>
                <l xml:id="l9"><anchor xml:id="l9a1"/>quando sì gratïosa<anchor xml:id="l9a2"/></l>
                <l xml:id="l10" n="10"><anchor xml:id="l10a1"/>donna veder mi fe’.»<anchor xml:id="l10a2"/></l>
                <l xml:id="l11">«Di lei <anchor xml:id="l11a1"/>degno<anchor xml:id="l11a2"/> non se’,</l>
                <l xml:id="l12">né a·lle’ degno pare</l>
                <l xml:id="l13">che·ttu la deggi amare.</l>
                <l xml:id="l14">Leva dunque ’l <anchor xml:id="l14a1"/>disio<anchor xml:id="l14a2"/>; non <anchor xml:id="l14a3"/>l’<anchor xml:id="l14a4"/>amar più.»</l>
            </lg>
            <lg>
                <l xml:id="l15" n="15">«Levar <anchor xml:id="l15a1"/>non<anchor xml:id="l15a2"/> potrei mai</l>
                <l xml:id="l16"><anchor xml:id="l16a1"/>il mio amor da·llei,<anchor xml:id="l16a2"/></l>
                <l xml:id="l17">tanto legato m’à.»</l>
                <l xml:id="l18"><anchor xml:id="l18a1"/>«E tu sempre starai<anchor xml:id="l18a2"/></l>
                <l xml:id="l19"><anchor xml:id="l19a1"/>con pena<anchor xml:id="l19a2"/>, e <anchor xml:id="l19a3"/>degli<anchor xml:id="l19a4"/> <hi rend="italic">omei</hi></l>
                <l xml:id="l20" n="20"><anchor xml:id="l20a1"/>tuo non si<anchor xml:id="l20a2"/> curerà.»</l>
                <l xml:id="l21">«Certo nessum lo sa:</l>
                <l xml:id="l22">donna di gran valore</l>
                <l xml:id="l23"><anchor xml:id="l23a1"/>a<anchor xml:id="l23a2"/> picciol servidore</l>
                <l xml:id="l24">per sofferença già benigna fu.»</l>
            </lg>
            <lg>
                <l xml:id="l25" n="25">«A questa, cu’ non cale</l>
                <l xml:id="l26">di questa ballatetta,</l>
                <l xml:id="l27">con riverença di’</l>
                <l xml:id="l28">che sa ben che no ’l vale,</l>
                <l xml:id="l29">ma fuggir la saetta</l>
                <l xml:id="l30" n="30">non può, la qual sentì</l>
                <l xml:id="l31">e sì forte ’l ferì,</l>
                <l xml:id="l32">che cura poca pace,</l>
                <l xml:id="l33">se tal servo li spiace:</l>
                <l xml:id="l34">Amor lo scusa e·lla sua gran virtù.»</l>
            </lg>
        </body>
        <back>
            <listWit>
                <witness xml:id="Fp">
                    <ref target="http://www.mirabileweb.it/manuscript-rom/firenze-biblioteca-nazionale-centrale-pal-panciati-manoscript/ARSNOVA_185275">Fp</ref>  
                    c. <locus>2r</locus>, <abbr xml:id="FpC">C</abbr> (vv. 1-7), <abbr xml:id="FpT">T</abbr> (vv. 1-7), <hi rend="italic"> resid.</hi> (vv. 8-34): <hi rend="italic">m(agister) f(ranciscus)</hi>
                </witness>
                <witness xml:id="Sq">
                    <ref target="http://www.mirabileweb.it/manuscript-rom/firenze-biblioteca-medicea-laurenziana-med-pal-87--manoscript/ARSNOVA_224962">Sq</ref>
                    c. <locus>144r</locus>, <abbr xml:id="SqC">C</abbr> (vv. 1-10), <abbr xml:id="SqT">T</abbr> (vv. 1-7), <hi rend="italic"> resid.</hi> (vv. 11-14): <hi rend="italic">magister franciscus cecus horganista de florentia</hi>
                </witness>
                <witness xml:id="Mg3">
                    Mg3
                    c. <locus>51v</locus>, (vv. 1-24): <hi rend="italic">ballata di franc(esc)o degliorgani</hi>
                </witness>
                <witness xml:id="C1">
                    C1
                    c. <locus>387r</locus>: <hi rend="italic"> Ballata di franc(esc)o de gli organi</hi>
                </witness>
            </listWit>
            <listApp type="substantial">
                <listApp>
                    <head>3</head>
                    <app from="#l3a1" to="#l3a2">
                        <lem>’nvolta</lem>
                        <rdg>uol ta<wit><ref corresp="#FpC">Fp<hi rend="super">C</hi></ref></wit></rdg>
                    </app>
                </listApp>
                <listApp>
                    <head>4</head>
                    <app from="#l4a1" to="#l4a2">
                        <lem>’n</lem>
                        <rdg><hi rend="italic">om.</hi><wit><ref corresp="#FpT">Fp<hi rend="super">T</hi></ref></wit></rdg>
                    </app>
                </listApp>
                <listApp>
                    <head>6</head>
                    <app from="#l6a1" to="#l6a2">
                        <lem>alta</lem>
                        <rdg>alto<wit><ref corresp="#Mg3">Mg3</ref></wit></rdg>
                    </app>
                    <app from="#l6a3" to="#l6a4">
                        <lem>cosa</lem>
                        <rdg wit="#Mg3"/>
                        <rdg>dona<wit><ref corresp="#C1">C1</ref></wit></rdg>
                    </app>
                </listApp>
                <listApp>
                    <head>8</head>
                    <app from="#l8a1" to="#l8a2">
                        <lem>Perché</lem>
                        <rdg>per/che/<wit><ref corresp="#Fp">Fp</ref></wit></rdg>
                    </app>
                </listApp>
                <listApp>
                    <head>9</head>
                    <app from="#l9a1" to="#l9a2">
                        <lem>quando si gratiosa</lem>
                        <rdg>quando tal donna<wit><ref corresp="#Mg3">Mg3</ref></wit></rdg>
                        <rdg>che donna si gentil<wit><ref corresp="#C1">C1</ref></wit></rdg>
                    </app>
                </listApp>
                <listApp>
                    <head>10</head>
                    <app from="#l10a1" to="#l10a2">
                        <lem>donna veder mi fe’</lem>
                        <rdg>veder la /si/ mi fe<wit><ref corresp="#Mg3">Mg3</ref></wit></rdg>
                        <rdg>ueder mi fe<wit><ref corresp="#C1">C1</ref></wit></rdg>
                    </app>
                </listApp>
                <listApp>
                    <head>11</head>
                    <app from="#l11a1" to="#l11a2">
                        <lem>degno</lem>
                        <rdg>deg/no/<wit><ref corresp="#Fp">Fp</ref></wit></rdg>
                    </app>
                </listApp>
                <listApp>
                    <head>14</head>
                    <app from="#l14a1" to="#l14a2">
                        <lem>disio</lem>
                        <rdg>pensier<wit><ref corresp="#Sq">Sq</ref></wit></rdg>
                    </app>
                    <app from="#l14a3" to="#l14a4">
                        <lem>l’</lem>
                        <rdg wit="#Fp #Sq"/>
                    </app>
                </listApp>
                <listApp>
                    <head>15</head>
                    <app from="#l15a1" to="#l15a2">
                        <lem>non</lem>
                        <rdg><hi rend="bold">nol</hi><wit><ref corresp="#Mg3">Mg3</ref></wit><wit><ref corresp="#C1">C1</ref></wit></rdg>
                        <rdg>ueder mi fe<wit><ref corresp="#C1">C1</ref></wit></rdg>
                    </app>
                </listApp>
                <listApp>
                    <head>16</head>
                    <app from="#l16a1" to="#l16a2">
                        <lem>il mio amor da·llei</lem>
                        <rdg>lamor mio da costei<wit><ref corresp="#Mg3">Mg3</ref></wit><wit><ref corresp="#C1">C1</ref></wit></rdg>
                    </app>
                </listApp>
                <listApp>
                    <head>18</head>
                    <app from="#l18a1" to="#l18a2">
                        <lem>E tu sempre starai</lem>
                        <rdg wit="#Mg3"/>                    
                    </app>
                </listApp>
                <listApp>
                    <head>19</head>
                    <app from="#l19a1" to="#l19a2">
                        <lem>con pena</lem>
                        <rdg><hi rend="bold">in pene</hi><wit><ref corresp="#Mg3">Mg3</ref></wit><wit><ref corresp="#C1">C1</ref></wit></rdg>
                    </app>
                    <app from="#l19a3" to="#l19a4">
                        <lem>degli</lem>
                        <rdg>dolglie<wit><ref corresp="#Fp">Fp</ref></wit></rdg>
                    </app>
                </listApp>
                <listApp>
                    <head>20</head>
                    <app from="#l20a1" to="#l20a2">
                        <lem>tuo non si</lem>
                        <rdg>di te non<wit><ref corresp="#Mg3">Mg3</ref></wit></rdg>
                        <rdg>di te non si<wit><ref corresp="#C1">C1</ref></wit></rdg>
                    </app>
                </listApp>
                <listApp>
                    <head>23</head>
                    <app from="#l23a1" to="#l23a2">
                        <lem>a</lem>
                        <rdg>cha un<wit><ref corresp="#Mg3">Mg3</ref></wit><wit><ref corresp="#C1">C1</ref></wit></rdg>
                    </app>
                </listApp>
            </listApp>
            <!--listApp type="formal">
                <listApp>
                    <head></head>
                    <app from="" to="">
                        <lem></lem>
                        <rdg wit="# #"></rdg>
                        <rdg><wit><ref target="#"><hi rend="super"></hi></ref></wit></rdg>
                    </app>
                </listApp>
            </listApp-->
            <div type="metricalScheme">
                <p>
                    Ballata grande di tre strofe 6z 6’y 6’y 10z; 6’a 6’b 6c, 6’a 6’b 6c, 6c 6’d 6’d 10z. <hi rend="italic">Pagnotta</hi> 203 : 48. <hi rend="italic">Dialefi</hi>: vv. 12, 14.
                </p>
            </div>
            <listBibl type="editions">
                <bibl corresp="#Corsi1970">Corsi, Poesie pp. 152-154.</bibl>
            </listBibl>
            <!--listBibl type="bibliography">
                <bibl>
                    Per un riferimento bibliografico che può essere sciolto
                    <abbr><ref target=""> Aggiungi qui la sigla</ref></abbr> Aggiungi qui le pagine e altri dettagli
                </bibl>
            </listBibl-->
            <div type="commentary">
                <note target="#l6 #l7">
                    <num>6-7</num>
                    <hi rend="italic">mirar sì alta cosa / e non misuri te:</hi>
                    In Mg3 questi due versi sono fusi in un solo endecasillabo e così riscritti: «mirar sì alto et non misuri te».
                </note>
                <note target="#l9 #l10">
                    <num>9-10</num>
                    <hi rend="italic">quando sì gratïosa / donna veder mi fe’:</hi>
                    In Mg3 e C1 questi due versi sono fusi in un solo verso endecasillabo e così rispettivamente riscritti: «quando tal donna udir la si mi fe’» (con <hi rend="italic">si</hi> nell’interlinea) e «che donna sì gentil veder mi fe».
                </note>
                <note target="#l14">
                    <num>14</num>
                    <hi rend="italic">Leva dunque ’l disio; non l’amar più:</hi>
                    <hi rend="italic">disio</hi> la variante di Sq è <hi rend="italic">singularis</hi>
                    <hi rend="italic">l’amar</hi> la lezione di Mg3 e C1, a testo anche in Corsi, risulta maggiormente consona al contesto.
                </note>
                <note target="#l16">
                    <num>16</num>
                    <hi rend="italic">il mio amor da·llei:</hi>
                    La lezione di Mg3 e C1 risulta meno congrua al profilo ritmico dell’intonazione, dato che il punto più forte della griglia mensurale cadrebbe in corrispondenza della preposizione <hi rend="italic">da</hi> invece che sulla sillaba tonica di <hi rend="italic">amor</hi>.
                </note>
                <note target="#l23">
                    <num>23</num>
                    <hi rend="italic">a picciol servidore:</hi>
                    Erronea la lezione di Mg3 e C1, che implica l’interpretazione del verso 22 come un inciso vocativo: «Certo nessum lo sa,  / donna di gran valore, / ch’a un picciol ...».
                </note>
                <note target="#l32">
                    <num>32</num>
                    <hi rend="italic">che cura poca pace:</hi>
                    <hi rend="italic">che cura</hi> è dichiarativa retta da <hi rend="italic">di’</hi> del v. 26.
                </note>
            </div>
            <listBibl type="editionsBibliography">
                <biblStruct type="book" xml:id="Apel1970" corresp="http://zotero.org/users/local/daicmDgn/items/Y2L3KU4F">
                    <monogr>
                        <title level="m">French Secular Compositions of the Fourteenth Century I. Ascribed Compositions</title>
                        <title type="short">CMM 53/1</title>
                        <author><forename>Willi</forename><surname>Apel</surname></author>
                        <imprint><pubPlace>Rome</pubPlace><publisher>American Institute of Musicology</publisher><date>1970</date></imprint>
                    </monogr>
                    <series>
                        <title level="s">Corpus Mensurabilis Musicae, 53/1</title>
                    </series>
                </biblStruct>
                <biblStruct type="book" xml:id="Apel1971" corresp="http://zotero.org/users/local/daicmDgn/items/X6E9LXT4">
                    <monogr>
                        <title level="m">French Secular Compositions of the Fourteenth Century II. Anonymous Ballades</title>
                        <title type="short">CMM 53/2</title>
                        <author><forename>Willi</forename><surname>Apel</surname></author>
                        <imprint><pubPlace>Rome</pubPlace><publisher>American Institute of Musicology</publisher><date>1971</date></imprint>
                    </monogr>
                    <series>
                        <title level="s">Corpus Mensurabilis Musicae, 53/2</title>
                    </series>
                </biblStruct>
                <biblStruct type="book" xml:id="Apel1972" corresp="http://zotero.org/users/local/daicmDgn/items/CNNBVEQ5">
                    <monogr>
                        <title level="m">French Secular Compositions of the Fourteenth Century III. Anonymous Virelais, Rondeaux, Chansons, Canons</title>
                        <title type="short">CMM 53/3</title>
                        <author><forename>Willi</forename><surname>Apel</surname></author>
                        <imprint><pubPlace>Rome</pubPlace><publisher>American Institute of Musicology</publisher><date>1972</date></imprint>
                    </monogr>
                    <series>
                        <title level="s">Corpus Mensurabilis Musicae, 53/3</title>
                    </series>
                </biblStruct>
                <biblStruct type="book" xml:id="Bent1985" corresp="http://zotero.org/users/local/daicmDgn/items/QWY3ZQNJ">
                    <monogr>
                        <title level="m">The Works of Johannes Ciconia</title>
                        <title type="short">PMFC XXIV</title>
                        <author><forename>Margaret</forename><surname>Bent</surname></author><author><forename>Anne</forename><surname>Hallmark</surname></author><imprint><pubPlace>Monaco</pubPlace><publisher>Éditions de l’Oiseau-Lyre</publisher><date>1985</date></imprint></monogr><series><title level="s">Polyphonic Music of the Fourteenth Century, XXIV</title></series>
                </biblStruct>
                <biblStruct type="journalArticle" xml:id="Brambilla_Ageno1975" corresp="http://zotero.org/users/local/daicmDgn/items/494JQJ8H">
                    <analytic>
                        <title level="a">Giuseppe Corsi, «Poesie musicali del Trecento»</title>
                        <title type="short">G. Corsi, «Poesie musicali»</title>
                        <author><forename>Franca</forename><surname>Brambilla Ageno</surname></author>
                    </analytic>
                    <monogr>
                        <title level="j">Romance Philology</title>
                        <imprint><biblScope unit="volume">XXVIII</biblScope><biblScope unit="page">696-706</biblScope><date>1975</date></imprint>
                    </monogr>
                </biblStruct>
                <biblStruct type="book" xml:id="Calvia2017" corresp="http://zotero.org/users/local/daicmDgn/items/NU58NJAT">
                    <monogr>
                        <title level="m">Nicolò del Preposto. Opera completa. Edizione critica commentata dei testi intonati e delle musiche</title>
                        <title type="short">Nicolò del Preposto</title>
                        <author><forename>Antonio</forename><surname>Calvia</surname></author>
                        <imprint><pubPlace>Firenze</pubPlace><publisher>SISMEL Edizioni del Galluzzo</publisher><date>2017</date></imprint>
                    </monogr>
                    <series>
                        <title level="s">La tradizione musicale. Studi e testi, 18</title>
                    </series>
                </biblStruct>
                <biblStruct type="book" xml:id="Corsi1969" corresp="http://zotero.org/users/local/daicmDgn/items/DYEHFS79">
                    <monogr>
                        <title level="m">Rimatori del Trecento</title>
                        <title type="short">Rimatori</title>
                        <idno type="ISBN">88-02-01996-7 978-88-02-01996-3</idno>
                        <author><forename>Giuseppe</forename><surname>Corsi</surname></author>
                        <imprint><pubPlace>Torino</pubPlace><publisher>UTET</publisher><date>1969</date></imprint>
                    </monogr>
                </biblStruct>
                <biblStruct type="book" xml:id="Corsi1970" corresp="http://zotero.org/users/local/daicmDgn/items/XD38IT6R">
                    <monogr>
                        <title level="m">Poesie musicali del Trecento</title>
                        <title type="short">Poesie musicali</title>
                        <author><forename>Giuseppe</forename><surname>Corsi</surname></author>
                        <imprint><pubPlace>Bologna</pubPlace><publisher>Commissione per i testi di lingua</publisher><date>1970</date></imprint>
                    </monogr>
                    <series>
                        <title level="s">Collezione di opere inedite o rare, 131</title>
                    </series>
                </biblStruct>
                <biblStruct type="book" xml:id="Epifani2019" corresp="http://zotero.org/users/local/daicmDgn/items/B7WRD8TT">
                    <monogr>
                        <title level="m">La caccia nell’Ars Nova italiana. Edizione critica commentata dei testi e delle intonazioni</title>
                        <title type="short">La caccia nell'Ars Nova italiana</title>
                        <author><forename>Michele</forename><surname>Epifani</surname></author>
                        <imprint><pubPlace>Firenze</pubPlace><publisher>SISMEL Edizioni del Galluzzo</publisher><date>2019</date></imprint>
                    </monogr>
                    <series>
                        <title level="s">La tradizione musicale. Studi e testi, 20</title>
                    </series>
                </biblStruct>
                <biblStruct type="book" xml:id="Huck2007" corresp="http://zotero.org/users/local/daicmDgn/items/U6ENUGXG">
                    <monogr>
                        <title level="m">Die mehrfach überlieferten Kompositionen des frühen Trecento. Anonyme Madrigale und Cacce sowie Kompositionen von Piero, Giovanni da Firenze und Jacopo da Bologna</title>
                        <title type="short">Die mehrfach überlieferten Kompositionen</title>
                        <author><forename>Oliver</forename><surname>Huck</surname></author>
                        <author><forename>Sandra</forename><surname>Dieckmann</surname></author>
                        <imprint><pubPlace>Hildesheim-Zurich-New York</pubPlace><biblScope unit="volume">I &lt;i&gt;Übertragungen, Texte, Kommentare&lt;/i&gt;; II &lt;i&gt;Transkriptionen&lt;/i&gt;</biblScope><publisher>Georg Olms Verlag</publisher><date>2007</date></imprint>
                        <extent>2</extent>
                    </monogr>
                    <series>
                        <title level="s">Musica mensurabilis, 2</title>
                    </series>
                </biblStruct>
                <biblStruct type="journalArticle" xml:id="Pasquinucci2007" corresp="http://zotero.org/users/local/daicmDgn/items/U4RTPVTC">
                    <analytic>
                        <title level="a">La poesia musicale di Niccolò Soldanieri</title>
                        <title type="short">La poesia musicale</title>
                        <author><forename>Enrico</forename><surname>Pasquinucci</surname></author>
                    </analytic>
                    <monogr>
                        <title level="j">Studi di filologia italiana</title>
                        <idno type="ISSN">0392-5110</idno>
                        <imprint><biblScope unit="volume">LXV</biblScope><biblScope unit="page">65-193</biblScope><date>2007</date></imprint>
                    </monogr>
                </biblStruct>
                <biblStruct type="book" xml:id="Pirrotta1954" corresp="http://zotero.org/users/local/daicmDgn/items/FAZBS46W">
                    <monogr>
                        <title level="m">The Music of Fourteenth Century Italy I. Bartholus de Florentia; Johannes del Florentia; Gherardellus de Florentia</title>
                        <title type="short">CMM 8/1</title>
                        <author><forename>Nino</forename><surname>Pirrotta</surname></author>
                        <imprint><pubPlace>Amsterdam</pubPlace><publisher>American Institute of Musicology</publisher><date>1954</date></imprint>
                    </monogr>
                    <series>
                        <title level="s">Corpus Mensurabilis Musicae, 8/1</title>
                    </series>
                </biblStruct>
                <biblStruct type="book" xml:id="Pirrotta1960" corresp="http://zotero.org/users/local/daicmDgn/items/FW8PYNTI">
                    <monogr>
                        <title level="m">The Music of Fourteenth Century Italy II. Maestro Piero; Codex Vatican Rossi 215; Anonymous madrigals and cacce from other manuscripts</title>
                        <title type="short">CMM 8/2</title>
                        <author><forename>Nino</forename><surname>Pirrotta</surname></author>
                        <imprint><pubPlace>Amsterdam</pubPlace><publisher>American Institute of Musicology</publisher><date>1960</date></imprint>
                    </monogr>
                    <series>
                        <title level="s">Corpus Mensurabilis Musicae, 8/2</title>
                    </series>
                </biblStruct>
                <biblStruct type="book" xml:id="Pirrotta1962" corresp="http://zotero.org/users/local/daicmDgn/items/XFUL4B2F">
                    <monogr>
                        <title level="m">The Music of Fourteenth Century Italy III. Laurentius Masii de Florentia; Donatus de Florentia; Rosso da Collegrano, and Nine anonymous pieces</title>
                        <title type="short">CMM 8/3</title>
                        <author><forename>Nino</forename><surname>Pirrotta</surname></author>
                        <imprint><pubPlace>Amsterdam</pubPlace><publisher>American Institute of Musicology</publisher><date>1962</date></imprint>
                    </monogr>
                    <series>
                        <title level="s">Corpus Mensurabilis Musicae, 8/3</title>
                    </series>
                </biblStruct>
                <biblStruct type="book" xml:id="Pirrotta1963" corresp="http://zotero.org/users/local/daicmDgn/items/FT56HATK">
                    <monogr>
                        <title level="m">The Music of Fourteenth Century Italy IV. Jacobus de Bononia; Vincentius de Arimino</title>
                        <title type="short">CMM 8/4</title>
                        <author><forename>Nino</forename><surname>Pirrotta</surname></author>
                        <imprint><pubPlace>Amsterdam</pubPlace><publisher>American Institute of Musicology</publisher><date>1963</date></imprint>
                    </monogr>
                    <series>
                        <title level="s">Corpus Mensurabilis Musicae, 8/4</title>
                    </series>
                </biblStruct>
                <biblStruct type="book" xml:id="Pirrotta1964" corresp="http://zotero.org/users/local/daicmDgn/items/MFJN6PQL">
                    <monogr>
                        <title level="m">The Music of Fourteenth Century Italy V. Andreas de Florentia, Guilielmus de Francia, Bonaiutus Corsini, Andrea Stefani, Ser Feo, Jacopo Pianelaio, Gian Toscano and Anonymous</title>
                        <title type="short">CMM 8/5</title>
                        <author><forename>Nino</forename><surname>Pirrotta</surname></author>
                        <imprint><pubPlace>Amsterdam</pubPlace><publisher>American Institute of Musicology</publisher><date>1964</date></imprint>
                    </monogr>
                    <series>
                        <title level="s">Corpus Mensurabilis Musicae, 8/5</title>
                    </series>
                </biblStruct>
                <biblStruct type="journalArticle" xml:id="Sacchetti1990" corresp="http://zotero.org/users/local/daicmDgn/items/Z6CVLQV6">
                    <analytic>
                        <title level="a">Il libro delle rime</title>
                        <title type="short">Rime (Ageno)</title>
                        <author><forename>Franco</forename><surname>Sacchetti</surname></author>
                    </analytic>
                    <monogr>
                        <title></title>
                        <editor><forename>Franca</forename><surname>Brambilla Ageno</surname></editor>
                        <imprint><date>1990</date></imprint>
                    </monogr>
                </biblStruct>
                <biblStruct type="journalArticle" xml:id="Sacchetti2007" corresp="http://zotero.org/users/local/daicmDgn/items/PTLZSWDF">
                    <analytic>
                        <title level="a">Il libro delle rime con le lettere</title>
                        <title type="short">Rime (Puccini)</title>
                        <author><forename>Franco</forename><surname>Sacchetti</surname></author>
                    </analytic>
                    <monogr>
                        <title></title>
                        <editor><forename>Davide</forename><surname>Puccini</surname></editor>
                        <imprint><date>2007</date></imprint>
                    </monogr>
                </biblStruct>
                <biblStruct type="book" xml:id="Sapegno1952" corresp="http://zotero.org/users/local/daicmDgn/items/8C6U9NZE">
                    <monogr>
                        <title level="m">Poeti minori del Trecento</title>
                        <title type="short">Poeti minori</title>
                        <author><forename>Natalino</forename><surname>Sapegno</surname></author>
                        <imprint><pubPlace>Milano-Napoli</pubPlace><publisher>Ricciardi</publisher><date>1952</date></imprint>
                    </monogr>
                </biblStruct>
                <biblStruct type="book" xml:id="Sucato2003" corresp="http://zotero.org/users/local/daicmDgn/items/V4BN5V2I">
                    <monogr>
                        <title level="m">Il codice Rossiano 215. Madrigali, ballate, una caccia, un rotondello</title>
                        <title type="short">Il codice Rossiano</title>
                        <author><forename>Tiziana</forename><surname>Sucato</surname></author>
                        <imprint><pubPlace>Pisa</pubPlace><publisher>ETS</publisher><date>2003</date></imprint>
                    </monogr>
                    <series>
                        <title level="s">«Diverse voci...» 1</title>
                    </series>
                </biblStruct>
                <biblStruct type="journalArticle" xml:id="Zenari2004" corresp="http://zotero.org/users/local/daicmDgn/items/XE5ZV7IV">
                    <analytic>
                        <title level="a">Undici madrigali a testimone unico del Panciatichiano 26 (Firenze, Biblioteca Nazionale Centrale)</title>
                        <title type="short">Undici madrigali</title>
                        <author><forename>Massimo</forename><surname>Zenari</surname></author>
                    </analytic>
                    <monogr>
                        <title level="j">Studi di filologia italiana</title>
                        <imprint><biblScope unit="volume">LVII</biblScope><biblScope unit="page">131-60</biblScope><date>2004</date></imprint>
                    </monogr>
                </biblStruct>
            </listBibl>
        </back>
    </text>
</TEI>