<?xml version="1.0" encoding="UTF-8"?>
<?xml-model href="http://www.tei-c.org/release/xml/tei/custom/schema/relaxng/tei_all.rng" type="application/xml" schematypens="http://relaxng.org/ns/structure/1.0"?>
<?xml-model href="http://www.tei-c.org/release/xml/tei/custom/schema/relaxng/tei_all.rng" type="application/xml"
	schematypens="http://purl.oclc.org/dsdl/schematron"?>
<TEI xmlns="http://www.tei-c.org/ns/1.0">
    <teiHeader>
        <fileDesc>
            <titleStmt>
                <title>Dè, poni amor a·mme, madonna, in fe’</title>
                <respStmt>
                    <resp>Digital scholarly edition created within the </resp>
                    <orgName><ref target="https://www.europeanarsnova.eu/">European Ars Nova</ref> ERC project.</orgName>
                </respStmt>
                <respStmt>
                    <resp>Edited by</resp>
                    <name>Maria Sofia Lannutti</name>
                </respStmt>
                <respStmt>
                    <resp>Revised by</resp>
                    <name>Alice Colantuoni</name>
                </respStmt>
                <respStmt>
                    <resp>TEI-encoded by</resp>
                    <name>Carla Congiu</name>
                </respStmt>
            </titleStmt>
            <publicationStmt>
                <p></p>
                <!--publisher>Edizioni del Galluzzo</publisher>
            <pubPlace>Firenze, Italia</pubPlace>
            <date>2021</date>
            <availability>
               <p>L'edizione è disponibile su licenza.</p>
            </availability>            
            <idno type="ISBN">ISBN</idno>
            <idno type="DOI">DOI</idno>
            <idno type="URI">permalink della scheda ANT</idno-->
            </publicationStmt>
            <sourceDesc>
                <p></p>
            </sourceDesc>
        </fileDesc>
        <encodingDesc>
            <variantEncoding method="double-end-point" location="internal"/>
        </encodingDesc>
    </teiHeader>
    <text>
        <!--front>
            <div>
                <p>
                </p>
            </div>         
        </front-->
        <body>
            <lg>
                <l xml:id="l1">
                    «Dè, poni amor a·mme, madonna, in fe’».
                </l>
                <l xml:id="l2">
                    «Del certo, sì, ched io vo’ megli’ a te».
                </l>
            </lg>
            <lg>
                <l xml:id="l3">               
                    «Perché non ti dimostri ’l voler mio
                </l>    
                <l xml:id="l4">
                    o, non te ne <anchor xml:id="l4a1"/>turbar<anchor xml:id="l4a2"/>, ch’i’ ’l fo per te».
                </l>
                <l xml:id="l5" n="5">
                    <supplied>[...]</supplied>
                </l>
                <l xml:id="l6">
                    <supplied>[...]</supplied>
                </l>
                <l xml:id="l7">
                    <supplied>[...]</supplied>
                </l>
                <l xml:id="l8">
                    <supplied>[... -e]</supplied>
                </l>
            </lg>
        </body>
        <back>
            <listWit>
                <witness xml:id="Sq">
                    <ref type="siglum" target="#Sq">Sq</ref>
                    c. <locus>30v</locus>, <abbr xml:id="SqC">C</abbr> (vv. 1-4): <hi rend="italic">magister s(er) ghirardellus de florentia</hi>
                </witness>
            </listWit>
            <listApp type="substantial">
                <listApp>
                    <head>4</head>
                    <app from="#l4a1" to="#l4a2">
                        <lem>turbar</lem>
                        <rdg wit="#Sq">turbare</rdg>
                    </app>
                </listApp>
            </listApp>
            <!--listApp type="formal">
            </listApp-->
            <div type="metricalScheme">
                <p>Ballata minore 10z 10z; 10’a 10z, [10’? 10?; 10? 10z].</p>
                <p>Schedata <hi rend="italic">sine numero</hi> in <hi rend="italic">Pagnotta</hi>.</p>
                <p>Rima identica ai vv. 2 : 4.</p>
            </div>
            <listBibl type="editions">
                <bibl corresp="#Corsi1970">
                    Corsi 1970, pp. 69-70.
                </bibl>
            </listBibl>
            <!--div type="commentary">
            </div-->
            <listBibl type="editionsBibliography">
                <bibl xml:id="Corsi1970">
                    Giuseppe Corsi, <hi rend="italic">Poesie musicali del Trecento</hi>, Bologna, Commissione per i testi di lingua, 1970 (Collezione di opere inedite o rare, 131)
                </bibl>
            </listBibl>
        </back>
    </text>
</TEI>