<?xml version="1.0" encoding="UTF-8"?>
<?xml-model href="http://www.tei-c.org/release/xml/tei/custom/schema/relaxng/tei_all.rng" type="application/xml" schematypens="http://relaxng.org/ns/structure/1.0"?>
<?xml-model href="http://www.tei-c.org/release/xml/tei/custom/schema/relaxng/tei_all.rng" type="application/xml"
	schematypens="http://purl.oclc.org/dsdl/schematron"?>
<TEI xmlns="http://www.tei-c.org/ns/1.0">
    <teiHeader>
        <fileDesc>
            <titleStmt>
                <title>En esperant que de vous amés soye</title>
                <!--<author><ref target="X"></ref></author>-->
                <respStmt>
                    <resp>Digital scholarly edition created within the ERC</resp>
                    <orgName><ref target="https://www.europeanarsnova.eu/">European Ars Nova</ref>
                        project.</orgName>
                </respStmt>
                <respStmt>
                    <resp>Edited by</resp>
                    <name>Alice Colantuoni</name> 
                </respStmt>
                <respStmt>
                    <resp>Revised by</resp>
                    <name>Luca Gatti</name>
                </respStmt>
                <respStmt>
                    <resp>TEI-encoded by</resp>
                    <name>Elvira Mercatanti</name>
                </respStmt>
            </titleStmt>
            <publicationStmt>
                <p/>
                <!--publisher>Edizioni del Galluzzo</publisher>
            <pubPlace>Firenze, Italia</pubPlace>
            <date>2021</date>
            <availability>
               <p>L'edizione è disponibile su licenza.</p>
            </availability>            
            <idno type="ISBN">ISBN</idno>
            <idno type="DOI">DOI</idno>
            <idno type="URI">permalink della scheda ANT</idno-->
            </publicationStmt>
            <sourceDesc>
                <p/>
            </sourceDesc>
        </fileDesc>
        <encodingDesc>
            <variantEncoding method="double-end-point" location="internal"/>
        </encodingDesc>
    </teiHeader>
    <text>
        <!--<front> 
         <div> 
            <p>
               Aggiungi qui l'INTRODUZIONE (se presente). Suddividila in paragrafi (<p>)
               e marca i corsivi (<hi rend="italic"> </hi> )
            </p> 
         </div>         
      </front> -->
        <body>
            <lg>
                <l xml:id="l1">En esperant que de vous amés soye,</l>
                <l xml:id="l2">dame que aim plus qu’altre qui soit nee,</l>
                <l xml:id="l3">vous ai m’amor entirement donee,</l>
                <l xml:id="l4">car de vous vient ma souveraine joye.</l>
                <l xml:id="l5" n="5">Mieux assenés estre je ne porroie,</l>
                <l xml:id="l6">por ce vous <anchor xml:id="l6a1"/>est<supplied reason="illegible">[es]</supplied><anchor xml:id="l6a2"/>, ce dis, ma pensee, </l>
                <l xml:id="l7"><hi rend="italic">en esperant <supplied xml:id="suppl1" reason="illegible">[que de vous amés soye,</supplied></hi></l>
                <l xml:id="l8"><hi rend="italic"> <supplied xml:id="suppl2" corresp="#suppl1" reason="illegible">dame que aim plus qu’altre qui soit nee].</supplied></hi></l>
                <l xml:id="l9">Le douz regart si m’a mis en la voie</l>
                <l xml:id="l10" n="10">d’estre amoureus, si que sans desevree</l>
                <l xml:id="l11">de moy serés servie, honoree,</l>
                <l xml:id="l12">tot mon vivant, quoy <anchor xml:id="l12a1"/>qu’av<supplied reason="illegible">[enir en]</supplied> doie<anchor xml:id="l12a2"/>,</l>
                <l xml:id="l13"><hi rend="italic">en esperant <supplied xml:id="suppl3" reason="illegible"> [que de vous amés soye,</supplied></hi></l>
                <l xml:id="l14"><hi rend="italic"><supplied xml:id="suppl4" corresp="#suppl3" reason="illegible">dame que aim plus qu’altre qui soit nee,</supplied></hi></l>
                <l xml:id="l15" n="5"><hi rend="italic"><supplied xml:id="suppl5" corresp="#suppl3" reason="illegible">vous ai m’amor entirement donee</supplied></hi></l>
                <l xml:id="l16"><hi rend="italic"><supplied xml:id="suppl6" corresp="#suppl3" reason="illegible">car de vous vient ma souveraine joye].</supplied></hi></l>
            </lg>
        </body>



        <back>
            <listWit>
                <witness xml:id="Bob">
                    <ref type="siglum" target="#Bob">Bob</ref> c. 73r, <abbr xml:id="BobC">C</abbr> (vv. 1-4), <hi rend="italic">resid.</hi> (vv. 5-16)
                </witness>
            </listWit>


            <listApp type="substantial">               
                             
                <listApp>
                    <head>6</head>
                    <app from="#l6a1" to="#l6a2">
                        <lem>estes</lem>
                        <rdg wit="#Bob"> est</rdg>
                    </app>
                </listApp>
                
                <listApp>
                    <head>12</head>
                    <app from="#l12a1" to="#l12a2">
                        <lem>qu’avenir en doie</lem>
                        <rdg wit="#Bob"> quaur est doie</rdg>
                    </app>
                </listApp>
                
               
            </listApp>



            <!--<listApp type="formal">
               
            </listApp>-->
            


            <div type="metricalScheme">
                <p><hi rend="italic">Rondeau</hi> 10’A 10’B 10’B 10’A; 10’a 10’b, 10’A 10’B; 10’a 10’b 10’b 10’a; 10’A 10’B 10’B 10’A.</p>
                <p>Rima ricca ai vv. 2 : 3, 10 : 11.</p>
            </div>


            <listBibl type="editions">
                <bibl corresp="#Apel-Rosenberg1972">Apel-Rosenberg 1972, p. <hi rend="small-caps">xlvi</hi>;</bibl>
                <bibl corresp="#Greene1989">Greene 1989, p. 54.</bibl>
            </listBibl>


            <!--<listBibl type="bibliography">
            <bibl corresp="#">
            </bibl>
            </listBibl>-->


            <!--<div type="commentary">
               
            </div>-->


            <listBibl type="editionsBibliography">
                <bibl xml:id="Apel-Rosenberg1972"><hi rend="italic">French Secular Compositions of the Fourteenth Century: Vol. III, Anonymous Virelais, Rondeaux, Chansons, Canons</hi>, ed. by W. Apel, edition of the Literary Texts by Samuel Rosenberg, Rome, American Institute of Musicology, 1972 (CMM, 53/3).</bibl>
                <bibl xml:id="Greene1989">Gordon Greene, <hi rend="italic">French Secular Music. Rondeaux and Miscellaneous Pieces</hi>, Monaco, Éditions de l’Oiseau-Lyre, 1989 (Polyphonic Music of the Fourteenth Century, XXII).</bibl>
            </listBibl>
        </back>
    </text>
</TEI>
