<?xml version="1.0" encoding="UTF-8"?>
<?xml-model href="http://www.tei-c.org/release/xml/tei/custom/schema/relaxng/tei_all.rng" type="application/xml" schematypens="http://relaxng.org/ns/structure/1.0"?>
<?xml-model href="http://www.tei-c.org/release/xml/tei/custom/schema/relaxng/tei_all.rng" type="application/xml"
	schematypens="http://purl.oclc.org/dsdl/schematron"?>
<TEI xmlns="http://www.tei-c.org/ns/1.0">
   <teiHeader>
      <fileDesc>
         <titleStmt>
            <title>Era Venus al termin del suo giorno</title>
            <respStmt>
               <resp>Digital scholarly edition created within the ERC</resp>
               <orgName><ref target="https://www.europeanarsnova.eu/">European Ars Nova</ref> project.</orgName>
            </respStmt>
            <respStmt>
                <resp>Edited by</resp>
                <name>Maria Sofia Lannutti</name> 
            </respStmt>
            <respStmt>
                <resp>Revised by</resp>
                <name>Luca Gatti</name>
            </respStmt>
             <respStmt>
                <resp>TEI-encoded by</resp>
                <name>Letizia Ricci</name>
            </respStmt>
         </titleStmt>
         <publicationStmt>
            <p></p>
            <!--publisher>Edizioni del Galluzzo</publisher>
            <pubPlace>Firenze, Italia</pubPlace>
            <date>2021</date>
            <availability>
               <p>L'edizione è disponibile su licenza.</p>
            </availability>            
            <idno type="ISBN">ISBN</idno>
            <idno type="DOI">DOI</idno>
            <idno type="URI">permalink della scheda ANT</idno-->
         </publicationStmt>
         <sourceDesc>
            <p></p>
         </sourceDesc>
      </fileDesc>
      <encodingDesc>
         <variantEncoding method="double-end-point" location="internal"/>
      </encodingDesc>
   </teiHeader>
    <text>
      <!-- <front>
         <div>
            <p>
            </p>
         </div>
      </front> -->
      <body>
         <lg>
            <l xml:id="l1">
                <anchor xml:id="l1a1"/><anchor xml:id="l1a3"/>Era<anchor xml:id="l1a4"/> Venus al termin del suo giorno,<anchor xml:id="l1a2"/>
            </l>
            <l xml:id="l2">
                quando m’<anchor xml:id="l2a1"/>innamora’<anchor xml:id="l2a2"/> pel dolçe canto,
            </l>
            <l xml:id="l3">
                <anchor xml:id="l3a1"/>di<anchor xml:id="l3a2"/> cui, con ch’i’ cantai sotto <anchor xml:id="l3a3"/>su’ ammanto<anchor xml:id="l3a4"/>,
            </l>
            <l xml:id="l4">
                tal <anchor xml:id="l4a1"/>Amor<anchor xml:id="l4a2"/> isperanç’ al cor mi mise:
            </l>
            <l xml:id="l5" n="5">
                «Con te s’innamorrà quest’ alta dea»,
            </l>
            <l xml:id="l6">
                tanta biltà in sé aver parea.
            </l>
            <l xml:id="l7">
                Poi giunse al cor pensier che sì dicea:
            </l>
            <l xml:id="l8">
                «Guarda che pensi o ciò che tu disiri,
            </l>
            <l xml:id="l9">
                ch’altro Amor le daria <anchor xml:id="l9a1"/>che i<anchor xml:id="l9a2"/> tuo sospiri».
            </l>
        </lg>
        <lg>
            <l xml:id="l10" n="10">
                Però ’l <anchor xml:id="l10a1"/>primo<anchor xml:id="l10a2"/> sperar non <anchor xml:id="l10a5"/>misi <anchor xml:id="l10a3"/>innanti<anchor xml:id="l10a4"/><anchor xml:id="l10a6"/>,
            </l>
            <l xml:id="l11">
                <anchor xml:id="l11a1"/>ma dissi in<anchor xml:id="l11a2"/> me: «Basta che per lei <anchor xml:id="l11a3"/>canti<anchor xml:id="l11a4"/>».
            </l>
         </lg>
      </body>
      <back>
         <listWit>
            <witness xml:id="Pit">
               <ref type="siglum" target="#Pit">Pit</ref>
               cc. <locus>54v-55r</locus>, <abbr xml:id="PitC">C</abbr> (vv. 1-3 e 10-11), <hi rend="italic">resid.</hi> (vv. 4-9): <hi rend="italic">p(aulus) a(bbas)</hi>
            </witness>
            <witness xml:id="SL">
                <ref type="siglum" target="#SL">SL</ref>
                c. <locus>50v</locus>, <abbr xml:id="SLC">C</abbr> (vv. 1-3 e 10-11): <hi rend="italic">p(aulus) abbas</hi>
            </witness>
         </listWit>
         <listApp type="substantial">
            <listApp>
               <head>1</head>
               <app from="#l1a1" to="#l1a2">
                  <rdg wit="SL"><gap reason="illegible" rend="ill."/></rdg> 
               </app>
            </listApp>
            <listApp>
                <head>3</head>
                <app from="#l3a3" to="#l3a4">
                    <lem>su’ ammanto</lem>
                    <rdg wit="SL"><unclear reason="illegible" rend="(?)">suo manto </unclear></rdg>
                </app>
            </listApp>
            <listApp>
                <head>4</head>
               <app from="#l4a1" to="#l4a2">
                    <lem>Amor</lem>
                    <rdg wit="Pit">camor</rdg>
                </app>
             </listApp>
             <listApp>
                <head>9</head>
                <app from="#l9a1" to="#l9a2">
                   <lem>che i</lem>
                   <rdg wit="Pit">chel</rdg>
                 </app>
             </listApp>
             <listApp>
                <head>10</head>
                <app from="#l10a1" to="#l10a2">
                   <lem>primo</lem>
                   <rdg wit="SL"><gap reason="illegible" rend="ill."/></rdg>
                </app>
                <app from="#l10a3" to="#l10a4">
                    <lem>innanti</lem>
                    <rdg wit="SL">ina<gap reason="illegible" unit="chars" quantity="3" rend="***"/></rdg>
                </app>
             </listApp>
             <listApp>
                <head>11</head>
                    <app from="#l11a1" to="#l11a2">
                    <lem>ma dissi in</lem>
                    <rdg wit="SL"><gap reason="illegible" rend="ill."/></rdg>
                </app>
                <app from="#l11a3" to="#l11a4">
                    <lem>canti</lem>
                    <rdg wit="SL">can<gap reason="illegible" unit="chars" quantity="2" rend="**"/></rdg>
                </app>
             </listApp>
         </listApp>
         <listApp type="formal">
            <listApp>
                <head>1</head>
                <app from="#l1a3" to="#l1a4">
                  <lem>Era</lem>
                  <rdg wit="Pit">e era</rdg>
                </app>
            </listApp>
            <listApp>
                <head>2</head>
                <app from="#l2a1" to="#l2a2">
                  <lem>innamora’</lem>
                  <rdg>inamora <wit><ref corresp="#PitT">Pit<hi rend="super">T</hi></ref></wit></rdg>
                </app>
            </listApp>
            <listApp>
                <head>3</head>
                <app from="#l3a1" to="#l3a2">
                    <lem>di</lem>
                    <rdg>di di <wit><ref corresp="#PitC">Pit<hi rend="super">C</hi></ref></wit></rdg>
                </app>
            </listApp>
            <listApp>
                <head>10</head>
                <app from="#l10a5" to="#l10a6">
                    <lem>misi innanti</lem>
                    <rdg>misinnan ti <wit><ref corresp="#PitT">Pit<hi rend="super">T</hi></ref></wit></rdg>
                </app>
            </listApp>
         </listApp>
         <div type="metricalScheme">
            <p>
                Madrigale 10’a 10’b 10’b, 10’c 10’d 10’d, 10’d 10’e 10’e; 10’f 10’f. 
            </p>
            <p>
                <hi rend="italic">Capovilla</hi> <hi rend="small-caps">xlvi</hi>.
            </p>
            <p>
                Punti sottoscritti: vv. 3 (<hi rend="italic">cantai</hi>) Pit<hi rend="super">T</hi>; v. 11 (<hi rend="italic">lei</hi>) Pit<hi rend="super">C</hi>
            </p>
         </div>
         <listBibl type="editions">
            <bibl corresp="#LiGotti1952">
                Li Gotti 1952, p. 596;
            </bibl>
            <bibl corresp="#Corsi1970">
                Corsi 1970, pp. 267-8.
            </bibl>
         </listBibl>
         <!--listBibl type="bibliography">
            <bibl>
               <relatedItem>
                  <bibl>Riferimento bibliografico completo</bibl>
               </relatedItem>
            </bibl>
         </listBibl-->
         <div type="commentary">
            <note target="#1">
               <num>1.</num>
               <p>La perifrasi indica il momento in cui avviene l’innamoramento, di cui al v. 2. Si fa riferimento al moto del pianeta Venere, che secondo l’astronomia medievale si svolge intorno e accanto al moto del Sole, con cui è solidale. Qui si dovrà quindi probabilmente intendere che l’innamoramento sia avvenuto al tramonto</p>
            </note>
            <note target="#4">
                <num>4.</num>
                <p><hi rend="italic">Amor</hi>: soggetto, come al v. 9.</p>
            </note>
         </div>
         <listBibl type="editionsBibliography">
            <bibl xml:id="LiGotti1952">
                E. Li Gotti, <hi rend="italic">Paolo tenorista, fiorentino "extra moenia"</hi>, in <hi rend="italic">Estudios dedicados a Menéndez Pidal</hi>, tomo III, Madrid, C.S.I.C., 1952, pp. 577-606.
            </bibl>
            <bibl xml:id="Corsi1970">
                Giuseppe Corsi, <hi rend="italic">Poesie musicali del Trecento</hi>, Bologna, Commissione per i testi di lingua, 1970 (Collezione di opere inedite o rare, 131).
            </bibl>
         </listBibl>
      </back>
   </text>
</TEI>
