<?xml version="1.0" encoding="UTF-8"?>
<?xml-model href="http://www.tei-c.org/release/xml/tei/custom/schema/relaxng/tei_all.rng" type="application/xml" schematypens="http://relaxng.org/ns/structure/1.0"?>
<?xml-model href="http://www.tei-c.org/release/xml/tei/custom/schema/relaxng/tei_all.rng" type="application/xml"
	schematypens="http://purl.oclc.org/dsdl/schematron"?>
<TEI xmlns="http://www.tei-c.org/ns/1.0">
    <teiHeader>
        <fileDesc>
            <titleStmt>
                <title>Espoir me faut a mon plus grant besoin / Revien, Espoir, confort aïe party</title>
                <!--<author><ref target="X"></ref></author>-->
                <respStmt>
                    <resp>Digital scholarly edition created within the ERC</resp>
                    <orgName><ref target="https://www.europeanarsnova.eu/">European Ars Nova</ref>
                        project.</orgName>
                </respStmt>
                <respStmt>
                    <resp>Edited by</resp>
                    <name>Alice Colantuoni</name> 
                </respStmt>
                <respStmt>
                    <resp>Revised by</resp>
                    <name>Luca Gatti</name>
                </respStmt>
                <respStmt>
                    <resp>TEI-encoded by</resp>
                    <name>Elvira Mercatanti</name>
                </respStmt>
            </titleStmt>
            <publicationStmt>
                <p/>
                <!--publisher>Edizioni del Galluzzo</publisher>
            <pubPlace>Firenze, Italia</pubPlace>
            <date>2021</date>
            <availability>
               <p>L'edizione è disponibile su licenza.</p>
            </availability>            
            <idno type="ISBN">ISBN</idno>
            <idno type="DOI">DOI</idno>
            <idno type="URI">permalink della scheda ANT</idno-->
            </publicationStmt>
            <sourceDesc>
                <p></p>
            </sourceDesc>
        </fileDesc>
        <encodingDesc>
            <variantEncoding method="double-end-point" location="internal"/>
        </encodingDesc>
    </teiHeader>
    <text>
        <group>
            
            <text>
                <body>
                    <head>Espoir me f[ui]t a mon plus grant besoin</head>
                    <lg>
                        <l xml:id="l1"><anchor xml:id="l1a7"/><anchor xml:id="l1a1"/>Espoir<anchor xml:id="l1a2"/><anchor xml:id="l1a8"/> me <anchor xml:id="l1a3"/>faut <anchor xml:id="l1a4"/> a <anchor xml:id="l1a5"/>mon plus grant <anchor xml:id="l1a9"/>besoin<anchor xml:id="l1a6"/><anchor xml:id="l1a10"/>:</l>
                        <l xml:id="l2"><anchor xml:id="l2a1"/>com<anchor xml:id="l2a2"/> plus <anchor xml:id="l2a3"/>me <anchor xml:id="l2a5"/>voit en<anchor xml:id="l2a6"/> peril<anchor xml:id="l2a4"/>, plus <anchor xml:id="l2a9"/>s’<anchor xml:id="l2a7"/>eslogne<anchor xml:id="l2a8"/><anchor xml:id="l2a10"/>.</l>
                        <l xml:id="l3">Quant <anchor xml:id="l3a1"/>de <anchor xml:id="l3a4"/>mercy<anchor xml:id="l3a2"/><anchor xml:id="l3a5"/> de dame me sens <anchor xml:id="l3a3"/>loin,</l>
                        <l xml:id="l4"><hi rend="italic">Espoir<anchor xml:id="l4a1"/> me faut a mon plus grant besoin.</hi></l>
                        <l xml:id="l5" n="5">Du retourner envers <anchor xml:id="l5a1"/>moy n’a nul<anchor xml:id="l5a2"/> <anchor xml:id="l5a3"/>soin<anchor xml:id="l5a4"/>,</l>
                        <l xml:id="l6">dont je<anchor xml:id="l6a3"/> morray<anchor xml:id="l6a4"/> se <anchor xml:id="l6a1"/>Grace n’i <anchor xml:id="l6a5"/>besogne<anchor xml:id="l6a2"/><anchor xml:id="l6a6"/>;</l>
                        <l xml:id="l7"><hi rend="italic"> Espoir me faut a mon plus grant besoin</hi></l>
                        <l xml:id="l8"><hi rend="italic"> com plus me voit en peril, plus s’eslogne.</hi></l>
                    </lg>
                </body>        
        
                <back>      
        
                    <listApp type="substantial">               
                        <listApp>
                            <head>1</head>
                            <app from="#l1a1" to="#l1a2">
                                <lem>Espoir</lem>
                                <rdg wit="#Ut"><gap reason="illegible" rend="l.m."/></rdg>
                            </app>
                            
                            <app from="#l1a3" to="#l1a4">
                                <lem>faut</lem>
                                <rdg type="indifferentVariant" wit="#Ut #Ca5"><hi rend="bold">fuit</hi></rdg>
                            </app>
                            
                            <app from="#l1a5" to="#l1a6">
                                <lem>mon plus grant besoin</lem>
                                <rdg wit="#Ca5"><gap reason="illegible" rend="ill."/></rdg>
                            </app>
                        </listApp>
                        
                        <listApp>
                            <head>2</head>
                            <app from="#l2a1" to="#l2a2">
                                <lem>com</lem>
                                <rdg wit="#Ca5"><gap reason="illegible" rend="ill."/></rdg>
                            </app>
                            
                            <app from="#l2a3" to="#l2a4">
                                <lem><hi rend="italic">me voit en per</hi>il</lem>
                                <rdg wit="#Ut"><gap reason="illegible" rend="l.m."/> </rdg>
                            </app>
                            
                            <app from="#l2a5" to="#l2a6">
                                <lem>voit en</lem>
                                <rdg wit="#Ca5"> <gap reason="illegible" rend="ill."/></rdg>
                            </app>
                            
                            <app from="#l2a7" to="#l2a8">
                                <lem>eslogne</lem>
                                <rdg type="indifferentVariant" wit="#Ut"><hi rend="bold">enlonge</hi></rdg>
                            </app>
                        </listApp>
                        
                        <listApp>
                            <head>3</head>
                            <app from="#l3a1" to="#l3a2">
                                <lem><hi rend="italic">de</hi> mercy</lem>
                                <rdg wit="#Ca5"/> 
                            </app>
                        </listApp>
                        
                        <listApp>
                            <head>3-4</head>
                            <app from="#l3a3" to="#l4a1">
                                <lem>loin, Espoir </lem>
                                <rdg wit="#Ca5"><gap reason="illegible" rend="l.m."/></rdg>
                            </app>
                        </listApp>
                        
                        <listApp>
                            <head>5</head>
                            <app from="#l5a1" to="#l5a2">
                                <lem>moy n’a nul</lem>
                                <rdg wit="#Ca5"><gap reason="illegible" rend="l.m."/></rdg>
                            </app>
                        </listApp>
                        
                        <listApp>
                            <head>6</head>
                            <app from="#l6a1" to="#l6a2">
                                <lem><hi rend="italic">Grace n’i b</hi>esogne</lem>
                                <rdg wit="#Ca5"><gap reason="illegible" rend="l.m."/></rdg>
                            </app>
                        </listApp>
                    </listApp>
        
        
        
                    <listApp type="formal">
                        <listApp>
                            <head>1</head>
                            <app from="#l1a7" to="#l1a8">
                                <lem>Espoir</lem>
                                <rdg wit="#Ca5">espoirs</rdg>
                            </app>
                            
                            <app from="#l1a9" to="#l1a10">
                                <lem>besoin</lem>
                                <rdg wit="#Ut">besoing</rdg>
                            </app>
                        </listApp>
                        
                        <listApp>
                            <head>2</head>
                            <app from="#l2a9" to="#l2a10">
                                <lem>s’eslogne</lem>
                                <rdg wit="#Ca5">ses loinge</rdg>
                            </app>
                        </listApp>
                        
                        <listApp>
                            <head>3</head>
                            <app from="#l3a4" to="#l3a5">
                                <lem>mercy</lem>
                                <rdg wit="#Ca5">merchi</rdg>
                            </app>
                        </listApp>
                        
                        <listApp>
                            <head>5</head>
                            <app from="#l5a3" to="#l5a4">
                                <lem>soin</lem>
                                <rdg wit="#Ca5">soing</rdg>
                            </app>
                        </listApp>
                        
                        <listApp>
                            <head>6</head>
                            <app from="#l6a3" to="#l6a4">
                                <lem>morray</lem>
                                <rdg wit="#Ca5">mourray</rdg>
                            </app>
                            
                            <app from="#l6a5" to="#l6a6">
                                <lem>besogne</lem>
                                <rdg wit="#Ca5">soinge <witDetail wit="#Ca5">preceduto da rifilatura </witDetail></rdg>
                            </app>
                        </listApp>                     
                    </listApp>
                    
                    <div type="metricalScheme">
                        <p><hi rend="italic">Rondeau</hi> 10A 10’B; 10a, 10A; 10a 10’b; 10A 10’B. </p>
                        <p>Rima inclusiva ai vv. 1 : 5.</p>
                    </div>
               
                </back>
                
           </text>
            
            
           <text> 
                <!--<front></front>-->
                <body>
                    <head>Revien, Espoir, confort aïe party</head> 
                    <lg>
                        <l xml:id="l1.2"><anchor xml:id="l1a1-2"/>Revien<anchor xml:id="l1a2-2"/>, Espoir, confort aïe <anchor xml:id="l1a3-2"/>party<anchor xml:id="l1a4-2"/>,</l>
                        <l xml:id="l2.2">car <anchor xml:id="l2a1-2"/>Pitez s’est<anchor xml:id="l2a2-2"/> en ma dame <anchor xml:id="l2a3-2"/>endormy<supplied reason="illegible">[e]</supplied><anchor xml:id="l2a4-2"/>:</l>
                        <l xml:id="l3.2">las, pourquoy t’es ainsi de moy party?</l>
                        <l xml:id="l4.2"><hi rend="italic">Revien, Espoir, confort, aïe parti:</hi></l>
                        <l xml:id="l5.2" n="5">des biens d’amors sui povrement parti</l>
                        <l xml:id="l6.2">s’ay contre moy Dangier qui ne dort mie.</l>
                        <l xml:id="l7.2"><hi rend="italic"> Revien, Espoir, confort aïe party,</hi></l>
                        <l xml:id="l8.2"><hi rend="italic"> car Pitiez s’est en ma dame endormie.</hi></l>
                    </lg>
                </body>
                
                
                <back>
                    
                    <listApp type="substantial">               
                        <listApp>
                            <head>1</head>
                            <app from="#l1a1-2" to="#l1a2-2">
                                <lem>Revien</lem>
                                <rdg wit="#Ut">g <witDetail wit="#Ut"><hi rend="italic">preceduto da l.m.</hi> </witDetail></rdg>
                            </app>
                            
                            <app from="#l1a3-2" to="#l1a4-2">
                                <lem>party</lem>
                                <rdg wit="#Ut">partie</rdg>
                            </app>
                        </listApp>
                        
                        <listApp>
                            <head>2</head>
                            <app from="#l2a1-2" to="#l2a2-2">
                                <lem>Pitez s’est</lem>
                                <rdg wit="#Ut"><gap reason="illegible" rend="l.m."/></rdg>
                            </app>
                            
                            <app from="#l2a3-2" to="#l2a4-2">
                                <lem>endormye</lem>
                                <rdg wit="#Pen">endormy </rdg>
                                <rdg wit="#Ut">endormi dormie</rdg>
                            </app>
                        </listApp>
                    </listApp>
                    
                    
                    
                    <div type="metricalScheme">
                        <p><hi rend="italic">Rondeau</hi> 10A 10’B; 10a 10A; 10a 10’b; 10A 10’B. </p>
                        <p>Rima equivoca ai vv. 1 : 3 : 5; rima inclusiva ai vv. 2 : 6.</p>
                    </div>
                    
                </back>
           </text>
            
           
        </group>
        
        <back>
            <listWit>
                
                
                
                <witness xml:id="Pen">
                    <desc>Pen conserva il testo completo e integro ma privo di intonazione; 
                        nel manoscritto, il testo di <hi rend="italic">Revien, Espoir, confort aïe party</hi> (C2 nei testimoni musicali)
                        precede quello di <hi rend="italic">Espoir me f[ui]t a mon plus grant besoin </hi>(C1).
                        Dei testimoni musicali, Ut è lacunoso in quanto tagliato sul margine sinistro,
                        mentre lo stato di conservazione di Ca5 rende il testo del Cantus largamente illeggibile
                        e il <hi rend="italic">residuum</hi> lacunoso per la rifilatura del margine destro.</desc>
                    <ref type="siglum" target="#Pen">Pen</ref> c. 41v,<hi rend="italic">Revien, Espoir, confort aïe party </hi> vv. 1-8, <hi rend="italic">Espoir me f[ui]t a mon plus grant besoin </hi> vv. 1-8
                </witness>
                
                <witness xml:id="Ut">
                    <ref type="siglum" target="#Ut">Ut</ref> c. 40v, <abbr xml:id="UtC1">C1</abbr> (<hi rend="italic">Espoir me f[ui]t a mon plus grant besoin </hi> vv. 1-2), <abbr xml:id="UtC2">C2</abbr> (<hi rend="italic">Revien, Espoir, confort aïe party </hi> vv. 1-2)
                </witness>
                
                <witness xml:id="Ca5">
                    <ref type="siglum" target="#Ca5">Ca5</ref> c. 9r, <abbr xml:id="Ca5C">C</abbr> (<hi rend="italic">Espoir me f[ui]t a mon plus grant besoin </hi> vv. 1-2), <hi rend="italic">resid.</hi> (<hi rend="italic">Espoir me f[ui]t a mon plus grant besoin </hi> vv. 3-8)
                </witness>
                
                <witness xml:id="Trém">
                    <ref type="siglum" target="#Trém">Trém</ref> c. 26v-27r (perduto)
                </witness>
                
                <witness xml:id="Str">
                    <ref type="siglum" target="#Str">Str</ref> c. 72r (perduto)
                </witness>              
                
                
            </listWit>
            
            <listBibl type="editions">
                <bibl corresp="#Apel-Rosenberg1972">Apel-Rosenberg 1972, p. <hi rend="small-caps">xlvi</hi>;</bibl>
                <bibl corresp="#Greene1989">Greene 1989, pp. 61-63.</bibl>
            </listBibl>
            
            <listBibl type="editionsBibliography">
                <bibl xml:id="Apel-Rosenberg1972"><hi rend="italic">French Secular Compositions of the Fourteenth Century: Vol. III, Anonymous Virelais, Rondeaux, Chansons, Canons</hi>, ed. by W. Apel, edition of the Literary Texts by Samuel Rosenberg, Rome, American Institute of Musicology, 1972 (CMM, 53/3).</bibl>
                <bibl xml:id="Greene1989">Gordon Greene, <hi rend="italic">French Secular Music. Rondeaux and Miscellaneous Pieces</hi>, Monaco, Éditions de l’Oiseau-Lyre, 1989 (Polyphonic Music of the Fourteenth Century, XXII).</bibl>
            </listBibl>
        </back>
                 
    </text>
</TEI>
