<?xml version="1.0" encoding="UTF-8"?>
<?xml-model href="http://www.tei-c.org/release/xml/tei/custom/schema/relaxng/tei_all.rng" type="application/xml" schematypens="http://relaxng.org/ns/structure/1.0"?>
<?xml-model href="http://www.tei-c.org/release/xml/tei/custom/schema/relaxng/tei_all.rng" type="application/xml"
	schematypens="http://purl.oclc.org/dsdl/schematron"?>
<TEI xmlns="http://www.tei-c.org/ns/1.0">
   <teiHeader>
      <fileDesc>
         <titleStmt>
            <title>Facto m’à sdegno partir vie d’Amore</title>
            <respStmt>
               <resp>Digital scholarly edition created within the ERC</resp>
               <orgName><ref target="https://www.europeanarsnova.eu/">European Ars Nova</ref> project.</orgName>
            </respStmt>
            <respStmt>
                <resp>Edited by</resp>
                <name>Maria Sofia Lannutti</name> 
            </respStmt>
            <respStmt>
                <resp>Revised by</resp>
                <name>Luca Gatti</name>
            </respStmt>
             <respStmt>
                <resp>TEI-encoded by</resp>
                <name>Letizia Ricci</name>
            </respStmt>
         </titleStmt>
         <publicationStmt>
            <p></p>
            <!--publisher>Edizioni del Galluzzo</publisher>
            <pubPlace>Firenze, Italia</pubPlace>
            <date>2021</date>
            <availability>
               <p>L'edizione è disponibile su licenza.</p>
            </availability>            
            <idno type="ISBN">ISBN</idno>
            <idno type="DOI">DOI</idno>
            <idno type="URI">permalink della scheda ANT</idno-->
         </publicationStmt>
         <sourceDesc>
            <p></p>
         </sourceDesc>
      </fileDesc>
      <encodingDesc>
         <variantEncoding method="double-end-point" location="internal"/>
      </encodingDesc>
   </teiHeader>
    <text>
      <!-- <front>
         <div>
            <p>
            </p>
         </div>
      </front> -->
      <body>
         <lg>
            <l xml:id="l1">
                Facto m’à sdegno partir vie d’Amore,
            </l>
            <l xml:id="l2">
                sì che di servo son facto signore.
            </l>
        </lg>
        <lg>
            <l xml:id="l3">
                Chi <anchor xml:id="l3a1"/>porta<anchor xml:id="l3a2"/> <anchor xml:id="l3a3"/>fed’<anchor xml:id="l3a4"/> <anchor xml:id="l3a5"/>altru’<anchor xml:id="l3a6"/> oltra misura
            </l>
            <l xml:id="l4">
                ragion no·l move et senno  <anchor xml:id="l4a1"/>no·l <anchor xml:id="l4a2"/> conduce,
            </l>
            <l xml:id="l5" n="5">
                ch’i’  <anchor xml:id="l5a1"/>ti<anchor xml:id="l5a2"/> fu’ servo con la mente pura;	
            </l>
            <l xml:id="l6">
                tra ’ mie pensier tu fosti spechio et luce,
            </l>
            <l xml:id="l7">
                ora ò di sdegno scudo che riluce,
            </l>
            <l xml:id="l8">
                sì che <anchor xml:id="l8a1"/>invan<anchor xml:id="l8a2"/> tira chi saetta al core.
            </l>
         </lg>
      </body>
      <back>
         <listWit>
            <witness xml:id="Pit">
               <ref type="siglum" target="#Pit">Pit</ref>
               cc. <locus>96v-97r</locus>, <abbr xml:id="PitC">C</abbr> (vv. 1-4), <abbr xml:id="PitT">T</abbr> (vv. 1-4), <hi rend="italic">resid.</hi> (vv. 5-8): [c. 84r: <hi rend="italic">do(n) paolo</hi>]
            </witness>
            <witness xml:id="Cil">
                <ref type="siglum" target="#Cil">Cil</ref> 
                c. <locus>94r</locus>, <abbr xml:id="CilC">C</abbr> (vv. 1-4), <abbr xml:id="CilT">T</abbr> (vv. 1-4), <hi rend="italic">resid.</hi> (vv. 5-8): <hi rend="italic">d(ominus) p(aulus)</hi>
            </witness>
         </listWit>
         <listApp type="substantial">
            <listApp>
               <head>3</head>
               <app from="#l3a1" to="#l3a2">
                  <lem>porta</lem>
                  <rdg>portar <wit><ref corresp="#PitC">Pit<hi rend="super">C</hi></ref></wit></rdg>
               </app>
            </listApp>
            <listApp>
                <head>4</head>
                <app from="#l4a1" to="#l4a2">
                   <lem>no·l</lem>
                   <rdg>no <wit><ref corresp="#CilC">Cil<hi rend="super">C</hi></ref></wit></rdg>
                </app>
            </listApp>
            <listApp>
                <head>5</head>
               <app from="#l5a1" to="#l5a2">
                    <lem>ti</lem>
                    <rdg wit="Pit"><gap reason="omission" rend="om."/></rdg>
                </app>
             </listApp>
             <listApp>
                <head>8</head>
                <app from="#l8a1" to="#l8a2">
                   <lem>invan</lem>
                   <rdg wit="Pit">invano</rdg>
                   <rdg>invano <wit><ref corresp="#PitT">Pit<hi rend="super">T</hi></ref></wit></rdg>
                </app>
             </listApp>
         </listApp>
         <listApp type="formal">
            <listApp>
                <head>3</head>
                <app from="#l3a5" to="#l3a6">
                  <lem>altru’</lem>
                  <rdg>altrui <wit><ref corresp="#PitT">Pit<hi rend="super">T</hi></ref></wit></rdg>
                  <rdg wit="Cil">altrui</rdg>
                </app>
                <app from="#l8a3" to="#l8a4">
                    <lem>fed’</lem>
                    <rdg wit="Cil">fe</rdg>
                </app>
            </listApp>
         </listApp>
         <div type="metricalScheme">
            <p>
                Ballata minore 10’z 10’z; 10’a 10’b, 10’a 10’b; 10’b 10’z. 
            </p>
            <p>
                <hi rend="italic">Pagnotta</hi> 111 : 125.
            </p>
            <p>
                Rima derivativa e inclusiva ai vv. 6 : 7.
            </p>
            <p>
                Punti sottoscritti: v. 3 (<hi rend="italic">altrui</hi>) Pit<hi rend="super">T</hi>; v. 4 (<hi rend="italic">et</hi>) Pit<hi rend="super">C</hi>; v. 7 (<hi rend="italic">ora</hi>) Pit; v. 8 (<hi rend="italic">invano</hi>) Pit.
            </p>
         </div>
         <listBibl type="editions">
            <bibl corresp="#Corsi1970">
                Corsi 1970, p. 234;
            </bibl>
            <bibl corresp="#Brumana-Ciliberti1986">
                Brumana-Ciliberti 1986, p. 23.
            </bibl>
         </listBibl>
         <!--listBibl type="bibliography">
            <bibl>
               <relatedItem>
                  <bibl>Riferimento bibliografico completo</bibl>
               </relatedItem>
            </bibl>
         </listBibl-->
         <div type="commentary">
            <note target="#1">
                <num>1.</num>
                <p><hi rend="italic">partir vie</hi>: ‘allontanare’.</p>
            </note>
         </div>
         <listBibl type="editionsBibliography">
            <bibl xml:id="Corsi1970">
                Giuseppe Corsi, <hi rend="italic">Poesie musicali del Trecento</hi>, Bologna, Commissione per i testi di lingua, 1970 (Collezione di opere inedite o rare, 131).
            </bibl>
            <bibl xml:id="Brumana-Ciliberti1986">
                    Biancamaria Brumana, Galliano Ciliberti, <hi rend="italic">Nuove fonti per lo studio dell’opera di Paolo da Firenze</hi>, «Rivista Italiana di Musicologia», 22 (1986), pp. 3-33.
            </bibl>
         </listBibl>
      </back>
   </text>
</TEI>
