<?xml version="1.0" encoding="UTF-8"?>
<?xml-model href="http://www.tei-c.org/release/xml/tei/custom/schema/relaxng/tei_all.rng" type="application/xml" schematypens="http://relaxng.org/ns/structure/1.0"?>
<?xml-model href="http://www.tei-c.org/release/xml/tei/custom/schema/relaxng/tei_all.rng" type="application/xml"
	schematypens="http://purl.oclc.org/dsdl/schematron"?>
<TEI xmlns="http://www.tei-c.org/ns/1.0">
    <teiHeader>
        <fileDesc>
            <titleStmt>
                <title>Fortuna adversa, del mio amor nimica</title>
                <author><ref target="https://www.mirabileweb.it/author/franco-sacchetti-author/229835">Franco Sacchetti</ref></author>
                <respStmt>
                    <resp>Digital scholarly edition created within the ERC</resp>
                    <orgName><ref target="https://www.europeanarsnova.eu/">European Ars Nova</ref>
                        project.</orgName>
                </respStmt>
                <respStmt>
                    <resp>Edited by</resp>
                    <name>Vittoria Brancato</name>
                </respStmt>
                <respStmt>
                    <resp>Revised by</resp>
                    <name>Luca Gatti</name>
                </respStmt>
                <respStmt>
                    <resp>TEI-encoded by</resp>
                    <name>Elvira Mercatanti</name>
                </respStmt>
            </titleStmt>
            <publicationStmt>
                <p/>
                <!--publisher>Edizioni del Galluzzo</publisher>
            <pubPlace>Firenze, Italia</pubPlace>
            <date>2021</date>
            <availability>
               <p>L'edizione è disponibile su licenza.</p>
            </availability>           
            <idno type="ISBN">ISBN</idno>
            <idno type="DOI">DOI</idno>
            <idno type="URI">permalink della scheda ANT</idno-->
            </publicationStmt>
            <sourceDesc>
                <p/>
            </sourceDesc>
        </fileDesc>
        <encodingDesc>
            <variantEncoding method="double-end-point" location="internal"/>
        </encodingDesc>
    </teiHeader>
    <text>
        <!--<front>
         <div>
            <p>
               Aggiungi qui l'INTRODUZIONE (se presente). Suddividila in paragrafi (<p>)
               e marca i corsivi (<hi rend="italic"></hi>)
            </p>
         </div>        
      </front>-->
        <body>
            <lg>
                <l xml:id="l1">Fortuna adversa, del mio <anchor xml:id="l1a1"/>amor<anchor xml:id="l1a2"/> <anchor xml:id="l1a3"/>nimica<anchor xml:id="l1a4"/>,</l>
                <l xml:id="l2">che <anchor xml:id="l2a1"/>posso<anchor xml:id="l2a2"/> più, che, <anchor xml:id="l2a3"/>dietro<anchor xml:id="l2a4"/> <anchor xml:id="l2a5"/>a<anchor xml:id="l2a6"/> lungo <anchor xml:id="l2a7"/>afanno<anchor xml:id="l2a8"/></l>
                <l xml:id="l3">sperando aver <anchor xml:id="l3a1"/>riposo<anchor xml:id="l3a2"/>, ò doppio danno?</l>
                <l xml:id="l4">Quando la vaga stella che <anchor xml:id="l4a1"/>mʼ<anchor xml:id="l4a2"/>accese</l>
                <l xml:id="l5" n="5"><anchor xml:id="l5a1"/>dʼ<anchor xml:id="l5a2"/><anchor xml:id="l5a3"/>oscuro<anchor xml:id="l5a4"/> <anchor xml:id="l5a5"/>mar<anchor xml:id="l5a6"/> <anchor xml:id="l5a7"/>mʼ<anchor xml:id="l5a8"/><anchor xml:id="l5a9"/>avea<anchor xml:id="l5a10"/> <anchor xml:id="l5a11"/>tratto<anchor xml:id="l5a12"/> e scorto</l>
                <l xml:id="l6">con una navicella presso <anchor xml:id="l6a3"/><anchor xml:id="l6a1"/>a<anchor xml:id="l6a2"/><anchor xml:id="l6a4"/> porto,</l>
            </lg>
            <lg>
                <l xml:id="l7">vento si volse e ʼn parte <anchor xml:id="l7a1"/>mʼà<anchor xml:id="l7a2"/> <anchor xml:id="l7a3"/>condotto<anchor xml:id="l7a4"/></l>
                <l xml:id="l8">chʼ<anchor xml:id="l8a3"/>iʼ<anchor xml:id="l8a4"/> son <anchor xml:id="l8a5"/>gittato<anchor xml:id="l8a6"/> <anchor xml:id="l8a7"/>a<anchor xml:id="l8a8"/> <anchor xml:id="l8a1"/>scogli<anchor xml:id="l8a2"/>, et ella à rotto.</l>                
            </lg>
        </body>



        <back>
            <listWit>
                <witness xml:id="A">
                    <ref type="siglum" target="#A">A</ref>c. 9r: <hi rend="italic">madriale di francho detto p(er) altrui </hi> (marginalia: <hi rend="italic">XIIIIa intonata </hi> | <hi rend="italic">magister donatus p(re)sb(it)e(r) de caschia sonu(m) dedit)</hi>.
                </witness>
                
                <witness xml:id="Mp4">
                    <ref type="siglum" target="#Mp4">Mp4</ref> cc. <locus>150v-151r</locus>                    
                </witness>
                
                <witness xml:id="Rc2">
                    <ref type="siglum" target="#Rc2">Rc2</ref> c. 107r: <hi rend="italic">mandriale</hi>
                </witness>
                
                <witness xml:id="Pl3">
                    <ref type="siglum" target="#Pl3">Pl3</ref> c. 111r
                </witness>
                
                <witness xml:id="C3">
                    <ref type="siglum" target="#C3">C3</ref> c. 26v: <hi rend="italic">madriale .15.</hi>                    
                </witness>
                
                <witness xml:id="C6">
                    <ref type="siglum" target="#C6">C6</ref> c. 73v: <hi rend="italic">mandriale</hi>                    
                </witness>
         
                <witness xml:id="V1">
                    <ref type="siglum" target="#V1">V1</ref>c. 327r
                </witness>
            </listWit>


            <listApp type="substantial">              
               <listApp>
                   <head>1</head>
                   <app from="#l1a1" to="#l1a2">
                       <lem>amor</lem>
                       <rdg wit="#V1">ben</rdg>
                   </app>
               </listApp>
                
                <listApp>
                    <head>2</head>
                    <app from="#l2a1" to="#l2a2">
                        <lem>posso</lem>
                        <rdg wit="#Mp4 #Rc2 #C3 #V1">possio</rdg>
                        <rdg wit="#Pl3">posseo</rdg>
                    </app>
                </listApp>
                
                <listApp>
                    <head>6</head>
                    <app from="#l6a1" to="#l6a2">
                        <lem>a</lem>
                        <rdg wit="#Mp4">ael</rdg>
                        <rdg wit="#Rc2 #C6">al </rdg>
                    </app>
                </listApp>
                
                <listApp>
                    <head>8</head>
                    <app from="#l8a1" to="#l8a2">
                        <lem>scogli</lem>
                        <rdg wit="#V1">scoglia</rdg>
                    </app>
                </listApp>
            </listApp>



           <listApp type="formal">
               <listApp>
                   <head>1</head>
                   <app from="#l1a3" to="#l1a4">
                       <lem>nimica</lem>
                       <rdg wit="#Rc2 #C6">nemica</rdg>
                   </app>
               </listApp>
               
               <listApp>
                   <head>2</head>
                   <app from="#l2a3" to="#l2a4">
                       <lem>dietro</lem>
                       <rdg wit="#Mp4 #V1">drieto </rdg>
                   </app>
                   
                   <app from="#l2a5" to="#l2a6">
                       <lem>a</lem>
                       <rdg wit="#V1">al</rdg>
                   </app>
                   
                   <app from="#l2a7" to="#l2a8">
                       <lem>afanno</lem>
                       <rdg wit="#Rc2 #Pl3 #V1">affanno</rdg>
                   </app>
               </listApp>
               
               <listApp>
                   <head>3</head>
                   <app from="#l3a1" to="#l3a2">
                       <lem>riposo</lem>
                       <rdg wit="#Rc2">riposso</rdg>
                   </app>
               </listApp>
               
               <listApp>
                   <head>4</head>
                   <app from="#l4a1" to="#l4a2">
                       <lem>mʼ</lem>
                       <rdg wit="#Rc2 #C6">mi</rdg>
                   </app>
               </listApp>
               
               <listApp>
                   <head>5</head>
                   <app from="#l5a1" to="#l5a2">
                       <lem>dʼ</lem>
                       <rdg wit="#Rc2 #Pl3">di</rdg>
                   </app>
                   
                   <app from="#l5a3" to="#l5a4">
                       <lem>oscuro</lem>
                       <rdg wit="#Pl3">obscuro</rdg>
                   </app>
                   
                   <app from="#l5a5" to="#l5a6">
                       <lem>mar</lem>
                       <rdg wit="#Rc2 #C6">mare</rdg>
                   </app>
                   
                   <app from="#l5a7" to="#l5a8">
                       <lem>mʼ</lem>
                       <rdg wit="#Mp4 #C3">mi</rdg>
                       <rdg wit="#C6">me</rdg>
                   </app>
                   
                   <app from="#l5a9" to="#l5a10">
                       <lem>avea</lem>
                       <rdg wit="#Pl3">aveva</rdg>
                       <rdg wit="#V1">haveva</rdg>
                   </app>
                   
                   <app from="#l5a11" to="#l5a12">
                       <lem>tratto</lem>
                       <rdg wit="#Rc2">tracto</rdg>
                   </app>
               </listApp>
               
               <listApp>
                   <head>6</head>
                   <app from="#l6a3" to="#l6a4">
                       <lem>a</lem>
                       <rdg wit="#V1">ad</rdg>
                   </app>
               </listApp>
               
               <listApp>
                   <head>7</head>
                   <app from="#l7a1" to="#l7a2">
                       <lem>m'</lem>
                       <rdg wit="#Rc2">me</rdg>
                   </app>
                   
                   <app from="#l7a3" to="#l7a4">
                       <lem>condotto</lem>
                       <rdg wit="#Mp4">condocto</rdg>
                   </app>
               </listApp>
               
               <listApp>
                   <head>8</head>
                   <app from="#l8a3" to="#l8a4">
                       <lem>iʼ</lem>
                       <rdg wit="#Mp4 #Rc2 #Pl3 #C6 #V1">io</rdg>
                   </app>
                   
                   <app from="#l8a5" to="#l8a6">
                       <lem>gittato</lem>
                       <rdg wit="#Rc2">gitato</rdg>
                   </app>
                   
                   <app from="#l8a7" to="#l8a8">
                       <lem>a</lem>
                       <rdg wit="#V1">ad</rdg>
                   </app>
               </listApp>
               
               
               
           </listApp>
            


            <div type="metricalScheme">
                <p>Madrigale 10ʼa 10ʼb 10ʼb, 10ʼc 10ʼd 10ʼd; 10ʼe 10ʼe.</p>
                <p><hi rend="italic">Capovilla </hi> <hi rend="small-caps">xlviii</hi>.</p>
            </div>


            <listBibl type="editions">
                <bibl corresp="#Chiari1936">Chiari 1936, p. 52;</bibl>
                <bibl corresp="#Ageno1990">Ageno 1990, p. 67;</bibl>
                <bibl corresp="#Puccini2007">Puccini 2007, p. 121; </bibl>
                <bibl corresp="#Giorgetti2019-2020">Giorgetti 2019-2020, pp. 114-7.</bibl>
            </listBibl>


            <!--<listBibl type="bibliography">
                
            </listBibl>-->


            <!--<div type="commentary">
               
            </div>-->


            <listBibl type="editionsBibliography">
                <bibl xml:id="Chiari1936">Franco Sacchetti, <hi rend="italic">Il libro delle rime</hi>, a cura di Alberto Chiari, Bari, Laterza, 1936</bibl>
                <bibl xml:id="Ageno1990">Franco Sacchetti, <hi rend="italic">Il libro delle rime</hi>, a cura di Franca Brambilla Ageno, Firenze, Olschki, 1990</bibl>
                <bibl xml:id="Puccini2007">Franco Sacchetti, <hi rend="italic">Il libro delle Rime con le lettere. La Battaglia delle belle donne</hi>, a cura di Davide Puccini, Torino, UTET, 2007.</bibl>
                <bibl xml:id="Giorgetti2019-2020">Elisa Giorgetti, <hi rend="italic">Edizione critica commentata dei testi intonati da Donato da Cascia</hi>, tesi di Laurea Magistrale, Università di Firenze, 2019-2020</bibl>
            </listBibl>
        </back>
    </text>
</TEI>
