<?xml version="1.0" encoding="UTF-8"?>
<?xml-model href="http://www.tei-c.org/release/xml/tei/custom/schema/relaxng/tei_all.rng" type="application/xml" schematypens="http://relaxng.org/ns/structure/1.0"?>
<?xml-model href="http://www.tei-c.org/release/xml/tei/custom/schema/relaxng/tei_all.rng" type="application/xml"
	schematypens="http://purl.oclc.org/dsdl/schematron"?>
<TEI xmlns="http://www.tei-c.org/ns/1.0">
    <teiHeader>
        <fileDesc>
            <titleStmt>
                <title>Fra mille corvi una cornachia bianca</title>
                <respStmt>
                    <resp>Digital scholarly edition created within the </resp>
                    <orgName><ref target="https://www.europeanarsnova.eu/">European Ars Nova</ref> ERC project.</orgName>
                </respStmt>
                <respStmt>
                    <resp>Edited by</resp>
                    <name>Maria Sofia Lannutti</name>
                </respStmt>
                <respStmt>
                    <resp>Revised by</resp>
                    <name>Luca Gatti</name>
                </respStmt>
                <respStmt>
                    <resp>TEI-encoded by</resp>
                    <name>Carla Congiu</name>
                </respStmt>
            </titleStmt>
            <publicationStmt>
                <p></p>
                <!--publisher>Edizioni del Galluzzo</publisher>
            <pubPlace>Firenze, Italia</pubPlace>
            <date>2021</date>
            <availability>
               <p>L'edizione è disponibile su licenza.</p>
            </availability>            
            <idno type="ISBN">ISBN</idno>
            <idno type="DOI">DOI</idno>
            <idno type="URI">permalink della scheda ANT</idno-->
            </publicationStmt>
            <sourceDesc>
                <p></p>
            </sourceDesc>
        </fileDesc>
        <encodingDesc>
            <variantEncoding method="double-end-point" location="internal"/>
        </encodingDesc>
    </teiHeader>
    <text>
        <!--front>
         <div>
            <p>
           </p>
         </div>         
      </front-->
        <body>
            <lg>
                <l xml:id="l1">
                    Fra mille corvi una cornachia bianca
                </l>
                <l xml:id="l2">
                    fa che <anchor xml:id="l2a1"/>ciascun<anchor xml:id="l2a2"/> <anchor xml:id="l2a3"/>si<anchor xml:id="l2a4"/> <anchor xml:id="l2a5"/>tien<anchor xml:id="l2a6"/> un pappagallo,
                </l>
                <l xml:id="l3">
                    benché <anchor xml:id="l3a1"/>le<anchor xml:id="l3a2"/> verdi pennʼ e ʼl becco manca.
                </l>
                <l xml:id="l4">
                    <supplied>[...]</supplied>
                </l>
                <l xml:id="l5" n="5">
                   <supplied>[...]</supplied>
                </l>
                <l xml:id="l6">
                    <supplied>[...]</supplied>
                </l>
            </lg>
            <lg>   
                <l xml:id="l7">
                    Vivesi ad arte et così el mondo regna.
                </l>
            </lg>
        </body>
        <back>
            <listWit>
                <witness xml:id="Sq">
                    <ref type="siglum" target="#Sq">Sq</ref>
                    c. <locus>6v</locus>, <abbr xml:id="SqC">C</abbr> (vv. 1-3 e 7), <abbr xml:id="SqT">T</abbr> (vv. 1-3 e 7): <hi rend="italic">m(agister) iouannes de florentia</hi>
                </witness>
                <witness xml:id="SL">
                    <ref type="siglum" target="#SL">SL</ref>
                    cc. <locus>35v-36r</locus> (<hi rend="italic">cantus</hi> e <hi rend="italic">tenor</hi> sono illeggibili)
                </witness>
            </listWit>
            <!--<listApp type="substantial">
            </listApp>-->
            <listApp type="formal">
                <listApp>
                    <head>2</head>
                    <app from="#l2a1" to="#l2a2">
                        <lem>ciascun</lem>
                        <rdg>cciascun <wit><ref target="#SqT">Sq<hi rend="super">T</hi></ref></wit></rdg>
                    </app>
                    <app from="#l2a3" to="#l2a4">
                        <lem>si</lem>
                        <rdg>se <wit><ref target="#SqT">Sq<hi rend="super">T</hi></ref></wit></rdg>
                    </app>
                    <app from="#l2a5" to="#l2a6">
                        <lem>tien</lem>
                        <rdg>ten <wit><ref target="#SqT">Sq<hi rend="super">T</hi></ref></wit></rdg>
                    </app>
                </listApp>
                <listApp>
                    <head>3</head>
                    <app from="#l3a1" to="#l3a2">
                        <lem>le</lem>
                        <rdg>lle <wit><ref target="#SqT">Sq<hi rend="super">T</hi></ref></wit></rdg>
                    </app>
                </listApp>
            </listApp>
            <div type="metricalScheme">
                <p>Madrigale 10ʼa 10ʼb 10ʼa, [10ʼ? 10ʼ? 10ʼ?]; 10ʼm.</p>
            </div>
            <listBibl type="editions">
                <bibl corresp="#LiGotti1944a">
                    Li Gotti 1944a, p. 378;
                </bibl>
                <bibl corresp="#Corsi1970">
                    Corsi 1970, p. 28.
                </bibl>
            </listBibl>
            <div type="commentary">
                <note target="#l7">
                    <num>7.</num>
                    Intenderei il verso sentenzioso ‘si vive nella finzione e così il mondo perdura’, con il verbo <hi rend="italic">regnare</hi> che oltre al più comune senso di ‘regnare, dominare’, può avere il senso di ‘vivere, perdurare’ (qui con soggetto <hi rend="italic">mondo</hi>).
                </note>
            </div>
            <listBibl type="editionsBibliography">
                <bibl xml:id="LiGotti1944a">
                    Ettore Li Gotti, <hi rend="italic">L'«Ars nova» e il madrigale</hi>, serie 4, vol. IV, parte II, Atti della Reale Accademia di Scienze Lettere e Arti di Palermo, Palermo, 1944, pp. 339-89.
                </bibl>
                <bibl xml:id="Corsi1970">
                    Giuseppe Corsi, <hi rend="italic">Poesie musicali del Trecento</hi>, Bologna, Commissione per i testi di lingua, 1970 (Collezione di opere inedite o rare, 131).
                </bibl>
            </listBibl>
        </back>
    </text>
</TEI>


