<?xml version="1.0" encoding="UTF-8"?>
<?xml-model href="http://www.tei-c.org/release/xml/tei/custom/schema/relaxng/tei_all.rng" type="application/xml" schematypens="http://relaxng.org/ns/structure/1.0"?>
<?xml-model href="http://www.tei-c.org/release/xml/tei/custom/schema/relaxng/tei_all.rng" type="application/xml"
	schematypens="http://purl.oclc.org/dsdl/schematron"?>
<TEI xmlns="http://www.tei-c.org/ns/1.0">
   <teiHeader>
      <fileDesc>
         <titleStmt>
            <title>Gaiete, dolçe parolete mie</title>
            <!--<author><ref target="X"></ref></author>-->
            <respStmt>
               <resp>Digital scholarly edition created within the ERC</resp>
               <orgName><ref target="https://www.europeanarsnova.eu/">European Ars Nova</ref> project.</orgName>
            </respStmt>
            <respStmt> 
               <resp>Edited by</resp> 
               <name>Maria Sofia Lannutti</name> 
            </respStmt> 
            <respStmt> 
               <resp>Revised by</resp> 
               <name>Luca Gatti</name> 
            </respStmt> 
            <respStmt> 
               <resp>TEI-encoded by</resp> 
               <name>Elvira Mercatanti</name> 
            </respStmt> 
         </titleStmt>
         <publicationStmt>
            <p></p>
            <!--publisher>Edizioni del Galluzzo</publisher>
            <pubPlace>Firenze, Italia</pubPlace>
            <date>2021</date>
            <availability>
               <p>L'edizione è disponibile su licenza.</p>
            </availability>            
            <idno type="ISBN">ISBN</idno>
            <idno type="DOI">DOI</idno>
            <idno type="URI">permalink della scheda ANT</idno-->
         </publicationStmt>
         <sourceDesc>
            <p></p>
         </sourceDesc>
      </fileDesc>
      <encodingDesc>
         <variantEncoding method="double-end-point" location="internal"/>
      </encodingDesc>
   </teiHeader>
   <text>
      <!--<front> 
         <div> 
            <p>
               Aggiungi qui l'INTRODUZIONE (se presente). Suddividila in paragrafi (<p>)
               e marca i corsivi (<hi rend="italic"> </hi> )
            </p> 
         </div>         
      </front> --> 
      <body>
         <lg>
            <l xml:id="l1">
               «Gaiete, <anchor xml:id="l1a1"/>dolçe<anchor xml:id="l1a2"/> parolete mie,
            </l>
            <l xml:id="l2">
               <hi rend="italic">dites</hi>: de <anchor xml:id="l2a1"/>voi<anchor xml:id="l2a2"/> che fie,
            </l>
            <l xml:id="l3">
               partite dagli acesi mei desiri?»
            </l>
         </lg>
         <lg>
            <l xml:id="l4">
               «Quella gaieta spina che tu die,
            </l>
            <l xml:id="l5" n="5">
               <anchor xml:id="l5a1"/> <hi rend="italic">gaiete, <supplied reason="illegible">[dolçe parolete mie]</supplied>,</hi><anchor xml:id="l5a2"/>
            </l>
            <l xml:id="l6">
               che ponçe e che t’à ponto in fin a quie,
            </l>
            <l xml:id="l7">
               per <anchor xml:id="l7a1"/><supplied reason="illegible">[n]</supplied>oi<anchor xml:id="l7a2"/> trovata fie,
            </l>
            <l xml:id="l8">
               onde soa luce voi, legendo, miri».
            </l>
         </lg>
         
      </body>



      <back>
         <listWit>            
            <witness xml:id="Rs">
               <ref type="siglum" target="#Rs">Rs</ref> 
               cc. <locus>4v-5r</locus>, <abbr xml:id="RsC">C</abbr> (vv. 1-3), <abbr xml:id="RsT">T</abbr> (vv. 1-3), <hi rend="italic">resid.</hi> (vv. 4-8)
            </witness>
         </listWit>


         <listApp type="substantial">
            <listApp>
               <head>2</head>
               <app from="#l2a1" to="#l2a2">
                  <lem>voi</lem>
                  <rdg>noy <wit><ref corresp="#RsT">Rs<hi rend="super">T</hi></ref></wit> </rdg>
               </app>          
            </listApp>

            <listApp>
               <head>7</head>
               <app from="#l7a1" to="#l7a2">
                  <lem>noi</lem>
                  <rdg wit="#Rs">voy</rdg>
               </app>           
            </listApp>
         </listApp>



         <listApp type="formal">
            <listApp>
               <head>1</head>
               <app from="#l1a1" to="#l1a2">
                  <lem>dolçe</lem>
                  <rdg>dolce <wit><ref corresp="#RsT">Rs <hi rend="super">T</hi></ref></wit></rdg>
               </app>
            </listApp>

            <listApp>
               <head>5</head>
               <app from="#l5a1" to="#l5a2">
                  <lem>gaiete, [dolçe parolete mie],</lem>
                  <rdg wit="#Rs">gaiete etc</rdg>
               </app>
            </listApp>
         </listApp>


         <div type="metricalScheme">
            <p><hi rend="italic">Rondeau </hi>10’A 6’a 10’B; 10’a 10’A, 10’a 6’a 10’b.</p>
         </div>


         <listBibl type="editions">
            <bibl corresp="#Liuzzi1937"> 
               Liuzzi 1937, p. 66;
            </bibl>

            <bibl corresp="#LiGotti1944"> 
               Li Gotti 1944, p. 126;
            </bibl>

            <bibl corresp="#Sesini1943-1950"> 
              Sesini 1943-1950, p. 222;
            </bibl>

            <bibl corresp="#Corsi1970"> 
              Corsi 1970, pp. 26-7;
            </bibl>

            <bibl corresp="#Pirrotta1992"> 
              Pirrotta 1992, p. 29;
            </bibl>

            <bibl corresp="#Sucato2003">
               Sucato 2003, p. 74.
            </bibl>
         </listBibl>


         <!--<listBibl type="bibliography">
            <bibl corresp="#">
            </bibl>
         </listBibl>-->


         <div type="commentary">
            <note target="#l2">
               <num>2.</num>
               <p><hi rend="italic">dites</hi>: forma del francese.</p>
            </note>

            <note target="#l5 #l8">
               <num>5-8.</num>
               <p>‘Quella piacevole spina di cui dici, che punge e che ti ha punto fino ad ora, raggiungeremo noi, piacevoli dolci parolette, sì che i suoi occhi, leggendoci, guardino te’.</p>
            </note>
         </div>


         <listBibl type="editionsBibliography">
            <bibl xml:id="Liuzzi1937">
              F. Liuzzi, <hi rend="italic">Musica e poesia del Trecento nel codice Vaticano Rossiano 215</hi>, «Rendiconti della pontificia Accademia Romana di archaeologia», XIII/1-2 (1937), pp. 59-71.
            </bibl>

            <bibl xml:id="LiGotti1944">
               E. Li Gotti, <hi rend="italic">Poesie musicali italiane del sec. XIV</hi>, «Atti della Reale Accademia di scienze, lettere e arti di Palermo», IV/2 (1944), pp. 99-167.
            </bibl>

            <bibl xml:id="Sesini1943-1950">
               U. Sesini, <hi rend="italic">Il canzoniere musicale trecentesco del codice Vatic. Rossiano 215</hi>, «Studi medievali», n.s., 16 (1943-1950), pp. 212-236.
            </bibl>

            <bibl xml:id="Corsi1970">
              Giuseppe Corsi, <hi rend="italic">Poesie musicali del Trecento</hi>, Bologna, Commissione per i testi di lingua, 1970 (Collezione di opere inedite o rare, 131).
            </bibl>

            <bibl xml:id="Pirrotta1992">
               N. Pirrotta, <hi rend="italic">Il codice Rossi 215 della Biblioteca Apostolica Vaticana. Con i frammenti della fondazione Opera pia don Giuseppe Greggiati di Ostiglia</hi>, Lucca, LIM, 1992.
            </bibl>

            <bibl xml:id="Sucato2003">
               Tiziana Sucato, <hi rend="italic">Il codice rossiano 215. Madrigali, ballate, una caccia, un rotondello</hi>, Pisa, ETS, 2003 («Diverse voci...» 1).
            </bibl>
         </listBibl>
      </back>
   </text>
</TEI>
