<?xml version="1.0" encoding="UTF-8"?>
<?xml-model href="http://www.tei-c.org/release/xml/tei/custom/schema/relaxng/tei_all.rng" type="application/xml" schematypens="http://relaxng.org/ns/structure/1.0"?>
<?xml-model href="http://www.tei-c.org/release/xml/tei/custom/schema/relaxng/tei_all.rng" type="application/xml"
	schematypens="http://purl.oclc.org/dsdl/schematron"?>
<TEI xmlns="http://www.tei-c.org/ns/1.0">
   <teiHeader>
      <fileDesc>
         <titleStmt>
            <title>Giovine donna vidi star selvaggia</title>
            <editor>Davide Checchi</editor>
            <respStmt>
               <resp>Digital scholarly editon created within the </resp>
               <orgName><ref target="https://www.europeanarsnova.eu/">European Ars Nova</ref> ERC project.</orgName>
            </respStmt>
            <respStmt>
               <resp>Edited by</resp>
               <name>Davide Checchi</name>
            </respStmt>
            <respStmt>
               <resp>Revised by</resp>
               <name>Luca Gatti</name>
            </respStmt>
            <respStmt>
               <resp>TEI-encoding by</resp>
               <name>Chiara Martignano</name>
            </respStmt>
         </titleStmt>
         <publicationStmt>
            <p></p>
            <!--publisher>Edizioni del Galluzzo</publisher>
            <pubPlace>Firenze, Italia</pubPlace>
            <date>2021</date>
            <availability>
               <p>L'edizione è disponibile su licenza.</p>
            </availability>            
            <idno type="ISBN">ISBN</idno>
            <idno type="DOI">DOI</idno>
            <idno type="URI">permalink della scheda ANT</idno-->
         </publicationStmt>
         <sourceDesc>
            <p></p>
         </sourceDesc>
      </fileDesc>
      <encodingDesc>
         <variantEncoding method="double-end-point" location="internal"/>
      </encodingDesc>
   </teiHeader>
   <text>
      <body>
         <lg>
            <l xml:id="l1">
               Giovine donna vidi star selvaggia,
            </l>
            <l xml:id="l2">
               leggiadr’ e bell’ e costumat’ e·ssaggia.</l>
         </lg>
         <lg>  
            <l xml:id="l3">
               La qual adorna vidi di <anchor xml:id="l3a1"/>belleççe<anchor xml:id="l3a2"/>
            </l>
            <l xml:id="l4">
               più c’altra donna di sonmo valore,
            </l>
            <l xml:id="l5" n="5">
               in sé mostrando tutte gentileççe:
            </l>
            <l xml:id="l6">
               onesta, vaga, di nobile core.
            </l>
            <l xml:id="l7">
               Suo treç’ à bionda, d’orato colore,
            </l>
            <l xml:id="l8">
               c’Amor con seco non credo che·ll’aggia.
            </l>
         </lg>
      </body>
      <back>
         <listWit>            
            <witness xml:id="Sq">
               <ref type="siglum" target="#Sq">Sq</ref>
               <locus>c. 160v</locus>, <abbr xml:id="SqC">C</abbr> (vv. 1-4), <abbr xml:id="SqT">T</abbr> (vv. 1-6), <hi rend="italic">resid.</hi> (vv. 5-8): <hi rend="italic">magister franciscus cecus horghanista de florentia</hi>
            </witness>
         </listWit>
         
         <listApp type="substantial">
            <listApp>
               <head>3</head>
               <app from="#l3a1" to="#l3a2">
                  <lem>belleççe</lem>
                  <rdg>belleçça <wit><ref target="#SqC">Sq<hi rend="super">C</hi></ref></wit></rdg>
               </app>
            </listApp>
         </listApp>
         
         <div type="metricalScheme">
            <p>
               Ballata minore 10’z 10’z; 10’a 10’b, 10’a 10’b; 10’b 10’z.
            </p>
            <p>
               <hi rend="italic">Pagnotta</hi> 111 : 128.
            </p>
            <p>
               Rima ricca ai vv. 3 : 5.
            </p>
         </div>
         
         <listBibl type="editions">
            <bibl corresp="#Corsi1970">
               Corsi 1970, p. 176.
            </bibl>
         </listBibl>
         
         <div type="commentary">
            <note target="#l7">
               <num>7.</num>
               Corsi stampa «Suo treza biond’ha, dorato colore», con arduo <hi rend="italic">ictus</hi> di 5<hi rend="super">a</hi>, sebbene ribattuto in 4<hi rend="super">a</hi>.
           </note>
         </div>
         
         <listBibl type="editionsBibliography">
            <bibl xml:id="Corsi1970">
               <hi rend="italic">Poesie musicali del Trecento</hi>, a cura di G. Corsi, Bologna, Commissione per i testi di lingua, 1970 (Collezione di opere inedite o rare, 131)
            </bibl>
         </listBibl>
      </back>
   </text>
</TEI>
