<?xml version="1.0" encoding="UTF-8"?>
<?xml-model href="http://www.tei-c.org/release/xml/tei/custom/schema/relaxng/tei_all.rng" type="application/xml" schematypens="http://relaxng.org/ns/structure/1.0"?>
<?xml-model href="http://www.tei-c.org/release/xml/tei/custom/schema/relaxng/tei_all.rng" type="application/xml"
	schematypens="http://purl.oclc.org/dsdl/schematron"?>
<TEI xmlns="http://www.tei-c.org/ns/1.0">
    <teiHeader>
        <fileDesc>
            <titleStmt>
                <title>Giunge ’l bel tempo della primavera</title>
                <respStmt>
                    <resp>Digital scholarly edition created within the </resp>
                    <orgName><ref target="https://www.europeanarsnova.eu/">European Ars Nova</ref> ERC project.</orgName>
                </respStmt>
                <respStmt>
                    <resp>Edited by</resp>
                    <name>Maria Sofia Lannutti</name>
                </respStmt>
                <respStmt>
                    <resp>Revised by</resp>
                    <name>Luca Gatti</name>
                </respStmt>
                <respStmt>
                    <resp>TEI-encoded by</resp>
                    <name>Carla Congiu</name>
                </respStmt>
            </titleStmt>
            <publicationStmt>
                <p></p>
                <!--publisher>Edizioni del Galluzzo</publisher>
            <pubPlace>Firenze, Italia</pubPlace>
            <date>2021</date>
            <availability>
               <p>L'edizione è disponibile su licenza.</p>
            </availability>            
            <idno type="ISBN">ISBN</idno>
            <idno type="DOI">DOI</idno>
            <idno type="URI">permalink della scheda ANT</idno-->
            </publicationStmt>
            <sourceDesc>
                <p></p>
            </sourceDesc>
        </fileDesc>
        <encodingDesc>
            <variantEncoding method="double-end-point" location="internal"/>
        </encodingDesc>
    </teiHeader>
    <text>
        <!--front>
         <div>
            <p>
           </p>
         </div>         
      </front-->
        <body>
            <lg>
                <l xml:id="l1">
                    Giunge ’l bel tempo della primavera,
                </l>
                <l xml:id="l2">
                    che nova erbetta dà, fiori e vïole.
                </l>
                <l xml:id="l3">
                    Cresce bëato, Amor, <anchor xml:id="l3a1"/>dove esser vuole<anchor xml:id="l3a2"/>:
                </l>
            </lg>
            <lg>
                <l xml:id="l4">
                    et ogni frutto del piacer germoglia.
                </l>
            </lg>
            <lg>
                <l xml:id="l5" n="5">
                    A’ dolci versi dʼuselletti, fuora
                </l>
                <l xml:id="l6">
                    van donne pe·ghirlande in compagnia,
                </l>
                <l xml:id="l7">
                    seguendo lor amor drei tuttavia.
                </l>
            </lg>
            <lg>
                <l xml:id="l8">
                    Ché sol consiglio fan dʼamar di voglia.
                </l>
            </lg>
        </body>
        <back>
            <listWit>
                <witness xml:id="Fp">
                    <ref type="siglum" target="#Fp">Fp</ref>
                    c. <locus>93r</locus>, <abbr xml:id="FpC">C</abbr> (vv. 1-4), <hi rend="italic">resid.</hi> (vv. 5-8): <hi rend="italic">m(agister) jacopo da bolo(nia)</hi>
                </witness>
            </listWit>
            <listApp type="substantial">
                <listApp>
                    <head>3</head>
                    <app from="#l3a1" to="#l3a2">
                        <lem>dovʼesser vuole</lem>
                        <rdg wit="#Fp">uesser uo le <hi rend="italic">rip.</hi></rdg>
                    </app>
                </listApp>
            </listApp>
            <!--<listApp type="formal">
            </listApp>-->
            <div type="metricalScheme">
                <p>Madrigale pluristrofico 10ʼa 10ʼb 10ʼb; 10’c.</p>
                <p>Diversamente, secondo Zenari, si tratta di un madrigale ritornellato con schema
                    10ʼa 10ʼb 10ʼb + 10ʼe; 10ʼc 10ʼd 10ʼd + 10ʼe. Li Gotti e Corsi stampano invece
                    il madrigale come fosse composto da due terzetti e da un ritornello conclusivo in
                    rima baciata.
                </p>
                <p><hi rend="italic">Capovilla</hi> XLVIII (ma sulla base dello schema metrico in Corsi 1970).</p>
                <p>Punti sottoscritti: v. 2 (<hi rend="italic">nova</hi>) Fp; v. 3 (<hi rend="italic">dove</hi>) Fp; v. 6 (<hi rend="italic">ghirlande</hi>) Fp.</p>
            </div>
            <listBibl type="editions">
                <bibl corresp="#LiGotti1944a">
                    Li Gotti 1944a, p. 381;
                </bibl>
                <bibl corresp="#Corsi1969">
                    Corsi 1969, p. 1018;
                </bibl>
                <bibl corresp="#Corsi1970">
                    Corsi 1970, p. 34;
                </bibl>
                <bibl corresp="#Zenari2004">
                    Zenari 2004, p. 144.
                </bibl>
            </listBibl>
            <!--<div type="commentary">
            </div>-->
            <listBibl type="editionsBibliography">
                <bibl xml:id="LiGotti1944a">
                    Ettore Li Gotti, <hi rend="italic">L'«Ars nova» e il madrigale</hi>, serie 4, vol. IV, parte II, Atti della Reale Accademia di Scienze Lettere e Arti di Palermo, Palermo, 1944, pp. 339-89.
                </bibl>
                <bibl xml:id="Corsi1969">
                    G. Corsi, <hi rend="italic">Rimatori del Trecento</hi>, Torino, UTET, 1969.
                </bibl>
                <bibl xml:id="Corsi1970">
                    Giuseppe Corsi, <hi rend="italic">Poesie musicali del Trecento</hi>, Bologna, Commissione per i testi di lingua, 1970 (Collezione di opere inedite o rare, 131).
                </bibl>
                <bibl xml:id="Zenari2004">
                    Massimo Zenari, <hi rend="italic">Undici madrigali a testimone unico del Panciatichiano 26 (Firenze, Biblioteca Nazionale Centrale)</hi>, «Studi di filologia italiana», 57 (2004), pp. 131-60.
                </bibl>
            </listBibl>
        </back>
    </text>
</TEI>

