<?xml version="1.0" encoding="UTF-8"?>
<?xml-model href="http://www.tei-c.org/release/xml/tei/custom/schema/relaxng/tei_all.rng" type="application/xml" schematypens="http://relaxng.org/ns/structure/1.0"?>
<?xml-model href="http://www.tei-c.org/release/xml/tei/custom/schema/relaxng/tei_all.rng" type="application/xml"
	schematypens="http://purl.oclc.org/dsdl/schematron"?>
<TEI xmlns="http://www.tei-c.org/ns/1.0">
   <teiHeader>
      <fileDesc>
         <titleStmt>
            <title>Già la sperança in te GIOVANA perse</title>
            <respStmt>
               <resp>Digital scholarly edition created within the </resp>
               <orgName><ref target="https://www.europeanarsnova.eu/">European Ars Nova</ref> ERC project.</orgName>
            </respStmt>
            <respStmt>
               <resp>Edited by</resp>
               <name>Maria Sofia Lannutti</name>
            </respStmt>
            <respStmt>
               <resp>Revised by</resp>
               <name>Luca Gatti</name>
            </respStmt>
            <respStmt>
               <resp>TEI-encoded by</resp>
               <name>Carla Congiu</name>
            </respStmt>
         </titleStmt>
         <publicationStmt>
            <p></p>
            <!--publisher>Edizioni del Galluzzo</publisher>
            <pubPlace>Firenze, Italia</pubPlace>
            <date>2021</date>
            <availability>
               <p>L'edizione è disponibile su licenza.</p>
            </availability>            
            <idno type="ISBN">ISBN</idno>
            <idno type="DOI">DOI</idno>
            <idno type="URI">permalink della scheda ANT</idno-->
         </publicationStmt>
         <sourceDesc>
            <p></p>
         </sourceDesc>
      </fileDesc>
      <encodingDesc>
         <variantEncoding method="double-end-point" location="internal"/>
      </encodingDesc>
   </teiHeader>
   <text>
      <!--front>
         <div>
            <p>
           </p>
         </div>         
      </front-->
      <body>
        <lg>
            <l xml:id="l1">
		    <anchor xml:id="l1a1"/><anchor xml:id="l1a3"/>Già<anchor xml:id="l1a4"/> la sperança<anchor xml:id="l1a2"/> in te <name type="senhal" rend="small-caps">giovana</name> perse
	        </l>
            <l xml:id="l2">
		    força ne’ miei prim’ anni,
	        </l>
            <l xml:id="l3">
		    che or veggio <anchor xml:id="l3a1"/>fondon<anchor xml:id="l3a2"/> mie grevi affanni.
	        </l>
        </lg>
        <lg>
            <l xml:id="l4">
		    Questa legommi ’l cor <anchor xml:id="l4a1"/>quando<anchor xml:id="l4a2"/> seguire
	        </l>
            <l xml:id="l5" n="5">
            promise tal disire,
	        </l>
            <l xml:id="l6">
		    c’i’ spera’ <anchor xml:id="l6a1"/>sempre in<anchor xml:id="l6a2"/> te fedel’ amore.
	        </l>
            <l xml:id="l7">
		    Né di cosa pensai che mai fallire
	        </l>
            <l xml:id="l8">
		    potesse intervenire,
	        </l>
            <l xml:id="l9">
		    che volgesse ad altr’ uom tuo gran valore.
	        </l>
            <l xml:id="l10" n="10">
		    Et sai che con sospir t’apers’ il core,
	        </l>
            <l xml:id="l11">
            mostrandoti e’ mie danni:
            </l>
            <l xml:id="l12">
            or vegio in te gli oculti et falsi inganni.
            </l>
        </lg>
       </body>
      <back>
         <listWit>
            <witness xml:id="Pit">
               <ref type="siglum" target="#Pit">Pit</ref>
               cc. <locus>119v-120r</locus>, <abbr xml:id="PitC">C</abbr> (vv. 1-6), <abbr xml:id="PitT">T</abbr> (vv. 1-6), <hi rend="italic">resid</hi>. (vv. 7-12). Attribuito a Paolo da Firenze in <hi rend="italic">MGG</hi>, s.v.
            </witness>
          </listWit>
           <listApp type="substantial">
               <listApp>
                 <head>3</head>
                 <app from="#l3a1" to="#l3a2">
                    <lem>fondon</lem>
                    <rdg>fondo <wit><ref target="#PitT">Pit<hi rend="super">T</hi></ref></wit></rdg>
                 </app>
               </listApp>
               <listApp>
                 <head>4</head>
                 <app from="#l4a1" to="#l4a2">
                    <lem>quando</lem>
                    <rdg>quado <wit><ref target="#PitC">Pit<hi rend="super">C</hi></ref></wit></rdg>
                 </app>
               </listApp>
           </listApp>
         <listApp type="formal">
            <listApp>
               <head>1</head>
               <app from="#l1a1" to="#l1a2">
                  <lem>Già la sperança</lem>
                  <rdg>gia lasperangialasperança <wit><ref target="#PitT">Pit<hi rend="super">T</hi></ref></wit></rdg>
               </app>
               <app from="#l1a3" to="#l1a4">
                  <lem>Già</lem>
                  <rdg>gia gia <wit><ref target="#PitC">Pit<hi rend="super">C</hi></ref></wit></rdg>
               </app>
            </listApp>
            <listApp>
               <head>6</head>
               <app from="#l6a1" to="#l6a2">
                  <lem>sempre in</lem>
                  <rdg>semprin <wit><ref target="#PitT">Pit<hi rend="super">T</hi></ref></wit></rdg>
               </app>
            </listApp>
         </listApp>
         <div type="metricalScheme">
            <p>Ballata mezzana 10’y 6’z 10’z; 10’a 6’a 10’b, 10’a 6’a 10’b; 10’b 6’z 10’z.</p> 
            <p><hi rend="italic">Pagnotta</hi> 32 : 2.</p>
            <p>Rima inclusiva ai vv. 2 : 11.</p>
            </div>
         <!--listBibl type="editions">
         </listBibl-->
         <div type="commentary">
            <note target="#l3">
               <num>3.</num>
               <hi rend="italic">che or veggio fondon mie grevi affanni</hi>: ‘tanto che vedo che si radicano le mie profonde sofferenze’ 
               <hi rend="italic">fondon</hi>: forse in origine <hi rend="italic">fondar</hi>.
            </note>
            <note target="#l4">
               <num>4.</num>
               <hi rend="italic">Questa</hi>: la speranza.
            </note>
         </div>
         <!--listBibl type="editionsBibliography">
         </listBibl-->
      </back>
   </text>
</TEI>
