<?xml version="1.0" encoding="UTF-8"?>
<?xml-model href="http://www.tei-c.org/release/xml/tei/custom/schema/relaxng/tei_all.rng" type="application/xml" schematypens="http://relaxng.org/ns/structure/1.0"?>
<?xml-model href="http://www.tei-c.org/release/xml/tei/custom/schema/relaxng/tei_all.rng" type="application/xml"
	schematypens="http://purl.oclc.org/dsdl/schematron"?>
<TEI xmlns="http://www.tei-c.org/ns/1.0">
   <teiHeader>
      <fileDesc>
         <titleStmt>
            <title>Gli occhi che ’n prima tanto bel piacere</title>
            <editor>Davide Checchi</editor>
            <respStmt>
               <resp>Digital scholarly editon created within the </resp>
               <orgName><ref target="https://www.europeanarsnova.eu/">European Ars Nova</ref> ERC project.</orgName>
            </respStmt>
            <respStmt>
               <resp>Edited by</resp>
               <name>Davide Checchi</name>
            </respStmt>
            <respStmt>
               <resp>Revised by</resp>
               <name>Luca Gatti</name>
            </respStmt>
            <respStmt>
               <resp>TEI-encoding by</resp>
               <name>Chiara Martignano</name>
            </respStmt>
         </titleStmt>
         <publicationStmt>
            <p></p>
            <!--publisher>Edizioni del Galluzzo</publisher>
            <pubPlace>Firenze, Italia</pubPlace>
            <date>2021</date>
            <availability>
               <p>L'edizione è disponibile su licenza.</p>
            </availability>            
            <idno type="ISBN">ISBN</idno>
            <idno type="DOI">DOI</idno>
            <idno type="URI">permalink della scheda ANT</idno-->
         </publicationStmt>
         <sourceDesc>
            <p></p>
         </sourceDesc>
      </fileDesc>
      <encodingDesc>
         <variantEncoding method="double-end-point" location="internal"/>
      </encodingDesc>
   </teiHeader>
   <text>
      
      <body>
         <lg>
            <l xml:id="l1">
               Gli <anchor xml:id="l1a1"/>occhi<anchor xml:id="l1a2"/> che <anchor xml:id="l1a3"/>’n<anchor xml:id="l1a4"/> prima tanto bel piacere
            </l>
            <l xml:id="l2">
               mi <anchor xml:id="l2a1"/>porson<anchor xml:id="l2a2"/> <anchor xml:id="l2a3"/>dentr’<anchor xml:id="l2a4"/> al core
            </l>
            <l xml:id="l3">
               <anchor xml:id="l3a1"/>non<anchor xml:id="l3a2"/> <anchor xml:id="l3a7"/>seguitand’<anchor xml:id="l3a8"/> <anchor xml:id="l3a3"/>Amor[ẹ]<anchor xml:id="l3a4"/> <span type="space"/> mi <anchor xml:id="l3a5"/>fan<anchor xml:id="l3a6"/> dolere.
            </l> 
         </lg>
         <lg>    
            <l xml:id="l4">
               <anchor xml:id="l4a1"/>Vana<anchor xml:id="l4a2"/> <anchor xml:id="l4a3"/>speranç’<anchor xml:id="l4a5"/>, Amor<anchor xml:id="l4a4"/>, che nel <anchor xml:id="l4a6"/>passato<anchor xml:id="l4a7"/>
            </l>
            <l xml:id="l5" n="5">
               <anchor xml:id="l5a3"/>tempo<anchor xml:id="l5a4"/> <anchor xml:id="l5a5"/>mostronmi<anchor xml:id="l5a6"/> <anchor xml:id="l5a1"/>con<anchor xml:id="l5a7"/> suo vaga vista<anchor xml:id="l5a2"/>,
            </l>
            <l xml:id="l6">
               <anchor xml:id="l6a1"/>m’à<anchor xml:id="l6a2"/> nelle <anchor xml:id="l6a3"/>forçe<anchor xml:id="l6a4"/> <anchor xml:id="l6a5"/>sue<anchor xml:id="l6a6"/> tanto legato
            </l>
            <l xml:id="l7">
               che gia <anchor xml:id="l7a5"/>ma’<anchor xml:id="l7a6"/> donna per suo <anchor xml:id="l7a1"/>non<anchor xml:id="l7a2"/> <anchor xml:id="l7a3"/>m’aquista<anchor xml:id="l7a4"/>.
            </l>
            <l xml:id="l8">
               <anchor xml:id="l8a1"/>Sempre<anchor xml:id="l8a2"/> piangendo l’anima s’atrista
            </l>
            <l xml:id="l9">
               <anchor xml:id="l9a3"/>e<anchor xml:id="l9a4"/> <anchor xml:id="l9a5"/>muorsi<anchor xml:id="l9a6"/> <anchor xml:id="l9a1"/>di<anchor xml:id="l9a2"/> dolore,
            </l>
            <l xml:id="l10" n="10">
               <anchor xml:id="l10a1"/>ché<anchor xml:id="l10a2"/> gli <anchor xml:id="l10a9"/>occhi<anchor xml:id="l10a10"/> <anchor xml:id="l10a3"/>ch’ànn’<anchor xml:id="l10a4"/> <anchor xml:id="l10a5"/>Amorẹ<anchor xml:id="l10a6"/> <span type="space"/> non <anchor xml:id="l10a7"/>può<anchor xml:id="l10a8"/> vedere.</l>
         </lg>
         <lg>    
            <l xml:id="l11">
               Così pien di tormento ’l cor mi veggio,
            </l>
            <l xml:id="l12">
               né so né penso che cuor <anchor xml:id="l12a1"/>l<supplied>[e]</supplied><anchor xml:id="l12a2"/> si mova.
            </l>
            <l xml:id="l13">
               Dimmi, signor, perché di male ’n peggio
            </l>
            <l xml:id="l14">
               costei mi guida non con giusta prova?
            </l>
            <l xml:id="l15" n="15">
               Ch’a gentil cor dé <anchor xml:id="l15a1"/>parer<anchor xml:id="l15a2"/> cosa nova
            </l>
            <l xml:id="l16">
               usando tal errore
            </l>
            <l xml:id="l17">
               verso di chi si <anchor xml:id="l17a1"/>muorẹ<anchor xml:id="l17a2"/> <span type="space"/> pe’ suo <anchor xml:id="l17a3"/>v<supplied>[o]</supplied>l<supplied>[e]</supplied>re<anchor xml:id="l17a4"/>.</l>
         </lg>
      </body>
      
      <back>
         
         <listWit> 
            <witness xml:id="Fp">
               <ref type="siglum" target="#Fp">Fp</ref>
               <locus>c. 7r</locus>, <abbr xml:id="FpC">C</abbr> (vv. 1-5), <abbr xml:id="FpT">T</abbr> (vv. 1-5), <hi rend="italic">resid.</hi> (vv. 6-17): <hi rend="italic">m(agister) f(ranciscus)</hi>
            </witness>
            <witness xml:id="Sq">
               <ref type="siglum" target="#Sq">Sq</ref>
               <locus>c. 148v</locus>, <abbr xml:id="SqC">C</abbr> (vv. 1-5), <abbr xml:id="SqT">T</abbr> (vv. 1-5), <hi rend="italic">resid.</hi> (vv. 8-10): <hi rend="italic">magister franciscus cecus horghanista de florentia</hi>
            </witness>
            <witness xml:id="Pit">
               <ref type="siglum" target="#Pit">Pit</ref>
               <locus>cc. 68v-69r</locus>, <abbr xml:id="PitC">C</abbr> (vv. 1-5), <abbr xml:id="PitT">T</abbr> (vv. 1-5), <hi rend="italic">resid.</hi> (vv. 6-10): <hi rend="italic">fra(n)c(iscus)</hi>
            </witness>
            <witness xml:id="SL">
               <ref type="siglum" target="#SL">SL</ref>
               <locus>c. 106v</locus>, <abbr xml:id="SLC">C</abbr> (vv. 1-7), <abbr xml:id="SLT">T</abbr> (vv. 1-5), <hi rend="italic">resid.</hi> (vv. 8-10): <hi rend="italic">item f(ranciscus)</hi>
            </witness>
            <witness xml:id="Mg3">
               <ref type="siglum" target="#Mg3">Mg3</ref>
               <locus>c. 48v</locus> (vv. 1-10)
            </witness>
            <witness xml:id="D1">
               <ref type="siglum" target="#D1">D1</ref>
               <locus>c. 15v</locus>(vv. 1-5, trascritti due volte nella prima copia D1<hi rend="super">A</hi> D1<hi rend="super">B</hi>
               , e una volta nella seconda D1<hi rend="super">C</hi>, vv. 6-10 trascritti una volta nella prima copia D1<hi rend="super">A</hi>
               e una volta nella seconda D1<hi rend="super">C</hi>; cfr. Calvia 2020b):
               <hi rend="italic">ballate di francescho degli orghani</hi>
            </witness>
         </listWit>
         
         <listApp type="substantial">
            <listApp>
               <head>2</head>
               <app from="#l2a1" to="#l2a2">
                  <lem>porson</lem>
                  <rdg>porso
                     <wit><ref target="#PitC">Pit<hi rend="super">C</hi></ref></wit>
                  </rdg>
               </app>
            </listApp>
            <listApp>
               <head>3</head>
               <app from="#l3a1" to="#l3a2">
                  <lem>non</lem>
                  <rdg>enon
                     <wit><ref target="#D1B">D1<hi rend="super">B</hi></ref></wit>
                  </rdg>
               </app>
               <app from="#l3a3" to="#l3a4">
                  <lem>Amorẹ</lem>
                  <rdg>amor
                     <wit><ref type="siglum" target="#Fp">Fp</ref></wit>
                     <wit><ref target="#Sq">Sq</ref></wit>
                     <wit><ref target="#Pit">Pit</ref></wit>
                     <wit><ref type="siglum" target="#SL">SL</ref></wit>
                     <wit><ref target="#Mg3">Mg3</ref></wit>
                     <wit><ref target="#D1A">D1<hi rend="super">A</hi></ref></wit></rdg>
                  <rdg>amore
                     <wit><ref target="#D1B">D1<hi rend="super">B</hi></ref></wit>
                     <wit><ref target="#D1C">D1<hi rend="super">C</hi></ref></wit></rdg>
               </app>
               <app from="#l3a5" to="#l3a6">
                  <lem>fan</lem>
                  <rdg>fa
                     <wit><ref target="#SLT">SL<hi rend="super">T</hi></ref></wit>
                     <wit><ref target="#D1C">D1<hi rend="super">C</hi></ref></wit></rdg>
               </app>
            </listApp>
            <listApp>
               <head>4</head>
               <app from="#l4a1" to="#l4a2">
                  <lem>Vana</lem>
                  <rdg wit="#Fp #Pit #Mg3">uaga</rdg>
               </app>
               <app from="#l4a3" to="#l4a4">
                  <lem>speranç’, Amor</lem>
                  <rdg>sperança camor
                     <wit><ref target="#SLC">SL<hi rend="super">C</hi></ref></wit>
                  </rdg>
                  <rdg wit="#Mg3">speranza muor Mg3</rdg>
                  <rdg>speranza amir <unclear>(?)</unclear>
                     <wit><ref target="#D1C">D1<hi rend="super">C</hi></ref></wit>
                  </rdg>
               </app>
            </listApp>
            <listApp>
               <head>5</head>
               <app from="#l5a1" to="#l5a2">
                  <lem>con… vista</lem>
                  <rdg><hi rend="italic">om.</hi>
                     <wit><ref target="#D1B">D1<hi rend="super">B</hi></ref></wit>
                  </rdg>
               </app>
            </listApp>
            <listApp>
               <head>6</head>
               <app from="#l6a1" to="#l6a2">
                  <lem>m’à</lem>
                  <rdg wit="#Mg3">sia</rdg>
               </app>
            </listApp>
            <listApp>
               <head>7</head>
               <app from="#l7a1" to="#l7a2">
                  <lem>non</lem>
                  <rdg wit="#Mg3">don</rdg>
                  <rdg>onor
                     <wit><ref target="#D1C">D1<hi rend="super">C</hi></ref></wit>
                  </rdg>
               </app>
               <app from="#l7a3" to="#l7a4">
                  <lem>m’aquista</lem>
                  <rdg>saquista
                     <wit><ref target="#D1C">D1<hi rend="super">C</hi></ref></wit>
                  </rdg>
               </app>
            </listApp>
            <listApp>
               <head>8</head>
               <app from="#l8a1" to="#l8a2">
                  <lem>Sempre</lem>
                  <rdg>onde
                     <wit><ref target="#Sq">Sq</ref></wit>
                     <wit><ref target="#Pit">Pit</ref></wit>
                     <wit><ref type="siglum" target="#SL">SL</ref></wit>
                     <wit><ref target="#D1A">D1<hi rend="super">A</hi></ref></wit>
                  </rdg>
                  <rdg>ondio
                     <wit><ref target="#Mg3"></ref></wit>
                     <wit><ref target="#D1C">D1<hi rend="super">C</hi></ref></wit>
                  </rdg>
               </app>
            </listApp>
            <listApp>
               <head>9</head>
               <app from="#l9a1" to="#l9a2">
                  <lem>di</lem>
                  <rdg>del
                     <wit><ref target="#D1C">D1<hi rend="super">C</hi></ref></wit>
                  </rdg>
               </app>
            </listApp>
            <listApp>
               <head>10</head>
               <app from="#l10a1" to="#l10a2">
                  <lem>ché</lem>
                  <rdg>e
                     <wit><ref target="#Sq">Sq</ref></wit>
                     <wit><ref target="#Pit">Pit</ref></wit>
                     <wit><ref type="siglum" target="#SL">SL</ref></wit>
                     <wit><ref target="#Mg3">Mg3</ref></wit>
                     <wit><ref target="#D1A">D1<hi rend="super">A</hi></ref></wit></rdg>
                  <rdg>per
                     <wit><ref target="#D1C">D1<hi rend="super">C</hi></ref></wit></rdg>
               </app>
               <app from="#l10a3" to="#l10a4">
                  <lem>ch’ann’</lem>
                  <rdg wit="#"></rdg>
                  <rdg>con
                     <wit><ref target="#"><hi rend="super"></hi></ref></wit>
                  </rdg>
               </app>
               <app from="#l10a5" to="#l10a6">
                  <lem>Amorẹ</lem>
                  <rdg wit="#Fp #SL #D1">amore</rdg>
                  <rdg wit="#Sq #Pit #Mg3">amor</rdg>
               </app>
               <app from="#l10a7" to="#l10a8">
                  <lem>può</lem>
                  <rdg wit="#Fp"/>
               </app>
            </listApp>
            <listApp>
               <head>12</head>
               <app from="#l12a1" to="#l12a2">
                  <lem>le</lem>
                  <rdg wit="#Fp">la</rdg>
               </app>
            </listApp>
            <listApp>
               <head>15</head>
               <app from="#l15a1" to="#l15a2">
                  <lem>parer</lem>
                  <rdg wit="#Fp">parere</rdg>
               </app>
            </listApp>
            <listApp>
               <head>17</head>
               <app from="#l17a1" to="#l17a2">
                  <lem>muorẹ</lem>
                  <rdg wit="#Fp">muore</rdg>
               </app>
               <app from="#l17a3" to="#l17a4">
                  <lem>volere</lem>
                  <rdg wit="#Fp">ualore</rdg>
               </app>
            </listApp>
         </listApp>
         
         <listApp type="formal">
            <listApp>
               <head>1</head>
               <app from="#l1a1" to="#l1a2">
                  <lem>occhi</lem>
                  <rdg>ochi
                     <wit><ref target="#FpT">Fp<hi rend="super">T</hi></ref></wit>
                     <wit><ref target="#Sq">Sq</ref></wit>
                     <wit><ref target="#Pit">Pit</ref></wit>
                     <wit><ref type="siglum" target="#SL">SL</ref></wit>
                     <wit><ref target="#Mg3">Mg3</ref></wit>
                     <wit><ref target="#D1">D1</ref></wit></rdg>
               </app>
               <app from="#l1a3" to="#l1a4">
                  <lem>’n</lem>
                  <rdg>in
                     <wit><ref target="#SqC">Sq<hi rend="super">C</hi></ref></wit>
                     <wit><ref target="#SLC">SL<hi rend="super">C</hi></ref></wit>
                     <wit><ref target="#Mg3">Mg3</ref></wit></rdg>
               </app>
            </listApp>
            <listApp>
               <head>2</head>
               <app from="#l2a3" to="#l2a4">
                  <lem>dentr’</lem>
                  <rdg>drent
                     <wit><ref target="#PitT">Pit<hi rend="super">T</hi></ref></wit></rdg>
                  <rdg>dentro
                     <wit><ref target="#Mg3">Mg3</ref></wit>
                     <wit><ref target="#D1C">D1<hi rend="super">C</hi></ref></wit></rdg>
               </app>
            </listApp>
            <listApp>
               <head>3</head>
               <app from="#l3a7" to="#l3a8">
                  <lem>seguitand’</lem>
                  <rdg>seguitando                     
                     <wit><ref target="#Sq">Sq</ref></wit>
                     <wit><ref target="#Pit">Pit</ref></wit>
                     <wit><ref type="siglum" target="#SL">SL</ref></wit>
                     <wit><ref target="#Mg3">Mg3</ref></wit>
                     <wit><ref target="#D1A">D1<hi rend="super">A</hi></ref></wit>
                     <wit><ref target="#D1B">D1<hi rend="super">B</hi></ref></wit></rdg>
               </app>
            </listApp>
            <listApp>
               <head>4</head>
               <app from="#l4a3" to="#l4a5">
                  <lem>speranç’</lem>
                  <rdg>speranza
                     <wit><ref target="#D1A">D1<hi rend="super">A</hi></ref></wit>
                     <wit><ref target="#D1B">D1<hi rend="super">B</hi></ref></wit></rdg>
               </app>
               <app from="#l4a6" to="#l4a7">
                  <lem>passato</lem>
                  <rdg>pasato
                     <wit><ref target="#D1A">D1<hi rend="super">A</hi></ref></wit>
                  </rdg>
               </app>
            </listApp>
            <listApp>
               <head>5</head>
               <app from="#l5a3" to="#l5a4">
                  <lem>tempo</lem>
                  <rdg>tenpo
                     <wit><ref target="#PitC">Pit<hi rend="super">C</hi></ref></wit>
                     <wit><ref target="#D1A">D1<hi rend="super">A</hi></ref></wit></rdg>
               </app>
               <app from="#l5a5" to="#l5a6">
                  <lem>mostronmi</lem>
                  <rdg>mostromi
                     <wit><ref target="#PitC">Pit<hi rend="super">C</hi></ref></wit>
                     <wit><ref target="#SLT">SL<hi rend="super">T</hi></ref></wit>
                     <wit><ref target="#D1A">D1<hi rend="super">A</hi></ref></wit>
                     <wit><ref target="#D1C">D1<hi rend="super">C</hi></ref></wit></rdg>
               </app>
               <app from="#l5a1" to="#l5a7">
                  <lem>con</lem>
                  <rdg>co
                     <wit><ref target="#PitC">Pit<hi rend="super">C</hi></ref></wit></rdg>
               </app>
            </listApp>
            <listApp>
               <head>6</head>
               <app from="#l6a3" to="#l6a4">
                  <lem>forçe</lem>
                  <rdg>forze
                     <wit><ref target="#Mg3">Mag3</ref></wit>
                     <wit><ref target="#D1A">D1<hi rend="super">A</hi></ref></wit></rdg>
               </app>
               <app from="#l6a5" to="#l6a6">
                  <lem>sue</lem>
                  <rdg wit="#Pit">suo</rdg>
               </app>
            </listApp>
            <listApp>
               <head>7</head>
               <app from="#l7a5" to="#l7a6">
                  <lem>ma’</lem>
                  <rdg>mai
                     <wit><ref target="#Sq">Sq</ref></wit>
                     <wit><ref target="#Pit">Pit</ref></wit>
                     <wit><ref target="#SLC">SL<hi rend="super">C</hi></ref></wit>
                     <wit><ref target="#Mg3">Mag3</ref></wit></rdg>
               </app>
            </listApp>
            <listApp>
               <head>9</head>
               <app from="#l9a3" to="#l9a4">
                  <lem>e</lem>
                  <rdg wit="#Sq #Pit">et</rdg>
               </app>
               <app from="#l9a5" to="#l9a6">
                  <lem>muorsi</lem>
                  <rdg wit="#Sq">morsi</rdg>
               </app>
            </listApp>
            <listApp>
               <head>10</head>
               <app from="#l10a9" to="#l10a10">
                  <lem>occhi</lem>
                  <rdg wit="#Sq #Pit #SL #Mg3 #D1">ochi</rdg>
               </app>
               <app from="#l10a7" to="#l10a8">
                  <lem>può</lem>
                  <rdg wit="#Mg3">po</rdg>
               </app>
            </listApp>
         </listApp>
         
         <div type="metricalScheme">
            <p>
               Ballata mezzana 10’z 6’y (6’y)10’z; 10’a 10’b, 10’a 10’b; 10’b 6’y (6’y)10’z.
            </p>
            <p>
               <hi rend="italic">Pagnotta</hi> 109 : 1.
            </p>
            <p>
               Rima interna identica ai vv. 3 : 10; rima ricca ai vv. 3 : 17.
            </p>
         </div>
         
         <listBibl type="editions">
            <bibl corresp="#Corsi1970">
               Corsi 1970, p. 178.
            </bibl>
         </listBibl>
         
         <div type="commentary">
            <note target="#l4">
               <num>4.</num>
               La lezione <hi rend="italic">vaga</hi> permetterebbe di comporre il <hi rend="italic">senhal</hi> <hi rend="italic">Gaspera</hi>, tuttavia questo <hi rend="italic">senhal</hi>
               non risulta altrimenti attestato e la lezione di Fp Pit Mg3 è sospetta di essere un anticipo dal verso seguente. Corsi stampa «speranz’amor che» commentando «Non intendo “amor” vocativo e gli dò il significato, che ha anche nel Petrarca
               (p. es. <hi rend="italic">RVF</hi> CVIII, 2; CXXIX, 36 ecc.) e in altri poeti, di “donna amata”; ed interpreto: “la vana speranza di amarmi, che col suo bell’aspetto la mia donna mi dimostrò nel tempo passato, mi ha legato”, ecc.».
               Sulla scorta di Ageno si preferisce intendere <hi rend="italic">Amor</hi> come vocativo e <hi rend="italic">vana speranza</hi> come soggetto,
               dato che «Per quanto non siano rare in queste poesie inversioni e prolessi quando è in giuoco una relativa, non pare che si possa fare “Amor che... mostrommi” equivalente a “che Amor... mostrommi” (tanto più che la strana inversione non sarebbe giustificata neppure da necessità di versificazione)».
            </note>
            <note target="#l5">
               <num>5.</num>
               <hi rend="italic">mostronmi</hi>:
               ‘mi si mostrò’ (cfr. Ageno 1975a che rimanda ad Ageno 1964, pp. 153-8).
            </note>
            <note target="#l8">
               <num>8.</num>
               La congiunzione consecutiva <hi rend="italic">onde</hi> risulta poco coerente con il contesto.
            </note>
            <note target="#l10">
               <num>10.</num>
               Sq Pit SL Mg3 D1<hi rend="super">A</hi> sono accomunati da una lezione banalizzante. È poco probabile che il sintagma «ch’ànn’ Amore» contenga il <hi rend="italic">senhal Anna</hi>, data la posizione non marcata all’interno del testo.
            </note>
            <note target="#l12">
               <num>12.</num>
               <hi rend="italic">le</hi>:
               l’emendamento, richiesto dal senso, è già in Corsi.
            </note>
            <note target="#l17">
               <num>17.</num>
               <hi rend="italic">volere</hi>:
               l’emendamento, richiesto dalla rima e dal senso, è già in Corsi.
            </note>            
         </div>
         
         <listBibl type="bibliography">
            <bibl corresp="#Ageno1964">Ageno 1964;</bibl>
            <bibl corresp="#Ageno1975a">Ageno 1975a;</bibl>
            <bibl corresp="#Calvia2020b">Calvia 2020b.</bibl>
         </listBibl>
         
         <listBibl type="editionsBibliography">
            <bibl xml:id="Corsi1970">
               <hi rend="italic">Poesie musicali del Trecento</hi>, a cura di G. Corsi, Bologna, Commissione per i testi di lingua, 1970 (Collezione di opere inedite o rare, 131)
            </bibl>
            <bibl xml:id="Ageno1964">
               Franca Ageno, <hi rend="italic">Il Verbo nell' italiano antico. Ricerche di sintassi</hi>, Milano - Napoli, Riccardo Ricciardi Editore, 1964
            </bibl>
            <bibl xml:id="Ageno1975a">
               Franca Ageno, rec. a G. Corsi, <hi rend="italic">Poesie musicali del Trecento</hi>, in «Romance Philology», 28 (1975), pp. 696-706
            </bibl>
            <bibl xml:id="Calvia2020b">
               Antonio Calvia, <hi rend="italic">Nuove tracce arsnovistiche dal Fondo Datini: la più antica testimonianza databile dell’opera di Francesco degli Organi (Landini)</hi>, in «Textus &amp; Musica», 2 (2020)
            </bibl>
         </listBibl>
      </back>
   </text>
</TEI>
