<?xml version="1.0" encoding="UTF-8"?>
<?xml-model href="http://www.tei-c.org/release/xml/tei/custom/schema/relaxng/tei_all.rng" type="application/xml" schematypens="http://relaxng.org/ns/structure/1.0"?>
<?xml-model href="http://www.tei-c.org/release/xml/tei/custom/schema/relaxng/tei_all.rng" type="application/xml"
	schematypens="http://purl.oclc.org/dsdl/schematron"?>
<TEI xmlns="http://www.tei-c.org/ns/1.0">
   <teiHeader>
      <fileDesc>
         <titleStmt>
            <title>Helas, Avril, par ton doulz revenir</title>
            <respStmt>
               <resp>Digital scholarly edition created within the ERC</resp>
               <orgName><ref target="https://www.europeanarsnova.eu/">European Ars Nova</ref> project.</orgName>
            </respStmt>
            <respStmt>
                <resp>Edited by</resp>
                <name>Maria Sofia Lannutti</name> 
            </respStmt>
            <respStmt>
                <resp>Revised by</resp>
                <name>Luca Gatti</name>
            </respStmt>
             <respStmt>
                <resp>TEI-encoded by</resp>
                <name>Letizia Ricci</name>
            </respStmt>
         </titleStmt>
         <publicationStmt>
            <p></p>
            <!--publisher>Edizioni del Galluzzo</publisher>
            <pubPlace>Firenze, Italia</pubPlace>
            <date>2021</date>
            <availability>
               <p>L'edizione è disponibile su licenza.</p>
            </availability>
            <idno type="ISBN">ISBN</idno>
            <idno type="DOI">DOI</idno>
            <idno type="URI">permalink della scheda ANT</idno-->
         </publicationStmt>
         <sourceDesc>
            <p></p>
         </sourceDesc>
      </fileDesc>
      <encodingDesc>
         <variantEncoding method="double-end-point" location="internal"/>
      </encodingDesc>
   </teiHeader>
    <text>
        <!-- <front>
            <div>
            </div>
        </front> -->
      <body>
         <lg>
            <l xml:id="l1">
                Helas, Avril, par ton doulz revenir
            </l>
            <l xml:id="l2">
                j’ay de dolour plus que dire ne say!
            </l>
            <l xml:id="l3">
                Quant si te voy, joli, novel et gay.
            </l>
            <l xml:id="l4">
                de flours vestus, en joye sans esmay,
            </l>
            <l xml:id="l5" n="5">
                plain d’odours, de lÿesse, et je n’en ay
            </l>
            <l xml:id="l6">
                que desir, sovenir, plaindre et <anchor xml:id="l6a1"/>l[a]rmir<anchor xml:id="l6a2"/>.
            </l>
        </lg>
        <lg>
            <l xml:id="l7">
                Bien me seroit la mort douce <anchor xml:id="l7a1"/>as[ou]vir<anchor xml:id="l7a2"/>
            </l>
            <l xml:id="l8">
                en ta sayson, pour ma vie deffenir,
            </l>
            <l xml:id="l9">
                maulgré Fortune et son povoir,
            </l>
            <l xml:id="l10" n="10">
                ne d’aultre cose moy <anchor xml:id="l10a1"/>gr[a]ïst<anchor xml:id="l10a2"/> choisir,
            </l>
            <l xml:id="l11">
                des que ma dame en toy ne puis veïr,
            </l>
            <l xml:id="l12">
                fors que <anchor xml:id="l12a1"/>[c]elle<anchor xml:id="l12a2"/> une, et c’est de voir,
            </l>
            <l xml:id="l13">
                tant plus de mal je sueffre a toy veïr,
            </l>
            <l xml:id="l14">
                qui me demayne sans faire delay.
            </l>
            <l xml:id="l15" n="15">
                En grant languor, ainsi vif et vivray,
            </l>
            <l xml:id="l16">
                jusques a tant que son gent corps veray,
            </l>
            <l xml:id="l17">
                pour ce d’<anchor xml:id="l17a1"/>e[s]may a[in]si<anchor xml:id="l17a2"/> m’en complaindray,
            </l>
            <l xml:id="l18">
                tant que pitié me viegne secourir.
            </l>
        </lg>
      </body>
      <back>
         <listWit>
            <witness xml:id="MoA">
                <ref type="siglum" target="#MoA">MoA</ref>
                c. <locus>46r</locus>, <abbr xml:id="MoAC">C</abbr> (vv. 1-10), <hi rend="italic">resid.</hi>(vv. 11-18): <hi rend="italic">idem [c. 42r: m(attheus) de p(er)usio]</hi>
            </witness>
         </listWit>
         <listApp type="substantial">
            <listApp>
                <head>6</head>
                <app from="#l6a1" to="#l6a2">
                    <lem>larmir</lem>
                    <rdg wit="#MoA">lermir </rdg>
                </app>
            </listApp>
            <listApp>
                <head>7</head>
                <app from="#l7a1" to="#l7a2">
                    <lem>assouvir</lem>
                    <rdg wit="#MoA">a suir </rdg>
                </app>
            </listApp>
            <listApp>
                <head>10</head>
                <app from="#l10a1" to="#l10a2">
                    <lem>graïst</lem>
                    <rdg wit="#MoA">greist </rdg>
                </app>
            </listApp>
            <listApp>
                <head>12</head>
                <app from="#l12a1" to="#l12a2">
                    <lem>celle</lem>
                    <rdg wit="#MoA">delle </rdg>
                </app>
            </listApp>
            <listApp>
                <head>17</head>
                <app from="#l17a1" to="#l17a2">
                    <lem>esmay ansi</lem>
                    <rdg wit="#MoA">emay ausi </rdg>
                </app>
            </listApp>
        </listApp>
         <div type="metricalScheme">
            <p>
                <hi rend="italic">Virelai</hi> 10a 10b 10b 10b 10b 10a; 10a 10a 8b, 10a 10a 8b; 10a 10b 10b 10b 10b 10a.
            </p>
            <p>
                Rima identica ai vv. 10 : 13.
            </p>
         </div>
         <listBibl type="editions">
            <bibl corresp="#Apel-Rosenberg1970">
                Apel-Rosenberg 1970, p. <hi rend="small-caps">lviii</hi>.
            </bibl>
         </listBibl>
         <!--listBibl type="bibliography">
            <bibl>
               <relatedItem>
                  <bibl>Riferimento bibliografico completo</bibl>
               </relatedItem>
            </bibl>
         </listBibl-->
          <div type="commentary">
            <note target="#l7">
                <num>7.</num>
                <p><hi rend="italic">assouvir</hi>: ‘appagamento’, infinito sostantivato.</p>
            </note>
            <note target="#l10">
                <num>10.</num>
                <p><hi rend="italic">graïst</hi>: il lemma <hi rend="italic">graïr</hi>, equivalente dell’occ. <hi rend="italic">grazir</hi>, è voce dell’a. fr. non compresa nel DMF.</p>
            </note>
            <note target="#l12">
                <num>12.</num>
                <p><hi rend="italic">celle une</hi>: <hi rend="italic">la mort</hi> al v. 7.</p>
            </note>
            <note target="#l13">
                <num>13.</num>
                <p><hi rend="italic">toy</hi>: <hi rend="italic">Avril.</hi></p>
            </note>
            <note target="#l14">
                <num>14.</num>
                <p><hi rend="italic">qui</hi>: riferito a <hi rend="italic">mal</hi> del v. precedente.</p>
            </note>
            <note target="#l17">
                <num>17.</num>
                <p><hi rend="italic">esmay</hi>: in rima al v. 4.</p>
            </note>
         </div>
         <listBibl type="editionsBibliography">
            <bibl xml:id="Apel-Rosenberg1970">
                <hi rend="italic">French Secular Compositions of the Fourteenth Century: Vol. I, Ascribed Compositions</hi>, ed. by W. Apel, edition of the literary texts by S. N. Rosenberg, Roma, American Institute of Musicology, 1970 (CMM, 53/1).
            </bibl>
         </listBibl>
      </back>
   </text>
</TEI>
