<?xml version="1.0" encoding="UTF-8"?>
<?xml-model href="http://www.tei-c.org/release/xml/tei/custom/schema/relaxng/tei_all.rng" type="application/xml" schematypens="http://relaxng.org/ns/structure/1.0"?>
<?xml-model href="http://www.tei-c.org/release/xml/tei/custom/schema/relaxng/tei_all.rng" type="application/xml"
	schematypens="http://purl.oclc.org/dsdl/schematron"?>
<TEI xmlns="http://www.tei-c.org/ns/1.0">
   <teiHeader>
      <fileDesc>
         <titleStmt>
            <title>Helas, que feray je maintenant?</title>
            <respStmt>
               <resp>Digital scholarly edition created within the ERC</resp>
               <orgName><ref target="https://www.europeanarsnova.eu/">European Ars Nova</ref> project.</orgName>
            </respStmt>
            <respStmt>
                <resp>Edited by</resp>
                <name>Maria Sofia Lannutti</name> 
            </respStmt>
            <respStmt>
                <resp>Revised by</resp>
                <name>Luca Gatti</name>
            </respStmt>
             <respStmt>
                <resp>TEI-encoded by</resp>
                <name>Letizia Ricci</name>
            </respStmt>
         </titleStmt>
         <publicationStmt>
            <p></p>
            <!--publisher>Edizioni del Galluzzo</publisher>
            <pubPlace>Firenze, Italia</pubPlace>
            <date>2021</date>
            <availability>
               <p>L'edizione è disponibile su licenza.</p>
            </availability>
            <idno type="ISBN">ISBN</idno>
            <idno type="DOI">DOI</idno>
            <idno type="URI">permalink della scheda ANT</idno-->
         </publicationStmt>
         <sourceDesc>
            <p></p>
         </sourceDesc>
      </fileDesc>
      <encodingDesc>
         <variantEncoding method="double-end-point" location="internal"/>
      </encodingDesc>
   </teiHeader>
    <text>
        <!-- <front>
            <div>
            </div>
        </front> -->
      <body>
         <lg>
            <l xml:id="l1">
                Helas, que feray je maintenant?
            </l>
            <l xml:id="l2">
                Car ma dame ne me veult aider,
            </l>
            <l xml:id="l3">
                pour bien faire ne pour ly prïer,
            </l>
            <l xml:id="l4">
                ne pour estre son loyaul servant.
            </l>
        </lg>
        <lg>
            <l xml:id="l5" n="5">
                Si la requier <anchor xml:id="l5a1"/>[je] <anchor xml:id="l5a2"/> d’amour sovant
            </l>
            <l xml:id="l6">
                qu’ela me vueille sa foy donner,
            </l>
            <l xml:id="l7">
                mes je voy bien <anchor xml:id="l7a1"/>[et] <anchor xml:id="l7a2"/> certaynemant
            </l>
            <l xml:id="l8">
                que jamais ne me vouldra amer.
            </l>
            <l xml:id="l9">
                Plaindre me doy dolereusemant,
            </l>
            <l xml:id="l10" n="10">
                car mon cuer ne puis pas deslïer,
            </l>
            <l xml:id="l11">
                ne son amour vueil point oblïer:
            </l>
            <l xml:id="l12">
                mon lay diray tout en soupirant.
            </l>
        </lg>
      </body>
      <back>
         <listWit>
            <witness xml:id="MoA">
                <ref type="siglum" target="#MoA">MoA</ref>
                c. <locus>42r</locus>, <abbr xml:id="MoAC">C</abbr> (vv. 1-8), <hi rend="italic">resid.</hi>(vv. 9-12): <hi rend="italic">idem [c. 42r: m(attheus) de p(er)usio]</hi>
            </witness>
         </listWit>
         <listApp type="substantial">
            <listApp>
                <head>5</head>
                <app from="#l5a1" to="#l5a2">
                    <lem>je</lem>
                    <rdg wit="#MoA"/>
                </app>
            </listApp>
            <listApp>
                <head>7</head>
                <app from="#l7a1" to="#l7a2">
                    <lem>et</lem>
                    <rdg wit="#MoA"/>
                </app>
            </listApp>
         </listApp>
         <div type="metricalScheme">
            <p>
                <hi rend="italic">Virelai</hi> 9a 9b 9b 9a; 9a 9b, 9a 9b; 9a 9b 9b 9a.
            </p>
         </div>
         <listBibl type="editions">
            <bibl corresp="#Apel-Rosenberg1970">
                Apel-Rosenberg 1970, p. <hi rend="small-caps">lix</hi>.
            </bibl>
         </listBibl>
         <!--listBibl type="bibliography">
            <bibl>
               <relatedItem>
                  <bibl>Riferimento bibliografico completo</bibl>
               </relatedItem>
            </bibl>
         </listBibl-->
          <!-- <div type="commentary">
            <note target="#">
                <num></num>
                <p></p>
            </note>
         </div> -->
         <listBibl type="editionsBibliography">
            <bibl xml:id="Apel-Rosenberg1970">
                <hi rend="italic">French Secular Compositions of the Fourteenth Century: Vol. I, Ascribed Compositions</hi>, ed. by W. Apel, edition of the literary texts by S. N. Rosenberg, Roma, American Institute of Musicology, 1970 (CMM, 53/1).
            </bibl>
         </listBibl>
      </back>
   </text>
</TEI>
