<?xml version="1.0" encoding="UTF-8"?>
<?xml-model href="http://www.tei-c.org/release/xml/tei/custom/schema/relaxng/tei_all.rng" type="application/xml" schematypens="http://relaxng.org/ns/structure/1.0"?>
<?xml-model href="http://www.tei-c.org/release/xml/tei/custom/schema/relaxng/tei_all.rng" type="application/xml"
	schematypens="http://purl.oclc.org/dsdl/schematron"?>
<TEI xmlns="http://www.tei-c.org/ns/1.0">
   <teiHeader>
      <fileDesc>
         <titleStmt>
            <title>I’ mi son un che per le frasc’ andando</title>
            <respStmt>
               <resp>Digital scholarly edition created within the ERC</resp>
               <orgName><ref target="https://www.europeanarsnova.eu/">European Ars Nova</ref> project.</orgName>
            </respStmt>
            <respStmt>
                <resp>Edited by</resp>
                <name>Maria Sofia Lannutti</name> 
            </respStmt>
            <respStmt>
                <resp>Revised by</resp>
                <name>Luca Gatti</name>
            </respStmt>
             <respStmt>
                <resp>TEI-encoded by</resp>
                <name>Letizia Ricci</name>
            </respStmt>
         </titleStmt>
         <publicationStmt>
            <p></p>
            <!--publisher>Edizioni del Galluzzo</publisher>
            <pubPlace>Firenze, Italia</pubPlace>
            <date>2021</date>
            <availability>
               <p>L'edizione è disponibile su licenza.</p>
            </availability>            
            <idno type="ISBN">ISBN</idno>
            <idno type="DOI">DOI</idno>
            <idno type="URI">permalink della scheda ANT</idno-->
         </publicationStmt>
         <sourceDesc>
            <p></p>
         </sourceDesc>
      </fileDesc>
      <encodingDesc>
         <variantEncoding method="double-end-point" location="internal"/>
      </encodingDesc>
   </teiHeader>
    <text>
        <!-- <front>
            <div>
            </div>
        </front> -->
      <body>
         <lg>
            <l xml:id="l1">
                <anchor xml:id="l1a1"/>I’<anchor xml:id="l1a2"/> mi<anchor xml:id="l1a3"/> son<anchor xml:id="l1a4"/> un <anchor xml:id="l1a5"/>che per <anchor xml:id="l1a6"/>le<anchor xml:id="l1a7"/> frasc’ andando<anchor xml:id="l1a8"/>
            </l>
            <l xml:id="l2">
                vo pur cercando     <anchor xml:id="l2a3"/>e’<anchor xml:id="l2a4"/> dilettosi <anchor xml:id="l2a1"/>fiori<anchor xml:id="l2a2"/>,
            </l>
            <l xml:id="l3">
                <anchor xml:id="l3a1"/>per far<anchor xml:id="l3a2"/> ghirlandʼ a·<anchor xml:id="l3a4"/>mme<anchor xml:id="l3a5"/> di<anchor xml:id="l3a6"/> novi<anchor xml:id="l3a7"/> odori.
            </l>
            <l xml:id="l4">
                <anchor xml:id="l4a1"/>Dellʼ<anchor xml:id="l4a2"/>altrui fronde mai non <anchor xml:id="l4a3"/>cheço<anchor xml:id="l4a4"/> lʼombra,
            </l>
            <l xml:id="l5" n="5">
                ançi mʼingombra     <anchor xml:id="l5a1"/>lʼaltrui penser<anchor xml:id="l5a2"/> vile<anchor xml:id="l5a3"/>,
            </l>
            <l xml:id="l6">
                che veste sua viltà <anchor xml:id="l6a1"/>de lʼaltrui<anchor xml:id="l6a2"/> stile<anchor xml:id="l6a3"/>.
            </l>
        </lg>
        <lg>
            <l xml:id="l7">
                <anchor xml:id="l7a3"/>Così <anchor xml:id="l7a1"/>sʼaquista<anchor xml:id="l7a2"/> la fronde <anchor xml:id="l7a4"/>gradita<anchor xml:id="l7a5"/>
            </l>
            <l xml:id="l8">
                <anchor xml:id="l8a1"/>dellʼ<anchor xml:id="l8a2"/>arbor<anchor xml:id="l8a3"/> verde che non teme <anchor xml:id="l8a4"/>sita<anchor xml:id="l8a5"/>.
            </l>
        </lg>
        <lg>
            <l xml:id="l9">
                <anchor xml:id="l9a1"/>Corvo<anchor xml:id="l9a2"/>, che <anchor xml:id="l9a3"/>di<anchor xml:id="l9a4"/> paon veste la penna,
            </l>
            <l xml:id="l10" n="10">
                fraʼ papagalʼ <anchor xml:id="l10a1"/>con<anchor xml:id="l10a2"/> vergogna <anchor xml:id="l10a3"/>si<anchor xml:id="l10a4"/> spenna.
            </l>
        </lg>
      </body>
      <back>
         <listWit>
            <witness xml:id="Sq">
                <ref type="siglum" target="#Sq">Sq</ref>
                cc. <locus>17v-18r</locus>, <abbr xml:id="SqC">C</abbr> (vv. 1-3 e 7-8), <abbr xml:id="SqT">T</abbr> (vv. 1-3 e 7-10), <hi rend="italic">resid.</hi> (vv. 4-6): <hi rend="italic">magister iacobus de bononia</hi>
            </witness>
            <witness xml:id="R">
                <ref type="siglum" target="#R">R</ref>
                c. <locus>8r</locus>, <abbr xml:id="RC">C</abbr> (vv. 1-3 e 7-8), <hi rend="italic">resid.</hi> (vv. 4-6)
            </witness>
            <witness xml:id="Fp">
                <ref type="siglum" target="#Fp">Fp</ref>
                c. <locus>64v</locus>, <abbr xml:id="FpC">C</abbr> (vv. 1-3 e 7-8), <abbr xml:id="FpT">/</abbr> (vv. 1-3 e 7-10),<hi rend="italic">resid.</hi> (vv. 4-6): <hi rend="italic">m(agister) jacopo da bolo(nia)</hi>
            </witness>
            <witness xml:id="SL">
                <ref type="siglum" target="#SL">SL</ref>
                c. <locus>3v</locus>, <abbr xml:id="SLC">C</abbr> (vv. 1-3 e 7-8), <abbr xml:id="SLT">T</abbr> (vv. 1-3 e 7-10), <hi rend="italic">resid.</hi> (vv. 4-6): <hi rend="italic">iacobus.</hi>. Testo quasi completamente illeggibile.
            </witness>
         </listWit>
         <listApp type="substantial">
            <listApp>
                <head>2</head>
                <app from="#l2a1" to="#l2a2">
                   <lem>fiori</lem>
                   <rdg>fiuri <wit><ref corresp="#RT">R<hi rend="super">T</hi></ref></wit></rdg>
                </app>
            </listApp>
            <listApp>
                <head>6</head>
                <app from="#l6a1" to="#l6a2">
                    <lem>de lʼaltrui</lem>
                    <rdg>da laltrui <wit><ref corresp="#SqC">Sq<hi rend="super">C</hi></ref></wit></rdg>
                    <rdg>daltrui <wit><ref corresp="#SqT">Sq<hi rend="super">T</hi></ref></wit></rdg>
                </app>
            </listApp>
            <listApp>
                <head>7</head>
                <app from="#l7a1" to="#l7a2">
                    <lem>sʼaquista</lem>
                    <rdg wit="#Fp">aquista </rdg>
                </app>
            </listApp>
            <listApp>
                <head>10</head>
                <app from="#l10a1" to="#l10a2">
                    <lem>con</lem>
                    <rdg wit="#Fp">in </rdg>
                </app>
            </listApp>
         </listApp>
         <listApp type="formal">
            <listApp>
                <head>1</head>
                <app from="#l1a1" to="#l1a2">
                    <lem>I’</lem>
                    <rdg wit="#R #Fp">io </rdg>
                </app>
                <app from="#l1a2" to="#l1a3">
                    <lem>mi</lem>
                    <rdg wit="#R">me</rdg>
                </app>
                <app from="#l1a3" to="#l1a4">
                    <lem>son</lem>
                    <rdg wit="#R">sun</rdg>
                </app>
                <app from="#l1a4" to="#l1a5">
                    <lem>un</lem>
                    <rdg wit="#Sq">um </rdg>
                </app>
                <app from="#l1a6" to="#l1a7">
                    <lem>le</lem>
                    <rdg wit="#Sq">lle </rdg>
                </app>
                <app from="#l1a7" to="#l1a8">
                    <lem>frascʼ andando</lem>
                    <rdg wit="#R">frasce andando </rdg>
                </app>
            </listApp>
            <listApp>
                <head>2</head>
                <app from="#l2a3" to="#l2a4">
                    <lem>e’</lem>
                    <rdg/><wit><ref corresp="#SqT">Sq<hi rend="super">T</hi></ref></wit>
                    <rdg wit="#R #Fp">i </rdg>
                </app>
                <app from="#l2a4" to="#l2a1">
                    <lem>dilettosi</lem>
                    <rdg>deletosi <wit><ref corresp="#RC">R<hi rend="super">C</hi></ref></wit></rdg>
                    <rdg>delletusi <wit><ref corresp="#RT">R<hi rend="super">T</hi></ref></wit></rdg>
                    <rdg>dilectosi <wit><ref corresp="#FpT">Fp<hi rend="super">T</hi></ref></wit></rdg>
                </app>
            </listApp>
            <listApp>
                <head>3</head>
                <app from="#l3a1" to="#l3a2">
                    <lem>per far</lem>
                    <rdg>per far per far <wit><ref corresp="#RT">R<hi rend="super">T</hi></ref></wit></rdg>
                </app>
                <app from="#l3a4" to="#l3a5">
                    <lem>mme </lem>
                    <rdg wit="#Fp">me <wit><ref corresp="#SqT">Sq<hi rend="super">T</hi></ref></wit></rdg>
                    <rdg wit="#R">mi </rdg>
                </app>
                <app from="#l3a5" to="#l3a6">
                    <lem>di</lem>
                    <rdg wit="#R">de </rdg>
                </app>
                <app from="#l3a6" to="#l3a7">
                    <lem>novi</lem>
                    <rdg>nuovi <wit><ref corresp="#FpC">Fp<hi rend="super">C</hi></ref></wit></rdg>
                </app>
            </listApp>
            <listApp>
                <head>4</head>
                <app from="#l4a1" to="#l4a2">
                    <lem>Dellʼ</lem>
                    <rdg wit="#R">del </rdg>
                </app>
                <app from="#l4a3" to="#l4a4">
                    <lem>cheço</lem>
                    <rdg wit="#R">cheggio <wit><ref corresp="#FpT">Fp<hi rend="super">T</hi></ref></wit></rdg>
                </app>
            </listApp>
            <listApp>
                <head>5</head>
                <app from="#l5a1" to="#l5a2">
                    <lem>lʼaltrui pensier</lem>
                    <rdg>gli altrui pensier <wit><ref corresp="#SqT">Sq<hi rend="super">T</hi></ref></wit></rdg>
                    <rdg>laltru pensier <wit><ref corresp="#FpT">Fp<hi rend="super">T</hi></ref></wit></rdg>
                </app>
                <app from="#l5a2" to="#l5a3">
                    <lem>vile</lem>
                    <rdg wit="#R">ville </rdg>
                </app>
            </listApp>
            <listApp>
                <head>6</head>
                <app from="#l6a1" to="#l6a2">
                    <lem>de lʼaltrui</lem>
                    <rdg>dellaltrui <wit><ref corresp="#FpT">Fp<hi rend="super">T</hi></ref></wit></rdg>
                </app>
                <app from="#l6a2" to="#l6a3">
                    <lem>stile</lem>
                    <rdg wit="#R">stille </rdg>
                </app>
            </listApp>
            <listApp>
                <head>7</head>
                <app from="#l7a3" to="#l7a1">
                    <lem>Così</lem>
                    <rdg wit="#R">cossi </rdg>
                </app>
                <app from="#l7a4" to="#l7a5">
                    <lem>gradita</lem>
                    <rdg wit="#R">ngraditta </rdg>
                </app>
            </listApp>
            <listApp>
                <head>8</head>
                <app from="#l8a1" to="#l8a2">
                    <lem>dellʼ</lem>
                    <rdg wit="#R">de l </rdg>
                </app>
                <app from="#l8a2" to="#l8a3">
                    <lem>arbor</lem>
                    <rdg wit="#Sq">arber </rdg>
                </app>
                <app from="#l8a4" to="#l8a5">
                    <lem>sita</lem>
                    <rdg wit="#R">sitta </rdg>
                </app>
            </listApp>
            <listApp>
                <head>9</head>
                <app from="#l9a1" to="#l9a2">
                    <lem>Corvo</lem>
                    <rdg>corbo <wit><ref corresp="#FpT">Fp<hi rend="super">T</hi></ref></wit></rdg>
                </app>
                <app from="#l9a3" to="#l9a4">
                    <lem>di</lem>
                    <rdg wit="#R">de </rdg>
                </app>
            </listApp>
            <listApp>
                <head>10</head>
                <app from="#l10a3" to="#l10a4">
                    <lem>si</lem>
                    <rdg wit="#R">se </rdg>
                </app>
            </listApp>
         </listApp>
         <div type="metricalScheme">
            <p>
                Madrigale 10ʼa (4ʼa)10ʼb 10ʼb, 10ʼc (4ʼc)10ʼd 10ʼd; 10ʼe 10ʼe; 10ʼf 10ʼf.
            </p>
            <p>
                <hi rend="italic">Capovilla</hi> <hi rend="small-caps">xlix</hi>.
            </p>
            <p>
                Rima derivativa e inclusiva ai vv. 9 : 10.
            </p>
         </div>
         <listBibl type="editions">
            <bibl corresp="#LiGotti1948">
                Li Gotti 1948, pp. 49-50;
            </bibl>
            <bibl corresp="#Corsi1970">
                Corsi 1970, pp. 35-6.
            </bibl>
         </listBibl>
         <!--listBibl type="bibliography">
            <bibl>
               <relatedItem>
                  <bibl>Riferimento bibliografico completo</bibl>
               </relatedItem>
            </bibl>
         </listBibl-->
        <!-- <div type="commentary">
            <note target="#l">
                <num></num>
                <p> </p>
            </note>
         </div> -->
         <listBibl type="editionsBibliography">
            <bibl xml:id="LiGotti1948">
                E. Li Gotti, <hi rend="italic">Madrigali del Trecento</hi>, in «Poesia», 9 (1948), pp. 40-59.
            </bibl>
            <bibl xml:id="Corsi1970">
                Giuseppe Corsi, <hi rend="italic">Poesie musicali del Trecento</hi>, Bologna, Commissione per i testi di lingua, 1970 (Collezione di opere inedite o rare, 131).
            </bibl>
         </listBibl>
      </back>
   </text>
</TEI>
