<?xml version="1.0" encoding="UTF-8"?>
<?xml-model href="http://www.tei-c.org/release/xml/tei/custom/schema/relaxng/tei_all.rng" type="application/xml" schematypens="http://relaxng.org/ns/structure/1.0"?>
<?xml-model href="http://www.tei-c.org/release/xml/tei/custom/schema/relaxng/tei_all.rng" type="application/xml"
	schematypens="http://purl.oclc.org/dsdl/schematron"?>
<TEI xmlns="http://www.tei-c.org/ns/1.0">
    <teiHeader>
        <fileDesc>
            <titleStmt>
                <title>Iʼ ò perduto lʼalber e ʼl timone</title>
                <author><ref target="https://www.mirabileweb.it/author/arrigo-belondi-author/229680">Arrigo Belondi</ref></author>
                <respStmt>
                    <resp>Digital scholarly edition created within the ERC</resp>
                    <orgName><ref target="https://www.europeanarsnova.eu/">European Ars Nova</ref>
                        project.</orgName>
                </respStmt>
                <respStmt>
                    <resp>Edited by</resp>
                    <name>Vittoria Brancato</name>
                </respStmt>
                <respStmt>
                    <resp>Revised by</resp>
                    <name>Luca Gatti</name>
                </respStmt>
                <respStmt>
                    <resp>TEI-encoded by</resp>
                    <name>Elvira Mercatanti</name>
                </respStmt>
            </titleStmt>
            <publicationStmt>
                <p/>
                <!--publisher>Edizioni del Galluzzo</publisher>
            <pubPlace>Firenze, Italia</pubPlace>
            <date>2021</date>
            <availability>
               <p>L'edizione è disponibile su licenza.</p>
            </availability>           
            <idno type="ISBN">ISBN</idno>
            <idno type="DOI">DOI</idno>
            <idno type="URI">permalink della scheda ANT</idno-->
            </publicationStmt>
            <sourceDesc>
                <p/>
            </sourceDesc>
        </fileDesc>
        <encodingDesc>
            <variantEncoding method="double-end-point" location="internal"/>
        </encodingDesc>
    </teiHeader>
    <text>
        <!--<front>
         <div>
            <p>
               Aggiungi qui l'INTRODUZIONE (se presente). Suddividila in paragrafi (<p>)
               e marca i corsivi (<hi rend="italic"></hi>)
            </p>
         </div>        
      </front>-->
        <body>
            <lg>
                <l xml:id="l1">Iʼ ò perduto lʼ<anchor xml:id="l1a1"/>alber<anchor xml:id="l1a2"/> e ʼl timone,</l>
                <l xml:id="l2">son rott’ i <anchor xml:id="l2a1"/>remi<anchor xml:id="l2a2"/> et ʼ canapi dellʼorça,</l>
                <l xml:id="l3">et vivo <anchor xml:id="l3a1"/>dispectosʼ<anchor xml:id="l3a2"/> alla <anchor xml:id="l3a3"/>mie<anchor xml:id="l3a4"/> força.</l>
                <l xml:id="l4"><anchor xml:id="l4a3"/>Con lʼonde<anchor xml:id="l4a4"/> <anchor xml:id="l4a5"/>tempestose<anchor xml:id="l4a6"/> <anchor xml:id="l4a1"/>fra<anchor xml:id="l4a2"/> gli scogli,</l>
                <l xml:id="l5" n="5">venti <anchor xml:id="l5a5"/>contrarii<anchor xml:id="l5a6"/>, <anchor xml:id="l5a1"/>vorreʼ<anchor xml:id="l5a2"/> gire <anchor xml:id="l5a3"/>in<anchor xml:id="l5a4"/> fondo</l>
                <l xml:id="l6">per tormi via <anchor xml:id="l6a1"/>da<anchor xml:id="l6a2"/> questo cieco mondo.</l>
            </lg>
            <lg>
                <l xml:id="l7">Et nonn ò <anchor xml:id="l7a1"/>isperança<anchor xml:id="l7a2"/> né conforto</l>
                <l xml:id="l8">dʼaver bonaccia, o <anchor xml:id="l8a1"/>maʼ<anchor xml:id="l8a2"/> rïaver porto.</l>                
            </lg>

        </body>



        <back>
            <listWit>
                <witness xml:id="Sq">
                    <ref type="siglum" target="#Sq">Sq</ref>cc. <locus>76v-77r</locus>, <abbr xml:id="SqC">C</abbr> (vv. 1-3 e 7-8), <abbr xml:id="SqT">T</abbr> (vv. 1-3 e 7-8), <hi rend="italic">resid.</hi> (vv.4-6): <hi rend="italic">m(agister) donatus de florentia</hi>
                </witness>
                
                <witness xml:id="SL">
                    <ref type="siglum" target="#SL">SL</ref>cc. <locus>76v-77r</locus>, <abbr xml:id="SLC">C</abbr> (vv. 1-3 e 7-8), <abbr xml:id="SLT">T</abbr> (vv. 1-3 e 7-8): testo per gran parte illeggibile.
                </witness>
                
                <witness xml:id="Ah1">
                    <ref type="siglum" target="#Ah1">Ah1</ref>c. 27v: <hi rend="italic">madriale di righo belondi</hi>
                </witness>
                
                
            </listWit>


            <listApp type="substantial">              
               <listApp>
                   <head>4</head>
                   <app from="#l4a1" to="#l4a2">
                       <lem>fra</lem>
                       <rdg wit="#Ah1">in fra</rdg>
                   </app>
               </listApp>
                
                <listApp>
                    <head>5</head>
                    <app from="#l5a1" to="#l5a2">
                        <lem>vorreʼ</lem>
                        <rdg wit="#Ah1">e vorrei </rdg>
                    </app>
                    
                    <app from="#l5a3" to="#l5a4">
                        <lem>in</lem>
                        <rdg wit="#Ah1">al</rdg>
                    </app>
                </listApp>
                
                <listApp>
                    <head>6</head>
                    <app from="#l6a1" to="#l6a2">
                        <lem>da</lem>
                        <rdg wit="#Ah1">di</rdg>
                    </app>                  
                </listApp>
                
                <listApp>
                    <head>7</head>
                    <app from="#l7a1" to="#l7a2">
                        <lem>isperança</lem>
                        <rdg wit="#Ah1">sperança <hi rend="italic">(-1)</hi></rdg>
                    </app>
                </listApp>
            </listApp>



            <listApp type="formal">
                <listApp>
                    <head>1</head>
                    <app from="#l1a1" to="#l1a2">
                        <lem>alber</lem>
                        <rdg wit="#Ah1">albero </rdg>
                    </app>
                </listApp>
                
                <listApp>
                    <head>2</head>
                    <app from="#l2a1" to="#l2a2">
                        <lem>remi</lem>
                        <rdg wit="#Ah1">i remi </rdg>
                    </app>
                </listApp>
                
                <listApp>
                    <head>3</head>
                    <app from="#l3a1" to="#l3a2">
                        <lem>dispectosʼ</lem>
                        <rdg  wit="#Ah1">dispettosa </rdg>
                        <rdg>dispettos <wit> <ref corresp="#SqT">Sq <hi rend="super">T</hi></ref></wit></rdg>
                    </app>
                    
                    <app from="#l3a3" to="#l3a4">
                        <lem> mie</lem>
                        <rdg wit="#Ah1"> mia</rdg>
                    </app>
                </listApp>
                
                <listApp>
                    <head>4</head>
                    <app from="#l4a3" to="#l4a4">
                        <lem>Con lʼonde</lem>
                        <rdg wit="#Ah1">Chollonde </rdg>
                    </app>
                    
                    <app from="#l4a5" to="#l4a6">
                        <lem>tempestose</lem>
                        <rdg wit="#Ah1">tempesto<add place="above">se</add></rdg> <!--con aggiunta in interlinea-->
                    </app>
                </listApp>
                
                <listApp>
                    <head>5</head>
                    <app from="#l5a5" to="#l5a6">
                        <lem>contrarii</lem>
                        <rdg wit="#Ah1">contrari</rdg>
                    </app>
                </listApp>
                
                <listApp>
                    <head>8</head>
                    <app from="#l8a1" to="#l8a2">
                        <lem>maʼ</lem>
                        <rdg>mai<wit> <ref corresp="#SqC">Sq <hi rend="super">C</hi></ref></wit></rdg>
                    </app>
                </listApp>
            </listApp>
            


            <div type="metricalScheme">
                <p>Madrigale 10ʼa 10ʼb 10ʼb, 10ʼc 10ʼd 10ʼd; 10ʼe 10ʼe.</p>
                <p><hi rend="italic">Capovilla</hi> <hi rend="small-caps">xlviii</hi>.</p>
                <p>Rima inclusiva ai vv. 2 : 3. </p>
                <p>Punti sottoscritti: v. 8 (<hi rend="italic">mai</hi>) Sq<hi rend="super">C</hi>.</p>
            </div>


            <listBibl type="editions">
                <bibl corresp="#Corsi1969">Corsi 1969, p. 1040;</bibl>
                <bibl corresp="#Giorgetti2019-2020">Giorgetti 2019-2020, pp. 90-3.</bibl>
            </listBibl>


            <!--<listBibl type="bibliography">
            <bibl corresp="#">
            </bibl>
            </listBibl>-->


            <div type="commentary">
                <note target="#l2">
                    <num>2.</num>
                    <p><hi rend="italic">orça</hi>:  nelle navi lʼorza è il cavo utilizzato per sollevare la vela.</p>
                </note>
                
                <note target="#l3">
                    <num>3.</num>
                    <p><hi rend="italic">dispectosʼ</hi>: ʻcontrariata, sprezzanteʼ (<hi rend="italic">TLIO</hi>, s.v., § 2).</p>
                </note>
            </div>


            <listBibl type="editionsBibliography">
                <bibl xml:id="Corsi1969">Giuseppe Corsi, <hi rend="italic">Madrigali inediti</hi>, in «Belfagor» XIV (1959), pp. 72-82</bibl>
                <bibl xml:id="Giorgetti2019-2020">Elisa Giorgetti, <hi rend="italic">Edizione critica commentata dei testi intonati da Donato da Cascia</hi>, tesi di Laurea Magistrale, Università di Firenze, 2019-2020</bibl>
            </listBibl>
        </back>
    </text>
</TEI>
