<?xml version="1.0" encoding="UTF-8"?>
<?xml-model href="http://www.tei-c.org/release/xml/tei/custom/schema/relaxng/tei_all.rng" type="application/xml" schematypens="http://relaxng.org/ns/structure/1.0"?>
<?xml-model href="http://www.tei-c.org/release/xml/tei/custom/schema/relaxng/tei_all.rng" type="application/xml"
	schematypens="http://purl.oclc.org/dsdl/schematron"?>
<TEI xmlns="http://www.tei-c.org/ns/1.0">
   <teiHeader>
      <fileDesc>
         <titleStmt>
            <title>I’ fu’ tuo servo, Amore, in verde etate</title>
            <author>Francesco Landini</author>
            <editor></editor>
            <respStmt>
               <resp>Digital scholarly editon created within the </resp>
               <orgName><ref target="https://www.europeanarsnova.eu/">European Ars Nova</ref> ERC project.</orgName>
            </respStmt>
            <respStmt>
               <resp>Edited by</resp>
               <name>Davide Checchi</name>
            </respStmt>
            <respStmt>
               <resp>TEI-encoding by</resp>
               <name>Alice Colantuoni</name>
            </respStmt>
         </titleStmt>
         <publicationStmt>
            <p></p>
            <!--publisher>Edizioni del Galluzzo</publisher>
            <pubPlace>Firenze, Italia</pubPlace>
            <date>2021</date>
            <availability>
               <p>L'edizione è disponibile su licenza.</p>
            </availability>            
            <idno type="ISBN">ISBN</idno>
            <idno type="DOI">DOI</idno>
            <idno type="URI">permalink della scheda ANT</idno-->
         </publicationStmt>
         <sourceDesc>
            <p></p>
         </sourceDesc>
      </fileDesc>
      <encodingDesc>
         <variantEncoding method="double-end-point" location="internal"/>
      </encodingDesc>
   </teiHeader>
   <text>
      <!--front>
         <div>
            <p>
            </p>
         </div>         
      </front-->
      <body>
         <lg>
            <l xml:id="l1">I’ fu’ tuo servo, Amore, in verde etate</l>
            <l xml:id="l2">po’ te abandonai,</l>
            <l xml:id="l3">ma or ripreso m’ài</l>
            <l xml:id="l4">e più che mai <anchor xml:id="l4a1"/>sono in<anchor xml:id="l4a2"/> tua potestate.</l>
         </lg>
         <lg>
            <l xml:id="l5" n="5">Tu, come grato, a me merito desti,</l>
            <l xml:id="l6">veggendo la gran <anchor xml:id="l6a1"/>fé del<anchor xml:id="l6a2"/> mio servire,</l>
            <l xml:id="l7">e <anchor xml:id="l7a1"/>a·ssì alte<anchor xml:id="l7a2"/> cose m’inducesti,</l>
            <l xml:id="l8">che forse non degnai tanto salire.</l>
            <l xml:id="l9">Però ringratio te, benigno sire,</l>
            <l xml:id="l10" n="10">ché mi rammenta ancora</l>
            <l xml:id="l11">del ben ch’i’ ebbi allora</l>
            <l xml:id="l12">per tuo virtù e per <anchor xml:id="l12a1"/>altru’<anchor xml:id="l12a2"/> pietate.</l>
         </lg>
         <lg>
            <l xml:id="l13">Passato e ’l fiore e ’l tempo puerile,</l>
            <l xml:id="l14">immaginai <anchor xml:id="l14a1"/>por’<anchor xml:id="l14a2"/> fine al mio amare,</l>
            <l xml:id="l15" n="15">disposto più nell’animo virile</l>
            <l xml:id="l16">della gloria mondana un po’ cercare.</l>
            <l xml:id="l17">In ciò fu vano il mio imaginare,</l>
            <l xml:id="l18">per una vaga luce</l>
            <l xml:id="l19"><anchor xml:id="l19a1"/>[ch]’a<anchor xml:id="l19a2"/>·tte pur mi riduce,</l>
            <l xml:id="l20" n="20">tant’è ’l <anchor xml:id="l20a1"/>valor<anchor xml:id="l20a2"/> della sua gran biltate.</l>
         </lg>
         <lg>
            <l xml:id="l21">Po’ che tua signoria pur questo vole,</l>
            <l xml:id="l22">più che già mai contento vive ’l core,</l>
            <l xml:id="l23">ma un sinistro <anchor xml:id="l23a1"/>sol<anchor xml:id="l23a2"/> forte mi dole:</l>
            <l xml:id="l24">che ’ndegno mi riputo a tanto honore.</l>
            <l xml:id="l25" n="25">Ma·sse degno mi fai, ti priego Amore</l>
            <l xml:id="l26">che qui fermo mi tenga</l>
            <l xml:id="l27">tanto che ’l mio fin venga</l>
            <l xml:id="l28">in questo stato di felicitate.</l>
         </lg>
         <lg>
            <l xml:id="l29">Maravigliomi assai del gram podere</l>
            <l xml:id="l30" n="30">ch’ài dato a·llei, così gentile e bella,</l>
            <l xml:id="l31">che m’à mutato, con dolce piacere,</l>
            <l xml:id="l32">della mia lingua in tedesca favella,</l>
            <l xml:id="l33">la qual promessa in me mai non si svella</l>
            <l xml:id="l34">da me per alcun tempo.</l>
            <l xml:id="l35" n="35">Se ciò fa’ per a tempo,</l>
            <l xml:id="l36">non spero mai sentire aversitate.</l>
         </lg>
      </body>
      <back>
         <listWit>
            <witness xml:id="Fp">
               <ref target="http://www.mirabileweb.it/manuscript-rom/firenze-biblioteca-nazionale-centrale-pal-panciati-manoscript/ARSNOVA_185275">Fp</ref>
               cc. <locus>53v-54r</locus>, <abbr xml:id="FpC">C</abbr> (vv. 1-6), <abbr xml:id="FpT">T</abbr>, <hi rend="italic">resid.</hi> (vv. 7-36)<hi rend="italic">: m(agister) fra(nciscus)</hi>
            </witness>
            <witness xml:id="Sq">
               <ref target="http://www.mirabileweb.it/manuscript-rom/firenze-biblioteca-medicea-laurenziana-med-pal-87--manoscript/ARSNOVA_224962">Sq</ref>
               c. <locus>165v</locus>, <abbr xml:id="SqC">C</abbr>(vv. 1-8), <abbr xml:id="SqT">T</abbr>, <hi rend="italic">resid.</hi> (vv.9-12)<hi rend="italic">: magister franciscus cecus horganista de florentia</hi>
            </witness>
            <witness xml:id="Pit">
               <!--ref target="X"-->Pit<!--/ref-->
               cc. <locus>113v-114r</locus>, <abbr xml:id="PitC">C</abbr> (vv.1-6), <abbr xml:id="PitT">T</abbr>, <hi rend="italic">resid.</hi> (vv. 7-12)<hi rend="italic">: f(ranciscus)</hi>
            </witness>
         </listWit>
         <listApp type="substantial">
            <listApp>
               <head>4</head>
               <app from="#l4a1" to="#l4a2">
                  <lem>sono in</lem>
                  <rdg wit="#Sq #Pit">main</rdg>
               </app>
            </listApp>
            <listApp>
               <head>6</head>
               <app from="#l6a1" to="#l6a2">
                  <lem>fé del</lem>
                  <rdg wit="#Sq">fedeel</rdg>
               </app>
            </listApp>
            <listApp>
               <head>7</head>
                  <app from="#l7a1" to="#l7a2">
                     <lem>a·ssì alte</lem>
                     <rdg wit="#Sq">assal te</rdg>
                     </app>
            </listApp>
            <listApp>
               <head>12</head>
               <app from="#l12a1" to="#l12a2">
                  <lem>altru’</lem>
                  <rdg wit="#Sq">auer</rdg>
               </app>
            </listApp>
            <listApp>
               <head>14</head>
               <app from="#l14a1" to="#l14a2">
                  <lem>por’</lem>
                  <rdg>porre</rdg>
               </app>
            </listApp>
            <listApp>
               <head>19</head>
               <app from="#l19a1" to="#l19a2">
                  <lem>ch’a</lem>
                  <rdg>da</rdg>
               </app>
            </listApp>
            <listApp>
               <head>20</head>
               <app from="#l20a1" to="#l20a2">
                  <lem>valor</lem>
                  <rdg>valore</rdg>
               </app>
            </listApp>
            <listApp>
               <head>23</head>
               <app from="#l23a1" to="#l23a2">
                  <lem>solo</lem>
                  <rdg>sol</rdg>
               </app>
            </listApp>
         </listApp>
         <div type="metricalScheme">
            <p>
               Ballata grande 10’z 6’y 6’y (4’y)10’z; 10’a 10’b, 10’a 10’b; 10’b 6’c 6’c 10’z, equivoche le rime ai vv. 34 : 35. <hi rend="italic">Pagnotta</hi>. <hi rend="italic">Dialefi</hi> vv. 2, 3, 7, 11 (<hi rend="italic">ch’i' ebbi</hi>), 12, 14 (<hi rend="italic">mio amare</hi>), 17, 23. Punti sottoscritti ai vv. 1 serv<hi rend="italic">o</hi> (sinalefe), Amor<hi rend="italic">e</hi> (sinalefe), verd<hi rend="italic">e</hi> (sinalefe); 5 grat<hi rend="italic">o</hi> (sinalefe); 10 ramment<hi rend="italic">a</hi> (sinalefe).
            </p>
         </div>
         <listBibl type="editions">
            <bibl corresp="#Corsi1970">Corsi 1970, pp. 180-182. <!--ref target="URL">Testo del collegamento</ref--></bibl>
         </listBibl>
               <!--listBibl type="bibliography">
            <bibl corresp="#">
            </bibl>
         </listBibl-->
         <div type="commentary">
            <note target="#l14">
                <num>14</num>
               Il “potenziale” accento di 5a è neutralizzato dai vicini accenti di 4a e 6a.
            </note>
            <note target="#l19">
               <num>19</num>
               L’emendamento, richiesto dal senso, è già in Corsi 1970.
            </note>
            <note target="#l23">
               <num>23</num>
               <hi rend="italic">sinistro</hi>:
               ‘ostacolo; intoppo, contrattempo’ (<hi rend="italic">GDLI</hi> s.v. § 23).
            </note>
            <note target="#l31 #l32">
               <num>31-32</num>
               Come detto nelle stanze precedenti, la donna ha fatto sì che l’amante mutasse radicalmente i propri propositi, come se dal parlare la propria lingua fosse passato a parlare una lingua completamente differente (la lingua tedesca è infatti, nel XIV secolo, la lingua di difficile comprensione per antonomasia, cfr. <hi rend="italic">GDLI</hi> s.v. <hi rend="italic">tedesco</hi> § 16 <hi rend="italic">Intendere il tedesco</hi> ‘comprendere un’espressione gergale, un’allusione velata’ e cfr. Sacchetti, <hi rend="italic">Trecentonovelle</hi>, nov. 211 «e parlando quasi tra tedesco e latino, disse ...» [ed. Zaccarello]). Per il valore ablativo di <hi rend="italic">della</hi> cfr. Salvi-Renzi pp. 656-657.
            </note>
         </div>
         <listBibl type="editionsBibliography">
            <biblStruct type="book" xml:id="Apel1970" corresp="http://zotero.org/users/local/daicmDgn/items/Y2L3KU4F">
               <monogr>
                  <title level="m">French Secular Compositions of the Fourteenth Century I. Ascribed Compositions</title>
                  <title type="short">CMM 53/1</title>
                  <author><forename>Willi</forename><surname>Apel</surname></author>
                  <imprint><pubPlace>Rome</pubPlace><publisher>American Institute of Musicology</publisher><date>1970</date></imprint>
               </monogr>
               <series>
                  <title level="s">Corpus Mensurabilis Musicae, 53/1</title>
               </series>
            </biblStruct>
            <biblStruct type="book" xml:id="Apel1971" corresp="http://zotero.org/users/local/daicmDgn/items/X6E9LXT4">
               <monogr>
                  <title level="m">French Secular Compositions of the Fourteenth Century II. Anonymous Ballades</title>
                  <title type="short">CMM 53/2</title>
                  <author><forename>Willi</forename><surname>Apel</surname></author>
                  <imprint><pubPlace>Rome</pubPlace><publisher>American Institute of Musicology</publisher><date>1971</date></imprint>
               </monogr>
               <series>
                  <title level="s">Corpus Mensurabilis Musicae, 53/2</title>
               </series>
            </biblStruct>
            <biblStruct type="book" xml:id="Apel1972" corresp="http://zotero.org/users/local/daicmDgn/items/CNNBVEQ5">
               <monogr>
                  <title level="m">French Secular Compositions of the Fourteenth Century III. Anonymous Virelais, Rondeaux, Chansons, Canons</title>
                  <title type="short">CMM 53/3</title>
                  <author><forename>Willi</forename><surname>Apel</surname></author>
                  <imprint><pubPlace>Rome</pubPlace><publisher>American Institute of Musicology</publisher><date>1972</date></imprint>
               </monogr>
               <series>
                  <title level="s">Corpus Mensurabilis Musicae, 53/3</title>
               </series>
            </biblStruct>
            <biblStruct type="book" xml:id="Bent1985" corresp="http://zotero.org/users/local/daicmDgn/items/QWY3ZQNJ">
               <monogr>
                  <title level="m">The Works of Johannes Ciconia</title>
                  <title type="short">PMFC XXIV</title>
                  <author><forename>Margaret</forename><surname>Bent</surname></author><author><forename>Anne</forename><surname>Hallmark</surname></author><imprint><pubPlace>Monaco</pubPlace><publisher>Éditions de l’Oiseau-Lyre</publisher><date>1985</date></imprint></monogr><series><title level="s">Polyphonic Music of the Fourteenth Century, XXIV</title></series>
            </biblStruct>
            <biblStruct type="journalArticle" xml:id="Brambilla_Ageno1975" corresp="http://zotero.org/users/local/daicmDgn/items/494JQJ8H">
               <analytic>
                  <title level="a">Giuseppe Corsi, «Poesie musicali del Trecento»</title>
                  <title type="short">G. Corsi, «Poesie musicali»</title>
                  <author><forename>Franca</forename><surname>Brambilla Ageno</surname></author>
               </analytic>
               <monogr>
                  <title level="j">Romance Philology</title>
                  <imprint><biblScope unit="volume">XXVIII</biblScope><biblScope unit="page">696-706</biblScope><date>1975</date></imprint>
               </monogr>
            </biblStruct>
            <biblStruct type="book" xml:id="Calvia2017" corresp="http://zotero.org/users/local/daicmDgn/items/NU58NJAT">
               <monogr>
                  <title level="m">Nicolò del Preposto. Opera completa. Edizione critica commentata dei testi intonati e delle musiche</title>
                  <title type="short">Nicolò del Preposto</title>
                  <author><forename>Antonio</forename><surname>Calvia</surname></author>
                  <imprint><pubPlace>Firenze</pubPlace><publisher>SISMEL Edizioni del Galluzzo</publisher><date>2017</date></imprint>
               </monogr>
               <series>
                  <title level="s">La tradizione musicale. Studi e testi, 18</title>
               </series>
            </biblStruct>
            <biblStruct type="book" xml:id="Corsi1969" corresp="http://zotero.org/users/local/daicmDgn/items/DYEHFS79">
               <monogr>
                  <title level="m">Rimatori del Trecento</title>
                  <title type="short">Rimatori</title>
                  <idno type="ISBN">88-02-01996-7 978-88-02-01996-3</idno>
                  <author><forename>Giuseppe</forename><surname>Corsi</surname></author>
                  <imprint><pubPlace>Torino</pubPlace><publisher>UTET</publisher><date>1969</date></imprint>
               </monogr>
            </biblStruct>
            <biblStruct type="book" xml:id="Corsi1970" corresp="http://zotero.org/users/local/daicmDgn/items/XD38IT6R">
               <monogr>
                  <title level="m">Poesie musicali del Trecento</title>
                  <title type="short">Poesie musicali</title>
                  <author><forename>Giuseppe</forename><surname>Corsi</surname></author>
                  <imprint><pubPlace>Bologna</pubPlace><publisher>Commissione per i testi di lingua</publisher><date>1970</date></imprint>
               </monogr>
               <series>
                  <title level="s">Collezione di opere inedite o rare, 131</title>
               </series>
            </biblStruct>
            <biblStruct type="book" xml:id="Epifani2019" corresp="http://zotero.org/users/local/daicmDgn/items/B7WRD8TT">
               <monogr>
                  <title level="m">La caccia nell’Ars Nova italiana. Edizione critica commentata dei testi e delle intonazioni</title>
                  <title type="short">La caccia nell'Ars Nova italiana</title>
                  <author><forename>Michele</forename><surname>Epifani</surname></author>
                  <imprint><pubPlace>Firenze</pubPlace><publisher>SISMEL Edizioni del Galluzzo</publisher><date>2019</date></imprint>
               </monogr>
               <series>
                  <title level="s">La tradizione musicale. Studi e testi, 20</title>
               </series>
            </biblStruct>
            <biblStruct type="book" xml:id="Huck2007" corresp="http://zotero.org/users/local/daicmDgn/items/U6ENUGXG">
               <monogr>
                  <title level="m">Die mehrfach überlieferten Kompositionen des frühen Trecento. Anonyme Madrigale und Cacce sowie Kompositionen von Piero, Giovanni da Firenze und Jacopo da Bologna</title>
                  <title type="short">Die mehrfach überlieferten Kompositionen</title>
                  <author><forename>Oliver</forename><surname>Huck</surname></author>
                  <author><forename>Sandra</forename><surname>Dieckmann</surname></author>
                  <imprint><pubPlace>Hildesheim-Zurich-New York</pubPlace><biblScope unit="volume">I &lt;i&gt;Übertragungen, Texte, Kommentare&lt;/i&gt;; II &lt;i&gt;Transkriptionen&lt;/i&gt;</biblScope><publisher>Georg Olms Verlag</publisher><date>2007</date></imprint>
                  <extent>2</extent>
               </monogr>
               <series>
                  <title level="s">Musica mensurabilis, 2</title>
               </series>
            </biblStruct>
            <biblStruct type="journalArticle" xml:id="Pasquinucci2007" corresp="http://zotero.org/users/local/daicmDgn/items/U4RTPVTC">
               <analytic>
                  <title level="a">La poesia musicale di Niccolò Soldanieri</title>
                  <title type="short">La poesia musicale</title>
                  <author><forename>Enrico</forename><surname>Pasquinucci</surname></author>
               </analytic>
               <monogr>
                  <title level="j">Studi di filologia italiana</title>
                  <idno type="ISSN">0392-5110</idno>
                  <imprint><biblScope unit="volume">LXV</biblScope><biblScope unit="page">65-193</biblScope><date>2007</date></imprint>
               </monogr>
            </biblStruct>
            <biblStruct type="book" xml:id="Pirrotta1954" corresp="http://zotero.org/users/local/daicmDgn/items/FAZBS46W">
               <monogr>
                  <title level="m">The Music of Fourteenth Century Italy I. Bartholus de Florentia; Johannes del Florentia; Gherardellus de Florentia</title>
                  <title type="short">CMM 8/1</title>
                  <author><forename>Nino</forename><surname>Pirrotta</surname></author>
                  <imprint><pubPlace>Amsterdam</pubPlace><publisher>American Institute of Musicology</publisher><date>1954</date></imprint>
               </monogr>
               <series>
                  <title level="s">Corpus Mensurabilis Musicae, 8/1</title>
               </series>
            </biblStruct>
            <biblStruct type="book" xml:id="Pirrotta1960" corresp="http://zotero.org/users/local/daicmDgn/items/FW8PYNTI">
               <monogr>
                  <title level="m">The Music of Fourteenth Century Italy II. Maestro Piero; Codex Vatican Rossi 215; Anonymous madrigals and cacce from other manuscripts</title>
                  <title type="short">CMM 8/2</title>
                  <author><forename>Nino</forename><surname>Pirrotta</surname></author>
                  <imprint><pubPlace>Amsterdam</pubPlace><publisher>American Institute of Musicology</publisher><date>1960</date></imprint>
               </monogr>
               <series>
                  <title level="s">Corpus Mensurabilis Musicae, 8/2</title>
               </series>
            </biblStruct>
            <biblStruct type="book" xml:id="Pirrotta1962" corresp="http://zotero.org/users/local/daicmDgn/items/XFUL4B2F">
               <monogr>
                  <title level="m">The Music of Fourteenth Century Italy III. Laurentius Masii de Florentia; Donatus de Florentia; Rosso da Collegrano, and Nine anonymous pieces</title>
                  <title type="short">CMM 8/3</title>
                  <author><forename>Nino</forename><surname>Pirrotta</surname></author>
                  <imprint><pubPlace>Amsterdam</pubPlace><publisher>American Institute of Musicology</publisher><date>1962</date></imprint>
               </monogr>
               <series>
                  <title level="s">Corpus Mensurabilis Musicae, 8/3</title>
               </series>
            </biblStruct>
            <biblStruct type="book" xml:id="Pirrotta1963" corresp="http://zotero.org/users/local/daicmDgn/items/FT56HATK">
               <monogr>
                  <title level="m">The Music of Fourteenth Century Italy IV. Jacobus de Bononia; Vincentius de Arimino</title>
                  <title type="short">CMM 8/4</title>
                  <author><forename>Nino</forename><surname>Pirrotta</surname></author>
                  <imprint><pubPlace>Amsterdam</pubPlace><publisher>American Institute of Musicology</publisher><date>1963</date></imprint>
               </monogr>
               <series>
                  <title level="s">Corpus Mensurabilis Musicae, 8/4</title>
               </series>
            </biblStruct>
            <biblStruct type="book" xml:id="Pirrotta1964" corresp="http://zotero.org/users/local/daicmDgn/items/MFJN6PQL">
               <monogr>
                  <title level="m">The Music of Fourteenth Century Italy V. Andreas de Florentia, Guilielmus de Francia, Bonaiutus Corsini, Andrea Stefani, Ser Feo, Jacopo Pianelaio, Gian Toscano and Anonymous</title>
                  <title type="short">CMM 8/5</title>
                  <author><forename>Nino</forename><surname>Pirrotta</surname></author>
                  <imprint><pubPlace>Amsterdam</pubPlace><publisher>American Institute of Musicology</publisher><date>1964</date></imprint>
               </monogr>
               <series>
                  <title level="s">Corpus Mensurabilis Musicae, 8/5</title>
               </series>
            </biblStruct>
            <biblStruct type="journalArticle" xml:id="Sacchetti1990" corresp="http://zotero.org/users/local/daicmDgn/items/Z6CVLQV6">
               <analytic>
                  <title level="a">Il libro delle rime</title>
                  <title type="short">Rime (Ageno)</title>
                  <author><forename>Franco</forename><surname>Sacchetti</surname></author>
               </analytic>
               <monogr>
                  <title></title>
                  <editor><forename>Franca</forename><surname>Brambilla Ageno</surname></editor>
                  <imprint><date>1990</date></imprint>
               </monogr>
            </biblStruct>
            <biblStruct type="journalArticle" xml:id="Sacchetti2007" corresp="http://zotero.org/users/local/daicmDgn/items/PTLZSWDF">
               <analytic>
                  <title level="a">Il libro delle rime con le lettere</title>
                  <title type="short">Rime (Puccini)</title>
                  <author><forename>Franco</forename><surname>Sacchetti</surname></author>
               </analytic>
               <monogr>
                  <title></title>
                  <editor><forename>Davide</forename><surname>Puccini</surname></editor>
                  <imprint><date>2007</date></imprint>
               </monogr>
            </biblStruct>
            <biblStruct type="book" xml:id="Sapegno1952" corresp="http://zotero.org/users/local/daicmDgn/items/8C6U9NZE">
               <monogr>
                  <title level="m">Poeti minori del Trecento</title>
                  <title type="short">Poeti minori</title>
                  <author><forename>Natalino</forename><surname>Sapegno</surname></author>
                  <imprint><pubPlace>Milano-Napoli</pubPlace><publisher>Ricciardi</publisher><date>1952</date></imprint>
               </monogr>
            </biblStruct>
            <biblStruct type="book" xml:id="Sucato2003" corresp="http://zotero.org/users/local/daicmDgn/items/V4BN5V2I">
               <monogr>
                  <title level="m">Il codice Rossiano 215. Madrigali, ballate, una caccia, un rotondello</title>
                  <title type="short">Il codice Rossiano</title>
                  <author><forename>Tiziana</forename><surname>Sucato</surname></author>
                  <imprint><pubPlace>Pisa</pubPlace><publisher>ETS</publisher><date>2003</date></imprint>
               </monogr>
               <series>
                  <title level="s">«Diverse voci...» 1</title>
               </series>
            </biblStruct>
            <biblStruct type="journalArticle" xml:id="Zenari2004" corresp="http://zotero.org/users/local/daicmDgn/items/XE5ZV7IV">
               <analytic>
                  <title level="a">Undici madrigali a testimone unico del Panciatichiano 26 (Firenze, Biblioteca Nazionale Centrale)</title>
                  <title type="short">Undici madrigali</title>
                  <author><forename>Massimo</forename><surname>Zenari</surname></author>
               </analytic>
               <monogr>
                  <title level="j">Studi di filologia italiana</title>
                  <imprint><biblScope unit="volume">LVII</biblScope><biblScope unit="page">131-60</biblScope><date>2004</date></imprint>
               </monogr>
            </biblStruct>
         </listBibl>
      </back>
   </text>
</TEI>
