<?xml version="1.0" encoding="UTF-8"?>
<?xml-model href="http://www.tei-c.org/release/xml/tei/custom/schema/relaxng/tei_all.rng" type="application/xml" schematypens="http://relaxng.org/ns/structure/1.0"?>
<?xml-model href="http://www.tei-c.org/release/xml/tei/custom/schema/relaxng/tei_all.rng" type="application/xml"
	schematypens="http://purl.oclc.org/dsdl/schematron"?>
<TEI xmlns="http://www.tei-c.org/ns/1.0">
    <teiHeader>
        <fileDesc>
            <titleStmt>
                <title>In sulla ripa del dorato fiume</title>
                <respStmt>
                    <resp>Digital scholarly edition created within the </resp>
                    <orgName><ref target="https://www.europeanarsnova.eu/">European Ars Nova</ref> ERC project.</orgName>
                </respStmt>
                <respStmt>
                    <resp>Edited by</resp>
                    <name>Maria Sofia Lannutti</name>
                </respStmt>
                <respStmt>
                    <resp>Revised by</resp>
                    <name>Luca Gatti</name>
                </respStmt>
                <respStmt>
                    <resp>TEI-encoded by</resp>
                    <name>Carla Congiu</name>
                </respStmt>
            </titleStmt>
            <publicationStmt>
                <p></p>
                <!--publisher>Edizioni del Galluzzo</publisher>
            <pubPlace>Firenze, Italia</pubPlace>
            <date>2021</date>
            <availability>
               <p>L'edizione è disponibile su licenza.</p>
            </availability>            
            <idno type="ISBN">ISBN</idno>
            <idno type="DOI">DOI</idno>
            <idno type="URI">permalink della scheda ANT</idno-->
            </publicationStmt>
            <sourceDesc>
                <p></p>
            </sourceDesc>
        </fileDesc>
        <encodingDesc>
            <variantEncoding method="double-end-point" location="internal"/>
        </encodingDesc>
    </teiHeader>
    <text>
        <!--front>
         <div>
            <p>
           </p>
         </div>         
      </front-->
        <body>
            <lg>
                <l xml:id="l1">
                    In sulla ripa del dorato fiume
                </l>
                <l xml:id="l2">
                    <anchor xml:id="l2a1"/>fra<anchor xml:id="l2a2"/> molti spini trovaʼ un bel fiore,
                </l>
                <l xml:id="l3">
                    il qual io colsi con gratia dʼAmore.
                </l>
                <l xml:id="l4">
                    <supplied>[...]</supplied>
                </l>
                <l xml:id="l5" n="5">
                    <supplied>[...]</supplied>	
                </l>
                <l xml:id="l6">
                    <supplied>[...]</supplied>
                </l>
            </lg>
            <lg>  
                <l xml:id="l7">
                    Ma quel signor che sente de re’ motto,
                </l>
                <l xml:id="l8">
                    qual che sia lʼarbor lʼama, sì è buon <anchor xml:id="l8a1"/>frutto<anchor xml:id="l8a2"/>.
                </l>
            </lg>
        </body>
        <back>
            <listWit>
                <witness xml:id="Fp">
                    <ref type="siglum" target="#Fp">Fp</ref>
                    cc. <locus>59v-60r</locus>, <abbr xml:id="FpC">C</abbr> (vv. 1-3 e 7-8), <hi rend="italic">resid</hi>. (vv. 1-3 e 7-8): <hi rend="italic">m(agister) giova(nni)</hi>
                </witness>
            </listWit>
            <listApp type="substantial">
                <listApp>
                    <head>2</head>
                    <app from="#l2a1" to="#l2a2">
                        <lem>fra</lem>
                        <rdg wit="#Fp">fra fra</rdg>
                    </app>
                </listApp>
                <listApp>
                    <head>8</head>
                    <app from="#l8a1" to="#l8a2">
                        <lem>frutto</lem>
                        <rdg >fructo <wit><ref target="#FpT">Fp<hi rend="super">T</hi></ref></wit></rdg>
                    </app>
                </listApp>
            </listApp>
            <!--<listApp type="formal">
            </listApp>-->
            <div type="metricalScheme">
                <p>Madrigale 10ʼa 10ʼb 10ʼb, [10ʼ? 10ʼ? 10ʼ?]; 10ʼm 10ʼm.</p>
                <p><hi rend="italic">Capovilla</hi> <hi rend="small-caps">lviii</hi>.</p>
                <p>Rima guittoniana ai vv. 7 : 8.</p>
            </div>
            <listBibl type="editions">
                <bibl corresp="#Corsi1970">
                    Corsi 1970, p. 26;
                </bibl>
                <bibl corresp="#Zenari2004">
                    Zenari 2004, p. 138.
                </bibl>
            </listBibl>
            <div type="commentary">
                <note target="#l7">
                    <num>7.</num>
                    <hi rend="italic">de re’</hi>: intendi ‘dal reo’, cioè ‘da persona malvagia’. Il concetto espresso ai vv. 7-8 potrebbe essere il seguente: ‘Amore ama chiunque ami e si rivolga a lui, dal momento che, di qualunque natura sia l’albero, il frutto (dell’albero così come del sentimento amoroso) è pur sempre buono’. Diversamente Zenari stampa «M’a quel signor che sente  <hi rend="italic">dire’</hi> motto», a cui seguirebbe quindi la sentenza accolta nel verso conclusivo, come pronunciata dal poeta.
                </note>
            </div>
            <listBibl type="editionsBibliography">
                <bibl xml:id="Corsi1970">
                    Giuseppe Corsi, <hi rend="italic">Poesie musicali del Trecento</hi>, Bologna, Commissione per i testi di lingua, 1970 (Collezione di opere inedite o rare, 131).
                </bibl>
                <bibl xml:id="Zenari2004">
                    Massimo Zenari, <hi rend="italic">Undici madrigali a testimone unico del Panciatichiano 26 (Firenze, Biblioteca Nazionale Centrale)</hi>, «Studi di filologia italiana», 57 (2004), pp. 131-60.
                </bibl>
            </listBibl>
        </back>
    </text>
</TEI>

