<?xml version="1.0" encoding="UTF-8"?>
<?xml-model href="http://www.tei-c.org/release/xml/tei/custom/schema/relaxng/tei_all.rng" type="application/xml" schematypens="http://relaxng.org/ns/structure/1.0"?>
<?xml-model href="http://www.tei-c.org/release/xml/tei/custom/schema/relaxng/tei_all.rng" type="application/xml"
	schematypens="http://purl.oclc.org/dsdl/schematron"?>
<TEI xmlns="http://www.tei-c.org/ns/1.0">
    <teiHeader>
        <fileDesc>
            <titleStmt>
                <title>In verde prato, a·ppadiglion tenduti</title>
                <respStmt>
                    <resp>Digital scholarly edition created within the </resp>
                    <orgName><ref target="https://www.europeanarsnova.eu/">European Ars Nova</ref> ERC project.</orgName>
                </respStmt>
                <respStmt>
                    <resp>Edited by</resp>
                    <name>Maria Sofia Lannutti</name>
                </respStmt>
                <respStmt>
                    <resp>Revised by</resp>
                    <name>Luca Gatti</name>
                </respStmt>
                <respStmt>
                    <resp>TEI-encoded by</resp>
                    <name>Carla Congiu</name>
                </respStmt>
            </titleStmt>
            <publicationStmt>
                <p></p>
                <!--publisher>Edizioni del Galluzzo</publisher>
            <pubPlace>Firenze, Italia</pubPlace>
            <date>2021</date>
            <availability>
               <p>L'edizione è disponibile su licenza.</p>
            </availability>            
            <idno type="ISBN">ISBN</idno>
            <idno type="DOI">DOI</idno>
            <idno type="URI">permalink della scheda ANT</idno-->
            </publicationStmt>
            <sourceDesc>
                <p></p>
            </sourceDesc>
        </fileDesc>
        <encodingDesc>
            <variantEncoding method="double-end-point" location="internal"/>
        </encodingDesc>
    </teiHeader>
    <text>
        <!--front>
         <div>
            <p>
           </p>
         </div>         
      </front-->
        <body>
            <lg>
                <l xml:id="l1">
                    In verde prato, a·<anchor xml:id="l1a1"/>ppadiglion<anchor xml:id="l1a2"/> tenduti
                </l>
                <l xml:id="l2">
                    dançar vidi cantando <anchor xml:id="l2a1"/>a<anchor xml:id="l2a2"/> <anchor xml:id="l2a3"/>dolce<anchor xml:id="l2a4"/> tresca
                </l>
                <l xml:id="l3">
                    donne et amanti su per lʼerba fresca.
                </l>
                <l xml:id="l4">
                    <anchor xml:id="l4a1"/>Con tanta chiarità donna mʼaparve
                </l>
                <l xml:id="l5" n="5">
                    chʼiʼ presi lena, imaginando donde
                </l>
                <l xml:id="l6">
                    venisson sì begli occhi e treççe bionde.<anchor xml:id="l6a1"/>
                </l>
            </lg>
            <lg>
                <l xml:id="l7">
                    Merçé, che ʼl tuo <anchor xml:id="l7a1"/>poder<anchor xml:id="l7a2"/>, Amor, mi vaglia!  
                </l>
            </lg>
        </body>
        <back>
            <listWit>
                <witness xml:id="Fp">
                    <ref type="siglum" target="#Fp">Fp</ref>
                    cc. <locus>95v-96r</locus>, <abbr xml:id="FpC">C</abbr> (vv. 1-3 e 7), <abbr xml:id="FpT">T</abbr> (vv. 1-3 e 7), <hi rend="italic">resid.</hi> (vv. 4-6), <abbr xml:id="FpCt">Ct</abbr> (vv. 1-3 e 7): <hi rend="italic">magister Jacopo</hi>
                </witness>
                <witness xml:id="Sq">
                    <ref type="siglum" target="#Sq">Sq</ref>
                    c. <locus>14r</locus>, <abbr xml:id="SqC">C</abbr> (vv. 1-3 e 7): <hi rend="italic">magister iachob(us) de bononia</hi>
                </witness>
            </listWit>
            <listApp type="substantial">
                <listApp>
                    <head>2</head>
                    <app from="#l2a1" to="#l2a2">
                        <lem>a</lem>
                        <rdg wit="#Sq"></rdg>
                    </app>
                </listApp>
                <listApp>
                    <head>4-6</head>
                    <app from="#l4a1" to="#l6a1">
                        <lem>Con tanta chiarità donna mʼaparve
                            chʼiʼ presi lena, imaginando donde
                            venisson sì begli occhi e treççe bionde.
                        </lem>
                        <rdg wit="#Sq"></rdg>
                    </app>
                </listApp>
            </listApp>
            <listApp type="formal">
                <listApp>
                    <head>1</head>
                    <app from="#l1a1" to="#l1a2">
                        <lem>ppadiglion</lem>
                        <rdgGrp>
                            <rdg wit="#Sq">padiglion</rdg>
                            <rdg>padiglon <wit><ref target="#FpT">Fp<hi rend="super">T</hi></ref><ref target="#FpCt">Fp<hi rend="super">Ct</hi></ref></wit></rdg>
                        </rdgGrp>
                    </app>
                </listApp>
                <listApp>
                    <head>2</head>
                    <app from="#l2a3" to="#l2a4">
                        <lem>dolce</lem>
                        <rdg wit="#Fp">dolçe</rdg>
                    </app>
                </listApp>
                <listApp>
                    <head>4</head>
                    <app from="#l4a1" to="#l4a2">
                        <lem>poder</lem>
                        <rdg wit="#Sq">poter</rdg>
                    </app>
                </listApp>
            </listApp>
            <div type="metricalScheme">
                <p>Madrigale 10ʼa 10ʼb 10ʼb, 10ʼc 10ʼd 10ʼd; 10ʼe.</p>
                <p><hi rend="italic">Capovilla</hi> <hi rend="small-caps">xlvii</hi>.</p>
                <p>Rima ricca ai vv. 2 : 3.</p>
                <p>Punti sottoscritti: v. 1 (<hi rend="italic">prato</hi>) Fp; v. 2 (<hi rend="italic">cantando</hi>) Fp<hi rend="super">C</hi>; v. 3 (<hi rend="italic">donne</hi>) Fp.</p>
            </div>
            <listBibl type="editions">
                <bibl corresp="#LiGotti1944">
                    Li Gotti 1944, p. 141;
                </bibl>
                <bibl corresp="#Corsi1970">
                    Corsi 1970, p. 36.
                </bibl>
            </listBibl>
            <div type="commentary">
                <note target="#l2">
                    <num>2.</num>
                    <hi rend="italic">tresca</hi> : si tratta di una danza concitata, come documentato dal <hi rend="italic">TLIO</hi>, s.v. §1.
                </note>
            </div>
            <listBibl type="editionsBibliography">
                <bibl xml:id="LiGotti1944">
                    E. Li Gotti, <hi rend="italic">Poesie musicali italiane del sec. XIV</hi>, «Atti della Reale Accademia di scienze, lettere e arti di Palermo», IV/2 (1944), pp. 99-167.
                </bibl>
                <bibl xml:id="Corsi1970">
                    Giuseppe Corsi, <hi rend="italic">Poesie musicali del Trecento</hi>, Bologna, Commissione per i testi di lingua, 1970 (Collezione di opere inedite o rare, 131).
                </bibl>
            </listBibl>
        </back>
    </text>
</TEI>
