<?xml version="1.0" encoding="UTF-8"?>
<?xml-model href="http://www.tei-c.org/release/xml/tei/custom/schema/relaxng/tei_all.rng" type="application/xml" schematypens="http://relaxng.org/ns/structure/1.0"?>
<?xml-model href="http://www.tei-c.org/release/xml/tei/custom/schema/relaxng/tei_all.rng" type="application/xml"
	schematypens="http://purl.oclc.org/dsdl/schematron"?>
<TEI xmlns="http://www.tei-c.org/ns/1.0">
   <teiHeader>
      <fileDesc>
         <titleStmt>
            <title>Ita se nʼera a star nel paradiso</title>
            <respStmt>
               <resp>Digital scholarly edition created within the ERC</resp>
               <orgName><ref target="https://www.europeanarsnova.eu/">European Ars Nova</ref> project.</orgName>
            </respStmt>
            <respStmt>
                <resp>Edited by</resp>
                <name>Maria Sofia Lannutti</name> 
            </respStmt>
            <respStmt>
                <resp>Revised by</resp>
                <name>Luca Gatti</name>
            </respStmt>
             <respStmt>
                <resp>TEI-encoded by</resp>
                <name>Letizia Ricci</name>
            </respStmt>
         </titleStmt>
         <publicationStmt>
            <p></p>
            <!--publisher>Edizioni del Galluzzo</publisher>
            <pubPlace>Firenze, Italia</pubPlace>
            <date>2021</date>
            <availability>
               <p>L'edizione è disponibile su licenza.</p>
            </availability>            
            <idno type="ISBN">ISBN</idno>
            <idno type="DOI">DOI</idno>
            <idno type="URI">permalink della scheda ANT</idno-->
         </publicationStmt>
         <sourceDesc>
            <p></p>
         </sourceDesc>
      </fileDesc>
      <encodingDesc>
         <variantEncoding method="double-end-point" location="internal"/>
      </encodingDesc>
   </teiHeader>
    <text>
        <!--<front>
            <div>
                <p></p>
            </div>
        </front> -->
      <body>
         <lg>
            <l xml:id="l1">
                <anchor xml:id="l1a1"/>Ita<anchor xml:id="l1a4"/> se nʼera<anchor xml:id="l1a3"/> a star nel paradiso<anchor xml:id="l1a2"/>:
            </l>
            <l xml:id="l2">
                <anchor xml:id="l2a1"/>cogliendo<anchor xml:id="l2a2"/> fior Proserpina cantava
            </l>
            <l xml:id="l3">
                quando per lʼamor <anchor xml:id="l3a1"/>suo<anchor xml:id="l3a2"/> Pluto cercava.
            </l>
            <l xml:id="l4">
                Così mʼ<anchor xml:id="l4a1"/>apparve<anchor xml:id="l4a2"/>, ondʼ io mʼ<anchor xml:id="l4a3"/>innamorava<anchor xml:id="l4a4"/>,
            </l>
            <l xml:id="l5" n="5">
                <anchor xml:id="l5a1"/>la donna che parò le mani al viso<anchor xml:id="l5a2"/>,
            </l>
            <l xml:id="l6">
                per far <anchor xml:id="l6a1"/>che<anchor xml:id="l6a2"/> mai da·llei fossi diviso.
            </l>
        </lg>
        <lg>
            <l xml:id="l7">
                <anchor xml:id="l7a1"/>Benché<anchor xml:id="l7a2"/>, meglio di me fece <anchor xml:id="l7a3"/>Plutone<anchor xml:id="l7a4"/>,
            </l>
            <l xml:id="l8">
                che·<anchor xml:id="l8a1"/>lla<anchor xml:id="l8a2"/> rapì: ma iʼ <anchor xml:id="l8a3"/>stettʼ in<anchor xml:id="l8a4"/> prigione.
            </l>
        </lg>
      </body>
      <back>
         <listWit>
            <witness xml:id="Sq">
                <ref type="siglum" target="#Sq">Sq</ref>
                cc. <locus>35v-136r</locus>, <abbr xml:id="SqC">C</abbr> (vv. 1-3 e 7-8), <abbr xml:id="SqT">T</abbr> (vv. 1-3 e 7-8), <hi rend="italic">resid.</hi> (vv. 4-6): <hi rend="italic">d(omi)n(u)s abbas vincentius de arimino</hi>
            </witness>
            <witness xml:id="Sq1">
                <ref type="siglum" target="#Sq">Sq<hi rend="subscript">1</hi></ref>
                cc. <locus>45v-46r</locus>, <abbr xml:id="Sq1C">C</abbr> (vv. 1-3 e 7-8), <abbr xml:id="Sq1T"></abbr> (vv. 1-3 e 7-8): <hi rend="italic">laurentius de florentia</hi>
            </witness>
            <witness xml:id="Sq2">
                <ref type="siglum" target="#Sq">Sq<hi rend="subscript">2</hi></ref>
                cc. <locus>46v-47r</locus>, <abbr xml:id="Sq2C">C</abbr> (vv. 1-3 e 7-8), <abbr xml:id="Sq2T"> </abbr> (vv. 1-3 e 7-8): <hi rend="italic">magister laurentius | de florentia.</hi>
            </witness>
            <witness xml:id="Lo">
                <ref type="siglum" target="#Lo">Lo</ref>
                cc. <locus>43v-44r</locus>, <abbr xml:id="LoC">C</abbr> (vv. 1-3 e 7-8), <abbr xml:id="LoT">T</abbr> (vv. 1-3), <hi rend="italic">resid.</hi> (vv. 4-6): <hi rend="italic">m(adrigale) di s(er) Lorenço</hi>
            </witness>
         </listWit>
         <listApp type="substantial">
            <listApp>
                <head>5</head>
                <app from="#l5a1" to="#l5a2">
                   <lem>la donna che parò le mani al viso</lem>
                   <rdg>la donna pero le mani el visso <wit><ref corresp="#LoT">Lo<hi rend="super">T</hi></ref></wit></rdg>
                </app>
            </listApp>
            <listApp>
                <head>6</head>
                <app from="#l6a1" to="#l6a2">
                    <lem>che</lem>
                    <rdg>chi <wit><ref corresp="#LoT">Lo<hi rend="super">T</hi></ref></wit></rdg>
                </app>
            </listApp>
            <listApp>
                <head>7</head>
                <app from="#l7a1" to="#l7a2">
                    <lem>Benché</lem>
                    <rdg>enche <wit><ref corresp="#SqC">Sq<hi rend="super">C</hi></ref></wit></rdg>
                </app>
                <app from="#l7a3" to="#l7a4">
                    <lem>Plutone</lem>
                    <rdg>Prutone <wit><ref corresp="#LoC">Lo<hi rend="super">C</hi></ref></wit></rdg>
                </app>
            </listApp>
         </listApp>
         <listApp type="formal">
            <listApp>
                <head>1</head>
                <app from="#l1a1" to="#l1a2">
                    <rdg><witDetail wit="#Sq2"><hi rend="italic">rip.</hi></witDetail> <wit><ref corresp="#Sq2">Sq<hi rend="subscript">2</hi></ref></wit> <wit><ref corresp="#LoC">Lo<hi rend="super">C</hi></ref></wit></rdg>
                </app>
                <app from="#l1a1" to="#l1a3">
                    <lem>Ita se nʼera</lem>
                    <rdg><witDetail wit="LoT"><hi rend="italic">rip.</hi></witDetail> <wit><ref corresp="#LoT">Lo<hi rend="super">T</hi></ref></wit></rdg>
                </app>
                <app from="#l1a1" to="#l1a4">
                    <lem>Ita</lem>
                    <rdg>it ta <wit><ref corresp="#Sq2">Sq<hi rend="subscript">2</hi></ref></wit></rdg>
                    <rdg>i tta <wit><ref corresp="#LoC">Lo<hi rend="super">C</hi></ref></wit></rdg>
                    <rdg>itta <wit><ref corresp="#LoT">Lo<hi rend="super">T</hi></ref></wit></rdg>
                </app>
            </listApp>
            <listApp>
                <head>2</head>
                <app from="#l2a1" to="#l2a1">
                    <lem>cogliendo</lem>
                    <rdg>congliendo <wit><ref corresp="#Sq2C">Sq<hi rend="subscript">2</hi><hi rend="super">C</hi></ref></wit> <wit><ref corresp="#LoC">Lo<hi rend="super">C</hi></ref></wit></rdg>
                </app>
            </listApp>
            <listApp>
                <head>3</head>
                <app from="#l3a1" to="#l3a2">
                    <lem>suo</lem>
                    <rdg>so <wit><ref corresp="#Sq1C">Sq<hi rend="subscript">1</hi><hi rend="super">C</hi></ref></wit></rdg>
                </app>
            </listApp>
            <listApp>
                <head>4</head>
                <app from="#l4a1" to="#l4a2">
                    <lem>apparve</lem>
                    <rdg>aparve <wit><ref corresp="#LoT">Lo<hi rend="super">T</hi></ref></wit></rdg>
                </app>
                <app from="#l4a3" to="#l4a4">
                    <lem>innamorava</lem>
                    <rdg>inamorava <wit><ref corresp="#LoT">Lo<hi rend="super">T</hi></ref></wit></rdg>
                </app>
            </listApp>
            <listApp>
                <head>8</head>
                <app from="#l8a1" to="#l8a2">
                    <lem>lla</lem>
                    <rdg>la <wit><ref corresp="#Sq1C">Sq<hi rend="subscript">1</hi><hi rend="super">C</hi></ref></wit> <wit><ref corresp="#Sq2C">Sq<hi rend="subscript">2</hi><hi rend="super">C</hi></ref></wit></rdg>
                </app>
                <app from="#l8a3" to="#l8a4">
                    <lem>stettʼ in</lem>
                    <rdg wit="#Sq">stette in </rdg>
                </app>
            </listApp>
         </listApp>
         <div type="metricalScheme">
            <p>
                Madrigale 10ʼa 10ʼb 10ʼb, 10ʼb 10ʼc 10ʼc; 10ʼd 10ʼd.
            </p>
            <p>
                <hi rend="italic">Capovilla</hi> <hi rend="small-caps">xxxiii</hi>.
            </p>
            <p>
                Rima inclusiva ai vv. 5 : 6.
            </p>
         </div>
         <listBibl type="editions">
            <bibl corresp="#Corsi1970">
                Corsi 1970, p. 74;
            </bibl>
            <bibl corresp="#Fantini2015-2016">
                Fantini 2015-2016, pp. 81-87.
            </bibl>
         </listBibl>
         <!--listBibl type="bibliography">
            <bibl>
               <relatedItem>
                  <bibl>Riferimento bibliografico completo</bibl>
               </relatedItem>
            </bibl>
         </listBibl-->
        <div type="commentary">
            <note target="#l7">
                <num>7.</num>
                <p><hi rend="italic">Benché</hi>: più che congiunzione, parrebbe avverbio ʻciononostanteʼ, ʻnonostante tutto ciò (che ho appena esposto sopra)ʼ.</p>
            </note>
         </div>
         <listBibl type="editionsBibliography">
            <bibl xml:id="Corsi1970">
                Giuseppe Corsi, <hi rend="italic">Poesie musicali del Trecento</hi>, Bologna, Commissione per i testi di lingua, 1970 (Collezione di opere inedite o rare, 131).
            </bibl>
            <bibl xml:id="Fantini2015-2016">
                <hi rend="italic">Lorenzo da Firenze, Opera completa: edizione critica commentata dei testi intonati e delle musiche</hi>, tesi di laurea magistrale, Università degli Studi di Pavia, Musicologia e Beni Culturali, 2015-2016.
            </bibl>
         </listBibl>
      </back>
   </text>
</TEI>
