<?xml version="1.0" encoding="UTF-8"?>
<?xml-model href="http://www.tei-c.org/release/xml/tei/custom/schema/relaxng/tei_all.rng" type="application/xml" schematypens="http://relaxng.org/ns/structure/1.0"?>
<?xml-model href="http://www.tei-c.org/release/xml/tei/custom/schema/relaxng/tei_all.rng" type="application/xml"
	schematypens="http://purl.oclc.org/dsdl/schematron"?>
<TEI xmlns="http://www.tei-c.org/ns/1.0">
    <teiHeader>
        <fileDesc>
            <titleStmt>
                <title> Je suy celuy qui veul toudis servir</title>
                <!--<author><ref target="X"></ref></author>-->
                <respStmt>
                    <resp>Digital scholarly edition created within the ERC</resp>
                    <orgName><ref target="https://www.europeanarsnova.eu/">European Ars Nova</ref>
                        project.</orgName>
                </respStmt>
                <respStmt>
                    <resp>Edited by</resp>
                    <name>Maria Sofia Lannutti</name> 
                </respStmt>
                <respStmt>
                    <resp>Revised by</resp>
                    <name>Luca Gatti</name>
                </respStmt>
                <respStmt>
                    <resp>TEI-encoded by</resp>
                    <name>Elvira Mercatanti</name>
                </respStmt>
            </titleStmt>
            <publicationStmt>
                <p/>
                <!--publisher>Edizioni del Galluzzo</publisher>
            <pubPlace>Firenze, Italia</pubPlace>
            <date>2021</date>
            <availability>
               <p>L'edizione è disponibile su licenza.</p>
            </availability>            
            <idno type="ISBN">ISBN</idno>
            <idno type="DOI">DOI</idno>
            <idno type="URI">permalink della scheda ANT</idno-->
            </publicationStmt>
            <sourceDesc>
                <p/>
            </sourceDesc>
        </fileDesc>
        <encodingDesc>
            <variantEncoding method="double-end-point" location="internal"/>
        </encodingDesc>
    </teiHeader>
    <text>
        <!--<front> 
         <div> 
            <p>
               Aggiungi qui l'INTRODUZIONE (se presente). Suddividila in paragrafi (<p>)
               e marca i corsivi (<hi rend="italic"> </hi> )
            </p> 
         </div>         
      </front> -->
        <body>
            <lg>
                <l xml:id="l1">Je suy celuy qui veul toudis servir</l>
                <l xml:id="l2">ma tres noble dame plaisant et gente,</l>
            </lg>
            <lg>
                <l xml:id="l3">a qui mon cuer et mon corps je presente</l>
                <l xml:id="l4">entirement a faire son plaisir,</l>
                <l xml:id="l5" n="5">pour son amour et grace deservir,</l>
                <l xml:id="l6">que prise plus que mille mars de rente.</l>
                <l xml:id="l7"><hi rend="italic"> Je suy <supplied xml:id="suppl1" reason="illegible">[celuy qui veul toudis servir</supplied></hi></l>
                <l xml:id="l8"><hi rend="italic"><supplied xml:id="suppl2" corresp="#suppl1" reason="illegible">ma tres noble dame plaisant et gente].</supplied></hi></l>
            </lg>

        </body>



        <back>
            <listWit>
                <witness xml:id="Ox2">
                    <ref type="siglum" target="#Ox2">Ox2</ref>  c. 110v, <abbr xml:id="Ox2C">C</abbr> (vv. 1-4), <hi rend="italic">resid.</hi> (vv. 5-8): <hi rend="italic">m(agister) baude cordier </hi>
                </witness>
            </listWit>


            <!--<listApp type="substantial">
                
            </listApp>-->



            <!--<listApp type="formal">
                
            </listApp>-->


            <div type="metricalScheme">
                <p><hi rend="italic">Rondeau</hi> 10A 10’B; 10’b 10a; 10a 10’b; 10A 10’B. Si noti che il primo verso del <hi rend="italic">refrain</hi> non è ripetuto in seconda posizione nella strofe; in prima posizione, diversamente, si ha rima b.</p>
                <p>Rima identica ai vv. 1 : 6, 2 : 8.</p>
                <p>Cesura lirica al v. 2.</p>
            </div>


            <listBibl type="editions">                
                <bibl corresp="#Reaney1955"> Reaney 1955, p. <hi rend="small-caps">i</hi>.</bibl>
            </listBibl>
            
            
            <!--<listBibl type="bibliography">
            <bibl corresp="#">
            </bibl>
         </listBibl>-->
            
            
            <!--<div type="commentary">
               
            </div>-->
            
            
            <listBibl type="editionsBibliography">
                
                <bibl xml:id="Reaney1955"><hi rend="italic">Early Fifteenth-Century Music, I. Baude Cordier, Johannis Cesaris, Johannis
                    Carmen, Johannis Tapissier</hi>, ed. by G. Reaney, Roma, AIM, 1955 (CMM, 11/1).</bibl>
                
            </listBibl>
        </back>
    </text>
</TEI>
