<?xml version="1.0" encoding="UTF-8"?>
<?xml-model href="http://www.tei-c.org/release/xml/tei/custom/schema/relaxng/tei_all.rng" type="application/xml" schematypens="http://relaxng.org/ns/structure/1.0"?>
<?xml-model href="http://www.tei-c.org/release/xml/tei/custom/schema/relaxng/tei_all.rng" type="application/xml"
	schematypens="http://purl.oclc.org/dsdl/schematron"?>
<TEI xmlns="http://www.tei-c.org/ns/1.0">
    <teiHeader>
        <fileDesc>
            <titleStmt>
                <title>L’ardant desier qui mon cuer art</title>
                <respStmt>
                    <resp>Digital scholarly edition created within the </resp>
                    <orgName><ref target="https://www.europeanarsnova.eu/">European Ars Nova</ref> ERC project.</orgName>
                </respStmt>
                <respStmt>
                    <resp>Edited by</resp>
                    <name>Maria Sofia Lannutti</name>
                </respStmt>
                <respStmt>
                    <resp>Revised by</resp>
                    <name>Vittoria Brancato</name>
                </respStmt>
                <respStmt>
                    <resp>TEI-encoded by</resp>
                    <name>Carla Congiu</name>
                </respStmt>
            </titleStmt>
            <publicationStmt>
                <p></p>
                <!--publisher>Edizioni del Galluzzo</publisher>
            <pubPlace>Firenze, Italia</pubPlace>
            <date>2021</date>
            <availability>
               <p>L'edizione è disponibile su licenza.</p>
            </availability>            
            <idno type="ISBN">ISBN</idno>
            <idno type="DOI">DOI</idno>
            <idno type="URI">permalink della scheda ANT</idno-->
            </publicationStmt>
            <sourceDesc>
                <p></p>
            </sourceDesc>
        </fileDesc>
        <encodingDesc>
            <variantEncoding method="double-end-point" location="internal"/>
        </encodingDesc>
    </teiHeader>
    <text>
        <front>
            <div>
                <p>
                    Il testo di questa <hi rend="italic">ballade</hi> è irrimediabilmente lacunoso: si conserva l’<hi rend="italic">incipit</hi> e il primo emistichio del secondo verso.
                </p>
            </div>         
        </front>
        <body>
            <lg>
                <l xml:id="l1">
                    L’ardant desier qui mon cuer art
                </l>
                <l xml:id="l2">
                    si ardament <supplied>[…]</supplied>
                </l>
                <l xml:id="l3">
                    <supplied>[…]</supplied>
                </l>
            </lg>
        </body>
        <back>
            <listWit>
                <witness xml:id="Ut">
                    <ref type="siglum" target="#Ut">Ut</ref>
                    c. <locus>39v</locus>, <abbr xml:id="UtC">C</abbr> (vv. 1-2)
                </witness>
            </listWit>
            <!--listApp type="substantial">
            </listApp-->
            <!--listApp type="formal">
            </listApp-->
            <div type="metricalScheme">
                <p><hi rend="italic">Ballade</hi> [...].</p>
            </div>
            <listBibl type="editions">
                <bibl corresp="#Apel-Rosenberg1971">
                    Apel-Rosenberg 1971, p. <hi rend="small-caps">xxviii</hi>.
                </bibl>
            </listBibl>
            <!--div type="commentary">
            </div-->
            <listBibl type="editionsBibliography">
                <bibl xml:id="Apel-Rosenberg1971">
                    Willi Apel, <hi rend="italic">French Secular Compositions of the Fourteenth Century II. Anonymous Ballades</hi>, edition of the Literary Texts by Samuel Rosenberg, Rome, American Institute of Musicology, 1971 (CMM, 53/2).
                </bibl>
            </listBibl>
        </back>
    </text>
</TEI>