<?xml version="1.0" encoding="UTF-8"?>
<?xml-model href="http://www.tei-c.org/release/xml/tei/custom/schema/relaxng/tei_all.rng" type="application/xml" schematypens="http://relaxng.org/ns/structure/1.0"?>
<?xml-model href="http://www.tei-c.org/release/xml/tei/custom/schema/relaxng/tei_all.rng" type="application/xml"
	schematypens="http://purl.oclc.org/dsdl/schematron"?>
<TEI xmlns="http://www.tei-c.org/ns/1.0">
   <teiHeader>
      <fileDesc>
         <titleStmt>
            <title>L’aurate chiome, nodose et avolte</title>
            <respStmt>
               <resp>Digital scholarly edition created within the </resp>
               <orgName><ref target="https://www.europeanarsnova.eu/">European Ars Nova</ref> ERC project.</orgName>
            </respStmt>
            <respStmt>
               <resp>Edited by</resp>
               <name>Maria Sofia Lannutti</name>
            </respStmt>
            <respStmt>
               <resp>Revised by</resp>
               <name>Luca Gatti</name>
            </respStmt>
            <respStmt>
               <resp>TEI-encoded by</resp>
               <name>Carla Congiu</name>
            </respStmt>
         </titleStmt>
         <publicationStmt>
            <p></p>
            <!--publisher>Edizioni del Galluzzo</publisher>
            <pubPlace>Firenze, Italia</pubPlace>
            <date>2021</date>
            <availability>
               <p>L'edizione è disponibile su licenza.</p>
            </availability>            
            <idno type="ISBN">ISBN</idno>
            <idno type="DOI">DOI</idno>
            <idno type="URI">permalink della scheda ANT</idno-->
         </publicationStmt>
         <sourceDesc>
            <p></p>
         </sourceDesc>
      </fileDesc>
      <encodingDesc>
         <variantEncoding method="double-end-point" location="internal"/>
      </encodingDesc>
   </teiHeader>
   <text>
      <!--front>
         <div>
            <p>
           </p>
         </div>         
      </front-->
      <body>
        <lg>
            <l xml:id="l1">
		      <anchor xml:id="l1a1"/>L’<anchor xml:id="l1a2"/>aurate chiome, <anchor xml:id="l1a3"/>nodose et avolte<anchor xml:id="l1a4"/>,
	        </l>
            <l xml:id="l2">
		      d’un fil <anchor xml:id="l2a5"/>di<anchor xml:id="l2a6"/> <anchor xml:id="l2a1"/>perle<anchor xml:id="l2a2"/>, <anchor xml:id="l2a7"/>talor<anchor xml:id="l2a8"/> d’<anchor xml:id="l2a3"/>un<anchor xml:id="l2a4"/> bel fiore,
	        </l>
            <l xml:id="l3">
		      per <anchor xml:id="l3a1"/>vertù<anchor xml:id="l3a2"/> <anchor xml:id="l3a3"/>occulta<anchor xml:id="l3a4"/> <anchor xml:id="l3a5"/>mi<anchor xml:id="l3a6"/> penetra <anchor xml:id="l3a7"/>’l<anchor xml:id="l3a8"/> core.
	        </l>
            <l xml:id="l4">
		        <supplied reason="illegible"> [...] </supplied> 
	        </l>
            <l xml:id="l5" n="5">
                <supplied reason="illegible"> [...] </supplied>   
	        </l>
            <l xml:id="l6">
                <supplied reason="illegible"> [...] </supplied> 
	        </l>
        </lg>
        <lg>
            <l xml:id="l7">
		      <anchor xml:id="l7a3"/>Il<anchor xml:id="l7a4"/> <anchor xml:id="l7a5"/>mi<anchor xml:id="l7a6"/> <anchor xml:id="l7a7"/>convien<anchor xml:id="l7a8"/> <anchor xml:id="l7a1"/>cantar<anchor xml:id="l7a2"/> in alcun loco,
	        </l>
            <l xml:id="l8">
		      che pur <anchor xml:id="l8a5"/>mi<anchor xml:id="l8a6"/> <anchor xml:id="l8a1"/>senta<anchor xml:id="l8a2"/> da’ <anchor xml:id="l8a7"/>sospir’<anchor xml:id="l8a8"/> <anchor xml:id="l8a3"/>en<anchor xml:id="l8a4"/> foco.
	        </l>
        </lg>
       </body>
      <back>
         <listWit>
            <witness xml:id="Sq">
               <ref type="siglum" target="#Sq">Sq</ref>
               cc. <locus>107v-108r</locus>, <abbr xml:id="SqC">C</abbr> (vv. 1-3 e 7-8), <abbr xml:id="SqT">T</abbr> (vv. 1-3 e 7-8): <hi rend="italic">magister frater bartolinus de padua</hi>
            </witness>
            <witness xml:id="Lu">
               <ref type="siglum" target="#Lu">Lu</ref>
               c. <locus>5r [XXXr]</locus>, <abbr xml:id="LuC">C</abbr> (vv. 1-3 e 7-8): <hi rend="italic">fr(atr)is bartholini de padua</hi>
            </witness>
            <witness xml:id="R">
               <ref type="siglum" target="#R">R</ref>
               c. <locus>20v</locus>, <abbr xml:id="RC">C</abbr> (vv. 1-3 e 7-8), <abbr xml:id="RT">T</abbr> (vv. 1-3 e 7-8)
            </witness>
            <witness xml:id="SL">
                <ref type="siglum" target="#SL">SL</ref>
               cc. <locus>31v-32r</locus>, <abbr xml:id="SLC">C</abbr> (vv. 1-3 e 7-8), <abbr xml:id="SLT">T</abbr> (vv. 1-3 e 7-8). Nel <hi rend="italic">tenor</hi> si leggono i vv. 1-2 e 7-8.
            </witness>
            </listWit>
           <listApp type="substantial">
                <listApp>
                    <head>1</head>
                    <app from="#l1a1" to="#l1a2">
                        <lem>L’</lem>
                        <rdg>e <wit><ref target="#RT">R<hi rend="super">T</hi></ref></wit></rdg>
                    </app>
                </listApp>
                <listApp>
                    <head>2</head>
                    <app from="#l2a1" to="#l2a2">
                        <lem>perle</lem>
                        <rdg wit="#Lu #R">perla</rdg>
                    </app>
                    <app from="#l2a3" to="#l2a4">
                        <lem>un</lem>
                        <rdg wit="#R"></rdg>
                    </app>
                </listApp>
                <listApp>
                    <head>7</head>
                    <app from="#l7a1" to="#l7a2">
                        <lem>cantar</lem>
                        <rdg wit="#R">catar</rdg>
                    </app>
                </listApp>
                <listApp>
                    <head>8</head>
                    <app from="#l8a1" to="#l8a2">
                        <lem>senta</lem>
                        <rdgGrp>
                            <rdg wit="#Lu">senti <wit><ref target="#SqT">Sq<hi rend="super">T</hi></ref></wit> <wit><ref target="#RT">R<hi rend="super">T</hi></ref></wit></rdg>
                            <rdg>sento <wit><ref target="#RC">R<hi rend="super">C</hi></ref></wit></rdg>
                        </rdgGrp>
                    </app>
		    <app from="#l8a3" to="#l8a4">
                        <lem>en</lem>
                        <rdg wit="#R">e</rdg>
                    </app>
                </listApp>
           </listApp>
            <listApp type="formal">
                <listApp>
                    <head>1</head>
                    <app from="#l1a1" to="#l1a2">
                        <lem>L’</lem>
                        <rdg>le <wit><ref target="#RC">R<hi rend="super">C</hi></ref></wit></rdg>
                    </app>
                    <app from="#l1a3" to="#l1a4">
                        <lem>nodose et avolte</lem>
                        <rdg wit="#SL">nodose avolte <wit><ref target="#SqT">Sq<hi rend="super">T</hi></ref></wit></rdg>
                    </app>
                </listApp>
                <listApp>
                    <head>2</head>
                    <app from="#l2a5" to="#l2a6">
                        <lem>di</lem>
                        <rdg wit="#Lu #R">de</rdg>
                    </app>
                    <app from="#l2a7" to="#l2a8">
                        <lem>talor</lem>
                        <rdg wit="#SL">ttalor <wit><ref target="#SqT">Sq<hi rend="super">T</hi></ref></wit></rdg>
                    </app>
                </listApp>
                <listApp>
                    <head>3</head>
                    <app from="#l3a1" to="#l3a2">
                        <lem>vertù</lem>
                        <rdg wit="#Lu #R">virtu <wit><ref target="#SqT">Sq<hi rend="super">T</hi></ref></wit></rdg>
                    </app>
                    <app from="#l3a3" to="#l3a4">
                        <lem>occulta</lem>
                        <rdg wit="#Lu #R">oculta</rdg>
                    </app>
                    <app from="#l3a5" to="#l3a6">
                        <lem>mi</lem>
                        <rdg wit="#Lu">me</rdg>
                    </app>
                    <app from="#l3a7" to="#l3a8">
                        <lem>’l</lem>
                        <rdg>el <wit><ref target="#RT">R<hi rend="super">T</hi></ref></wit></rdg>
                    </app>
                </listApp>
                <listApp>
                    <head>7</head>
                    <app from="#l7a3" to="#l7a4">
                        <lem>Il</lem>
                        <rdg wit="#Lu">el</rdg>
                    </app>
                    <app from="#l7a5" to="#l7a6">
                        <lem>mi</lem>
                        <rdg wit="#R #SL">me <wit><ref target="#SqT">Sq<hi rend="super">T</hi></ref></wit></rdg>
                    </app>
                    <app from="#l7a7" to="#l7a8">
                        <lem>Il</lem>
                        <rdg wit="#R">el</rdg>
                    </app>
                    <app from="#l7a9" to="#l7a10">
                        <lem>in</lem>
                        <rdg wit="#Lu #R">inn</rdg>
                    </app>
                </listApp>
                <listApp>
                    <head>8</head>
                    <app from="#l8a5" to="#l8a6">
                        <lem>mi</lem>
                        <rdg wit="#R">me</rdg>
                    </app>
                    <app from="#l8a7" to="#l8a8">
                        <lem>sospir’</lem>
                        <rdg wit="#SL #Lu">sospiri <wit><ref target="#SqT">Sq<hi rend="super">T</hi></ref></wit></rdg>
                    </app>
                </listApp>
            </listApp>
            <div type="metricalScheme">
                <p>Madrigale 10’a 10’b 10’b, 10’? 10’? 10’?; 10’m 10’m.</p> 
                <p>Punti sottoscritti: v. 1 (<hi rend="italic">nodose</hi>) Lu; v. 8 (<hi rend="italic">sospir</hi>) Lu.</p>
            </div>
            <listBibl type="editions">
                <bibl corresp="#LiGotti1950">
                    Pirrotta-Li Gotti 1950, p. 116;
                </bibl>
                <bibl corresp="#Corsi1970">
                    Corsi 1970, p. 261.
                </bibl>
            </listBibl>
            <!--div type="commentary">
            </div-->
            <listBibl type="editionsBibliography">
                <bibl xml:id="LiGotti1950">
                N. Pirrotta-E. Li Gotti, <hi rend="italic">Il Codice di Lucca: II. Testi letterari</hi>, «Musica Disciplina», 4 (1950), pp. 111-152.
                </bibl>
                <bibl xml:id="Corsi1970">
                Giuseppe Corsi, <hi rend="italic">Poesie musicali del Trecento</hi>, Bologna, Commissione per i testi di lingua, 1970 (Collezione di opere inedite o rare, 131).
                </bibl>
            </listBibl>
        </back>
    </text>
</TEI>
