<?xml version="1.0" encoding="UTF-8"?>
<?xml-model href="http://www.tei-c.org/release/xml/tei/custom/schema/relaxng/tei_all.rng" type="application/xml" schematypens="http://relaxng.org/ns/structure/1.0"?>
<?xml-model href="http://www.tei-c.org/release/xml/tei/custom/schema/relaxng/tei_all.rng" type="application/xml"
	schematypens="http://purl.oclc.org/dsdl/schematron"?>
<TEI xmlns="http://www.tei-c.org/ns/1.0">
   <teiHeader>
      <fileDesc>
         <titleStmt>
            <title>L’invido, per lo ben che in altrui vede</title>
            <respStmt>
               <resp>Digital scholarly edition created within the </resp>
               <orgName><ref target="https://www.europeanarsnova.eu/">European Ars Nova</ref> ERC project.</orgName>
            </respStmt>
            <respStmt>
               <resp>Edited by</resp>
               <name>Maria Sofia Lannutti</name>
            </respStmt>
            <respStmt>
               <resp>Revised by</resp>
               <name>Luca Gatti</name>
            </respStmt>
            <respStmt>
               <resp>TEI-encoded by</resp>
               <name>Carla Congiu</name>
            </respStmt>
         </titleStmt>
         <publicationStmt>
            <p></p>
            <!--publisher>Edizioni del Galluzzo</publisher>
            <pubPlace>Firenze, Italia</pubPlace>
            <date>2021</date>
            <availability>
               <p>L'edizione è disponibile su licenza.</p>
            </availability>            
            <idno type="ISBN">ISBN</idno>
            <idno type="DOI">DOI</idno>
            <idno type="URI">permalink della scheda ANT</idno-->
         </publicationStmt>
         <sourceDesc>
            <p></p>
         </sourceDesc>
      </fileDesc>
      <encodingDesc>
         <variantEncoding method="double-end-point" location="internal"/>
      </encodingDesc>
   </teiHeader>
   <text>
      <!--front>
         <div>
            <p>
           </p>
         </div>         
      </front-->
      <body>
        <lg>
            <l xml:id="l1">
		      L’invido, per lo ben che in altrui vede,
	        </l>
            <l xml:id="l2">
		      si smagra et struge con’ pesce <anchor xml:id="l2a1"/><supplied reason="illegible">[en la]</supplied><anchor xml:id="l2a2"/> rede. 
	        </l>
        </lg>
        <lg>
            <l xml:id="l3">
		      Séguita questo, <anchor xml:id="l3a1"/>non<anchor xml:id="l3a2"/> mai l’abandona,
	        </l>
            <l xml:id="l4">
		      ignorança <anchor xml:id="l4a1"/>addietr’ a<anchor xml:id="l4a2"/> chi·ssa presta
	        </l>
            <l xml:id="l5" n="5">
              et quello che non sa no·lli consona,
	        </l>
            <l xml:id="l6">
		      no·lli consente mai, tanto·l molesta,
	        </l>
            <l xml:id="l7">
		      onde nessuna è più grave tenpesta
	        </l>
            <l xml:id="l8">
		      dell’invido, et Oratio ne concede.
	        </l>
        </lg>
       </body>
      <back>
         <listWit>
            <witness xml:id="Sq">
               <ref type="siglum" target="#Sq">Sq</ref>
               c. <locus>116v</locus>, <abbr xml:id="SqC">C</abbr> (vv. 1-4), <abbr xml:id="SqT">T</abbr> (vv. 1-4), <hi rend="italic">resid</hi>. (vv. 5-8): <hi rend="italic">magister frater bartolinus de padua</hi>
            </witness>
            </listWit>
           <listApp type="substantial">
               <listApp>
                 <head>2</head>
                 <app from="#l2a1" to="#l2a2">
                  <lem>en la</lem>
                  <rdg wit="#Sq">nel</rdg>
                 </app>
               </listApp>
               <listApp>
                 <head>3</head>
                 <app from="#l3a1" to="#l3a2">
                  <lem>non</lem>
                  <rdg>nel <wit><ref target="#SqT">Sq<hi rend="super">T</hi></ref></wit></rdg>
                 </app>
               </listApp>
               <listApp>
                 <head>4</head>
                 <app from="#l4a1" to="#l4a2">
                  <lem>addietr’ a</lem>
                  <rdgGrp>
                    <rdg>addietrarra <wit><ref target="#SqC">Sq<hi rend="super">C</hi></ref></wit></rdg>
                    <rdg>di trar a <wit><ref target="#SqT">Sq<hi rend="super">T</hi></ref></wit></rdg>
                  </rdgGrp>
                 </app>
               </listApp>            
           </listApp>
         <!--listApp type="formal">
         </listApp-->
         <div type="metricalScheme">
            <p>Ballata minore 10’z 10’z; 10’a 10’b, 10’a 10’b; 10’b 10’z.</p> 
            <p><hi rend="italic">Pagnotta</hi> 111 : 143.</p>
            <p>Punti sottoscritti: v. 3 (<hi rend="italic">mai</hi>).</p>
         </div>
         <listBibl type="editions">
            <bibl corresp="#Corsi1970">
               Corsi 1970, p. 247-8.
            </bibl>
         </listBibl>
         <div type="commentary">
            <note target="#l2">
               <num>2.</num>
               <hi rend="italic">en la</hi>: Il sostantivo <hi rend="italic">rede</hi> ‘rete’ è sempre femminile, per cui si è ritenuto opportuno correggere, presupponendo una lettura erronea <hi rend="italic">en la ›<!-->--> nel</hi>, con inversione delle prime due lettere e omissione di -<hi rend="italic">a</hi>, forse per influenza del maschile <hi rend="italic">rede</hi> ‘erede’.
            </note>
            <note target="#l4">
               <num>4.</num>
               <hi rend="italic">ignoranza addietr’</hi>: la dialefe è forse dovuta alla sostituzione del latinismo <hi rend="italic">ignorantïa</hi>.
               ▪ <hi rend="italic">addietr’ a</hi>: irricevibili le lezioni di Sq, forse su un originario <hi rend="italic">dietr’ a</hi>, coerente con il <hi rend="italic">Séguita</hi> del verso precedente.
            </note>
            <note target="#l4 #l6">
               <num>4-6.</num>
               ‘offre ignoranza a chi è saggio e gli contesta ciò che non conosce, non gli dà mai ragione, tanto è molesto’.
            </note>
            <note target="#l7">
               <num>7.</num>
               Ci si riferisce a Orazio, <hi rend="italic">Ep</hi>. I 2, vv. 57-59 (Corsi 1970, p. 246).
            </note>
         </div>
         <listBibl type="editionsBibliography">
            <bibl xml:id="Corsi1970">
               Giuseppe Corsi, <hi rend="italic">Poesie musicali del Trecento</hi>, Bologna, Commissione per i testi di lingua, 1970 (Collezione di opere inedite o rare, 131).
            </bibl>
         </listBibl>
      </back>
   </text>
</TEI>
