<?xml version="1.0" encoding="UTF-8"?>
<?xml-model href="http://www.tei-c.org/release/xml/tei/custom/schema/relaxng/tei_all.rng" type="application/xml" schematypens="http://relaxng.org/ns/structure/1.0"?>
<?xml-model href="http://www.tei-c.org/release/xml/tei/custom/schema/relaxng/tei_all.rng" type="application/xml"
	schematypens="http://purl.oclc.org/dsdl/schematron"?>
<TEI xmlns="http://www.tei-c.org/ns/1.0">
    <teiHeader>
        <fileDesc>
            <titleStmt>
                <title>La bella et la veççosa cavrïola</title>
                <respStmt>
                    <resp>Digital scholarly edition created within the </resp>
                    <orgName><ref target="https://www.europeanarsnova.eu/">European Ars Nova</ref> ERC project.</orgName>
                </respStmt>
                <respStmt>
                    <resp>Edited by</resp>
                    <name>Maria Sofia Lannutti</name>
                </respStmt>
                <respStmt>
                    <resp>Revised by</resp>
                    <name>Alice Colantuoni</name>
                </respStmt>
                <respStmt>
                    <resp>TEI-encoded by</resp>
                    <name>Carla Congiu</name>
                </respStmt>
            </titleStmt>
            <publicationStmt>
                <p></p>
                <!--publisher>Edizioni del Galluzzo</publisher>
            <pubPlace>Firenze, Italia</pubPlace>
            <date>2021</date>
            <availability>
               <p>L'edizione è disponibile su licenza.</p>
            </availability>            
            <idno type="ISBN">ISBN</idno>
            <idno type="DOI">DOI</idno>
            <idno type="URI">permalink della scheda ANT</idno-->
            </publicationStmt>
            <sourceDesc>
                <p></p>
            </sourceDesc>
        </fileDesc>
        <encodingDesc>
            <variantEncoding method="double-end-point" location="internal"/>
        </encodingDesc>
    </teiHeader>
    <text>
        <!--front>
            <div>
                <p>
                </p>
            </div>         
        </front-->
        <body>
            <lg>
                <l xml:id="l1">
                    La bella et la veççosa cavrïola,
                </l>
                <l xml:id="l2">
                    con tanti affanni da·mme seguitata,
                </l>
                <l xml:id="l3">               
                    subit’ è <anchor xml:id="l3a1"/>pres’ e<anchor xml:id="l3a2"/> per altru’ cacciata.
                </l>    
                <l xml:id="l4">
                    Omè, quant’ arte sollicita usai 
                </l>
                <l xml:id="l5" n="5">
                    per monte et valle, sperando aver prode
                </l>
                <l xml:id="l6">
                    del ben c’altruï sì di liger gode,
                </l>
                <l xml:id="l7">
                    perch’ io non spero né disio conforto,
                </l>
                <l xml:id="l8">
                    vegiendo sì di presso essermi <anchor xml:id="l8a1"/>tolt<supplied>[a]</supplied><anchor xml:id="l8a2"/>
                </l>
                <l xml:id="l9">
                    la cara preda c’avrie in brieve accolta.
                </l>
            </lg>
            <lg>
                <l xml:id="l10" n ="10">
                    Ai quant’ è ’l <anchor xml:id="l10a1"/>cacciator<anchor xml:id="l10a2"/> villan che prende
                </l>
                <l xml:id="l11">
                    preda c’altr’ à levata, et quant’ offende!
                </l>
            </lg>
        </body>
        <back>
            <listWit>
                <witness xml:id="Sq">
                    <ref type="siglum" target="#Sq">Sq</ref>
                    c. <locus>27r</locus>, <abbr xml:id="SqC">C</abbr> (vv. 1-3 e 10-11), <abbr xml:id="SqT">T</abbr> (vv. 1-3 e 10-11), <hi rend="italic">resid.</hi> (vv. 4-9): <hi rend="italic">magister s(er) ghirardellus de florentia</hi>
                </witness>
            </listWit>
            <listApp type="substantial">
                <listApp>
                    <head>8</head>
                    <app from="#l8a1" to="#l8a2">
                        <lem>tolta</lem>
                        <rdg wit="#Sq">tolto</rdg>
                    </app>
                </listApp>
                <listApp>
                    <head>10</head>
                    <app from="#l10a1" to="#l10a2">
                        <lem>cacciator</lem>
                        <rdg>cacci tor <wit><ref target="#SqT">Sq<hi rend="super">T</hi></ref></wit></rdg>
                    </app>
                </listApp>
            </listApp>
            <listApp type="formal">
                <listApp>
                    <head>3</head>
                    <app from="#l3a1" to="#l3a2">
                        <lem>pres’ e</lem>
                        <rdg>presa et <wit><ref target="#SqT">Sq<hi rend="super">T</hi></ref></wit></rdg>
                    </app>
                </listApp>
            </listApp>
            <div type="metricalScheme">
                <p>Madrigale 10’a 10’b 10’b, 10’c 10’d 10’d, 10’e 10’f 10’f; 10’g 10’g.</p>
                <p><hi rend="italic">Capovilla</hi> <hi rend="small-caps">liii</hi>.</p>
            </div>
            <listBibl type="editions">
                <bibl corresp="#Carducci1936">
                    Carducci 1936, p. 366;
                </bibl>
                <bibl corresp="#Sapegno1952">
                    Sapegno 1952, p. 516;
                </bibl>
                <bibl corresp="#Corsi1969">
                    Corsi 1969, pp. 1029-30;
                </bibl>
                <bibl corresp="#Corsi1970">
                    Corsi 1970, p. 62.
                </bibl>
            </listBibl>
            <div type="commentary">
                <note target="#l5">
                    <num>5.</num>
                    <hi rend="italic">prode</hi>: ʻvantaggioʼ. 
                </note>
            </div>
            <listBibl type="editionsBibliography">
                <bibl xml:id="Carducci1936">
                    Musica e poesia nel mondo elegante italiano del sec. XIV, Ediz. Naz. delle Opere vol. IX (I trovatori e la cavalleria), Bologna, N. Zanichelli Ed., 1936
                </bibl>
                <bibl xml:id="Sapegno1952">
                    Natalino Sapegno, <hi rend="italic">Poeti minori del Trecento</hi>, Milano-Napoli, Ricciardi, 1952
                </bibl>
                <bibl xml:id="Corsi1969">
                    G. Corsi, <hi rend="italic">Rimatori del Trecento</hi>, Torino, UTET, 1969
                </bibl>
                <bibl xml:id="Corsi1970">
                    Giuseppe Corsi, <hi rend="italic">Poesie musicali del Trecento</hi>, Bologna, Commissione per i testi di lingua, 1970 (Collezione di opere inedite o rare, 131)
                </bibl>
            </listBibl>
        </back>
    </text>
</TEI>