<?xml version="1.0" encoding="UTF-8"?>
<?xml-model href="http://www.tei-c.org/release/xml/tei/custom/schema/relaxng/tei_all.rng" type="application/xml" schematypens="http://relaxng.org/ns/structure/1.0"?>
<?xml-model href="http://www.tei-c.org/release/xml/tei/custom/schema/relaxng/tei_all.rng" type="application/xml"
	schematypens="http://purl.oclc.org/dsdl/schematron"?>
<TEI xmlns="http://www.tei-c.org/ns/1.0">
   <teiHeader>
      <fileDesc>
         <titleStmt>
            <title>La douce çere d’un fier animal</title>
            <respStmt>
               <resp>Digital scholarly edition created within the ERC</resp>
               <orgName><ref target="https://www.europeanarsnova.eu/">European Ars Nova</ref> project.</orgName>
            </respStmt>
            <respStmt>
                <resp>Edited by</resp>
                <name>Maria Sofia Lannutti</name> 
            </respStmt>
            <respStmt>
                <resp>Revised by</resp>
                <name>Luca Gatti</name>
            </respStmt>
             <respStmt>
                <resp>TEI-encoded by</resp>
                <name>Letizia Ricci</name>
            </respStmt>
         </titleStmt>
         <publicationStmt>
            <p></p>
            <!--publisher>Edizioni del Galluzzo</publisher>
            <pubPlace>Firenze, Italia</pubPlace>
            <date>2021</date>
            <availability>
               <p>L'edizione è disponibile su licenza.</p>
            </availability>            
            <idno type="ISBN">ISBN</idno>
            <idno type="DOI">DOI</idno>
            <idno type="URI">permalink della scheda ANT</idno-->
         </publicationStmt>
         <sourceDesc>
            <p></p>
         </sourceDesc>
      </fileDesc>
      <encodingDesc>
         <variantEncoding method="double-end-point" location="internal"/>
      </encodingDesc>
   </teiHeader>
    <text>
      <front>
         <div>
            <p>
                La <hi rend="italic">varia lectio</hi> del v. 7, ipometro in tutti i testimoni se non si considera originario l’italianismo <hi rend="italic">porta</hi> in Fp Lo Lu e R contro port in Sq Pit e SL che compensa l’ipometria («A son col porta un escu tout blans»), fa supporre l’esistenza di un archetipo comune all’intera tradizione. Altre innovazioni confermano la parentela di Pit, Sq e SL da un lato (vv. 2 e 6, <hi rend="italic">signifians</hi> e <hi rend="italic">senblans</hi> in luogo di <hi rend="italic">signifianse</hi> e <hi rend="italic">semblanse</hi>), e di Fp e Lu dall’altro (v. 6, <hi rend="italic">humble</hi> in luogo di <hi rend="italic">humile</hi>), e l’indipendenza da essi del resto della tradizione. Le relazioni tra i manoscritti non sono però ulteriormente definibili. Le modifiche e proposte d’integrazione sono richieste soprattutto dalla misura dei versi. Ne risulta la conformazione madrigalistica di gran lunga più diffusa. Va notata l’eccezionale discordanza di cadenza tra il primo e il secondo terzetto (i due <hi rend="italic">décasyllabes</hi> in rima hanno cadenza femminile nel primo, cadenza maschile nel secondo). La discordanza non sussiste nella sola versione di Sq e Pit, che riportano le forme <hi rend="italic">signifians</hi> e <hi rend="italic">senblans</hi>. La loro adozione comporterebbe però identità di rima con il ritornello, non altrimenti attestata nell’intero repertorio madrigalistico. Di SL si registrano nell’apparato le sole varianti leggibili.
            </p>
         </div>
      </front> 
      <body>
         <lg>
            <l xml:id="l1">
                La <anchor xml:id="l1a5"/>douce çere <anchor xml:id="l1a1"/>d’un<anchor xml:id="l1a2"/> fier <anchor xml:id="l1a3"/>animal<anchor xml:id="l1a4"/>
            </l>
            <l xml:id="l2">
                <anchor xml:id="l2a1"/>se <anchor xml:id="l2a6"/>poyt <anchor xml:id="l2a2"/>intendre <anchor xml:id="l2a3"/>pour <anchor xml:id="l2a4"/>signifïan<supplied reason="illegible">[se]</supplied><anchor xml:id="l2a5"/>
            </l>
            <l xml:id="l3">
                «<anchor xml:id="l3a6"/>Grant <anchor xml:id="l3a1"/>ardimant <anchor xml:id="l3a2"/>et <anchor xml:id="l3a3"/>humile <anchor xml:id="l3a4"/>semblan<supplied reason="illegible">[se]</supplied><anchor xml:id="l3a5"/>».
            </l>
            <l xml:id="l4">
                Le vis human, <anchor xml:id="l4a3"/>le <anchor xml:id="l4a1"/>buste<anchor xml:id="l4a2"/> d’un lÿon,
            </l>
            <l xml:id="l5" n="5">
                <anchor xml:id="l5a1"/>intresig<supplied reason="illegible">[n]</supplied>iés<anchor xml:id="l5a2"/> d’un <anchor xml:id="l5a3"/><supplied reason="illegible">[tres]</supplied><anchor xml:id="l5a4"/> brief allegier,
            </l>
            <l xml:id="l6">
                que dit: «<anchor xml:id="l6a1"/>Lÿa<supplied reason="illegible">[le]</supplied>mant<anchor xml:id="l6a2"/> sans <anchor xml:id="l6a3"/><supplied reason="illegible">[nul] </supplied><anchor xml:id="l6a4"/>dottier<anchor xml:id="l6a5"/>».
            </l>
            <l xml:id="l7">
                <anchor xml:id="l7a1"/><supplied reason="illegible">[A son]</supplied> <anchor xml:id="l7a2"/>col <anchor xml:id="l7a3"/>port <anchor xml:id="l7a4"/>un <supplied reason="illegible">[e]</supplied>scu<supplied reason="illegible">[sson]</supplied> <anchor xml:id="l7a5"/>tout <anchor xml:id="l7a6"/>blans<anchor xml:id="l7a7"/>,
            </l>
            <l xml:id="l8">
                <anchor xml:id="l8a7"/>che <anchor xml:id="l8a1"/>d’<anchor xml:id="l8a8"/>engombrer <anchor xml:id="l8a2"/>il fet <anchor xml:id="l8a3"/>tout <anchor xml:id="l8a4"/><supplied reason="illegible">[grans]</supplied> garans<anchor xml:id="l8a5"/>.
            </l>
        </lg>
      </body>
      <back>
         <listWit>
            <witness xml:id="Sq">
                <ref type="siglum" target="#Sq">Sq</ref>
                cc. <locus>101v-102r</locus>, <abbr xml:id="SqC">C</abbr> (vv. 1-3 e 7-8), <abbr xml:id="SqT">T</abbr> (vv. 1-3 e 7-8), <abbr xml:id="SqCt">Ct</abbr> (vv. 1-3 e 7-8),<hi rend="italic">resid.</hi> (vv. 4-6): <hi rend="italic">magister frater bartolinus de padua</hi>
            </witness>
            <witness xml:id="Fp">
                <ref type="siglum" target="#Fp">Fp</ref>
                cc. <locus>108v-109r</locus>, <abbr xml:id="FpC">C</abbr> (vv. 1-3 e 7-8): <hi rend="italic">fra bartolino da p(er)ugia</hi>
            </witness>
            <witness xml:id="Lo">
                <ref type="siglum" target="#Lo">Lo</ref>
                cc. <locus>15v-16r</locus>, <abbr xml:id="LoC">C</abbr> (vv. 1-3 e 7-8): <hi rend="italic">frater bartolinus de padua</hi>
            </witness>
            <witness xml:id="Lu">
                <ref type="siglum" target="#Lu">Lu</ref>
                c. <locus>1r [XXr]</locus>, <abbr xml:id="LuC">C</abbr> (vv. 1-3 e 7-8)): [...] <hi rend="italic">de padua</hi>
            </witness>
            <witness xml:id="Pit">
                <ref type="siglum" target="#Pit">Pit</ref>
                cc. <locus>41v-42r</locus>, <abbr xml:id="PitC">C</abbr> (vv. 1-3 e 7-8), <abbr xml:id="PitT">T</abbr> (vv. 1-3 e 7-8), <hi rend="italic">resid.</hi> (vv. 4-6): <hi rend="italic">Fr(a)t(er) Ba(r)tholin(us)</hi>
            </witness>
            <witness xml:id="R">
                <ref type="siglum" target="#R">R</ref>
                cc. <locus>13v-14r</locus>, <abbr xml:id="RC">C</abbr> (vv. 1-3 e 7-8), <abbr xml:id="RT">T</abbr> (vv. 1-2)
            </witness>
            <witness xml:id="SL">
                <ref type="siglum" target="#SL">SL</ref>
                cc. <locus>7v-8r</locus>, <abbr xml:id="SLC">C</abbr> (vv. 1-3 e 7-8), <abbr xml:id="SLT">T</abbr> (vv. 1-3 e 7-8)
            </witness>
         </listWit>
         <listApp type="substantial">
            <listApp>
                <head>1</head>
                <app from="#l1a1" to="#l1a2">
                   <lem>d’un</lem>
                   <rdg wit="#SL">dun dun <wit><ref corresp="#SqC">Sq<hi rend="super">C</hi></ref></wit> <wit><ref corresp="#SqT">Sq<hi rend="super">T</hi></ref></wit> <wit><ref corresp="#PitC">Pit<hi rend="super">C</hi></ref></wit></rdg>
                   <rdg wit="#Lo">du</rdg>
                </app>
                <app from="#l1a3" to="#l1a4">
                    <lem>animal</lem>
                    <rdg wit="#Lo">animale</rdg>
                </app>
            </listApp>
            <listApp>
                <head>2</head>
                <app from="#l2a1" to="#l2a2">
                    <lem>se poyt</lem>
                    <rdg wit="#Lo">se po pot</rdg>
                    <rdg>se en puit <wit><ref corresp="#RT">R<hi rend="super">T</hi></ref></wit></rdg>
                </app>
                <app from="#l2a2" to="#l2a3">
                    <lem>intendre</lem>
                    <rdg wit="#Lo">entender</rdg>
                    <rdg wit="#R">intende</rdg>
                </app>
                <app from="#l2a4" to="#l2a5">
                    <lem>signifïanse</lem>
                    <rdg wit="#Sq #Pit #SL">signifians</rdg>
                </app>
            </listApp>
            <listApp>
                <head>3</head>
                <app from="#l3a1" to="#l3a2">
                    <lem>ardimant</lem>
                    <rdg wit="#R">ardiamant</rdg>
                </app>
                <app from="#l3a2" to="#l3a3">
                    <lem>et</lem>
                    <rdg wit="#Pit">et et</rdg>
                </app>
                <app from="#l3a3" to="#l3a4">
                    <lem>humile</lem>
                    <rdg wit="#Lo">humele le le</rdg>
                    <rdg wit="#Fp #Lu">humble</rdg>
                </app>
                <app from="#l3a4" to="#l3a5">
                    <lem>semblanse</lem>
                    <rdg wit="#Sq">senblans <wit><ref corresp="#PitT">Pit<hi rend="super">T</hi></ref></wit> <wit><ref corresp="#SL">SL<hi rend="super">T</hi></ref></wit></rdg>
                    <rdg wit="#Lo">seblance</rdg>
                    <rdg>senblan humile senblans <wit><ref corresp="#PitC">Pit<hi rend="super">C</hi></ref></wit></rdg>
                    <rdg wit="#Lu">senblan le senblance</rdg>
                </app>
            </listApp>
            <listApp>
                <head>4</head>
                <app from="#l4a1" to="#l4a2">
                    <lem>buste</lem>
                    <rdg wit="#Sq">bust</rdg>
                </app>
            </listApp>
            <listApp>
                <head>5</head>
                <app from="#l5a1" to="#l5a2">
                    <lem>intresigniés</lem>
                    <rdg wit="#Sq">intresigies</rdg>
                    <rdg wit="#Pit">intresegies</rdg>
                </app>
                <app from="#l5a3" to="#l5a4">
                    <lem>tres</lem>
                    <rdg wit="#Sq #Pit"/>
                </app>
            </listApp>
            <listApp>
                <head>6</head>
                <app from="#l6a1" to="#l6a2">
                    <lem>Lÿalemant</lem>
                    <rdg wit="#Sq">liamant</rdg>
                    <rdg wit="#Pit">lialmant</rdg>
                </app>
                <app from="#l6a3" to="#l6a4">
                    <lem>nul</lem>
                    <rdg wit="#Sq #Pit"/>
                </app>
            </listApp>
            <listApp>
                <head>7</head>
                <app from="#l7a1" to="#l7a2">
                    <lem>A son</lem>
                    <rdg>an su <wit><ref corresp="#SqC">Sq<hi rend="super">C</hi></ref></wit> <wit><ref corresp="#SqT">Sq<hi rend="super">T</hi></ref></wit></rdg>
                    <rdg wit="#Lo">so</rdg>
                    <rdg>et an su <wit><ref corresp="#PitC">Pit<hi rend="super">C</hi></ref></wit></rdg>
                    <rdg wit="#Sq">et a suo <wit><ref corresp="#PitT">Pit<hi rend="super">T</hi></ref></wit></rdg>
                </app>
                <app from="#l7a2" to="#l7a3">
                    <lem>col</lem>
                    <rdg wit="#Lo">quel</rdg>
                </app>
                <app from="#l7a3" to="#l7a4">
                    <lem>port</lem>
                    <rdg wit="#Lo">porta</rdg>
                </app>
                <app from="#l7a4" to="#l7a5">
                    <lem>un escusson</lem>
                    <rdg wit="#SL">un scut <wit><ref corresp="#SqC">Sq<hi rend="super">C</hi></ref></wit> <wit><ref corresp="#SqT">Sq<hi rend="super">T</hi></ref></wit> <wit><ref corresp="#PitC">Pit<hi rend="super">C</hi></ref></wit></rdg>
                    <rdg>un un scut <wit><ref corresp="#SqCt">Sq<hi rend="super">Ct</hi></ref></wit></rdg>
                    <rdg wit="#Fp">unescu</rdg>
                    <rdg wit="#Lo">une scuter (<hi rend="italic">con titulus ridondante sul</hi> u)</rdg>
                    <rdg wit="#Lu">uneschu</rdg>
                    <rdg>un ‹e›scut <wit><ref corresp="#PitT">Pit<hi rend="super">T</hi></ref></wit></rdg>
                    <rdg wit="#R">us scu</rdg>
                </app>
                <app from="#l7a5" to="#l7a6">
                    <lem>tout</lem>
                    <rdg wit="#Lo"/>
                </app>
                <app from="#l7a6" to="#l7a7">
                    <lem>blans</lem>
                    <rdg wit="#Lo">brans</rdg>
                </app>
            </listApp>
            <listApp>
                <head>8</head>
                <app from="#l8a1" to="#l8a2">
                    <lem>d’engombrer</lem>
                    <rdg wit="#Lo">diglonbien</rdg>
                    <rdg wit="#Fp #R">degombrier</rdg>
                </app>
                <app from="#l8a2" to="#l8a3">
                    <lem>il fet</lem>
                    <rdg wit="#Fp">il feit</rdg>
                    <rdg wit="#Lo">le fort</rdg>
                    <rdg>il fect <wit><ref corresp="#PitC">Pit<hi rend="super">C</hi></ref></wit></rdg>
                    <rdg wit="#R">il fiet</rdg>
                </app>
                <app from="#l8a4" to="#l8a5">
                    <lem>grans garans</lem>
                    <rdg wit="#Sq #Fp #Pit">garans <wit><ref corresp="#SLT">SL<hi rend="super">T</hi></ref></wit></rdg>
                    <rdg wit="#Lo">gharans</rdg>
                    <rdg wit="#Lu">gra <gap reason="illegible" rend="per l.m."/></rdg>
                    <rdg wit="#R">grans</rdg>
                </app>
            </listApp>
         </listApp>
         <listApp type="formal">
            <listApp>
                <head>1</head>
                <app from="#l1a5" to="#l1a1">
                    <lem>douce çere</lem>
                    <rdg wit="#Lo">dolcē cera</rdg>
                    <rdg wit="#Fp">doulse cere </rdg>
                    <rdg wit="#Lu">douce ciere</rdg>
                </app>
            </listApp>
            <listApp>
                <head>2</head>
                <app from="#l2a6" to="#l2a2">
                    <lem>poyt</lem>
                    <rdg wit="#Lo">pot</rdg>
                    <rdg wit="#R">puit</rdg>
                </app>
                <app from="#l2a3" to="#l2a4">
                    <lem>pour</lem>
                    <rdg wit="#Fp #R">por</rdg>
                </app>
                <app from="#l2a4" to="#l2a5">
                    <lem>signïfianse</lem>
                    <rdg wit="#Fp #Lu">sanefiance</rdg>
                    <rdg wit="#Lo">sinafiance</rdg>
                </app>
            </listApp>
            <listApp>
                <head>3</head>
                <app from="#l3a6" to="#l3a1">
                    <lem>Grant</lem>
                    <rdg wit="#Pit">gran</rdg>
                </app>
                <app from="#l3a1" to="#l3a2">
                    <lem>ardimant</lem>
                    <rdg wit="#Lo">ardiment</rdg>
                </app>
                <app from="#l3a3" to="#l3a5">
                    <lem>humile semblanse</lem>
                    <rdg wit="#R">humele senblansce</rdg>
                </app>
            </listApp>
            <listApp>
                <head>4</head>
                <app from="#l4a3" to="#l4a1">
                    <lem>le</lem>
                    <rdg wit="#Pit">lo</rdg>
                </app>
            </listApp>
            <listApp>
                <head>6</head>
                <app from="#l6a4" to="#l6a5">
                    <lem>dottier</lem>
                    <rdg wit="#Pit">doctier</rdg>
                </app>
            </listApp>
            <listApp>
                <head>7</head>
                <app from="#l7a5" to="#l7a6">
                    <lem>tout</lem>
                    <rdg wit="#Lu #R">tot </rdg>
                </app>
            </listApp>
            <listApp>
                <head>8</head>
                <app from="#l8a7" to="#l8a1">
                    <lem>che</lem>
                    <rdg wit="#Fp">que</rdg>
                </app>
                <app from="#l8a8" to="#l8a2">
                    <lem>engombrer</lem>
                    <rdg>engombrier <wit><ref corresp="#SqT">Sq<hi rend="super">T</hi></ref></wit> <wit><ref corresp="#SqCt">Sq<hi rend="super">Ct</hi></ref></wit></rdg>
                    <rdg wit="#Pit">engonbrier <wit><ref corresp="#SLT">SL<hi rend="super">T</hi></ref></wit></rdg>
                </app>
                <app from="#l8a3" to="#l8a4">
                    <lem>tout</lem>
                    <rdg wit="#Lu">tot</rdg>
                    <rdg wit="#Pit">tut <wit><ref corresp="#SLT">SL<hi rend="super">T</hi></ref></wit></rdg>
                </app>
            </listApp>
         </listApp>
         <div type="metricalScheme">
            <p>
                Madrigale 10a 10’b 10’b, 10c 10d 10d; 10e 10e. 
            </p>
            <p>
                <hi rend="italic">Capovilla</hi> <hi rend="small-caps">xxx</hi>.
            </p>
         </div>
         <listBibl type="editions">
            <bibl corresp="#Corsi1970">
                Corsi 1970, p. 263;
            </bibl>
            <bibl corresp="#Calvia-Lannutti2015">
                Calvia-Lannutti 2015, pp. 307-10.
            </bibl>
         </listBibl>
         <!--listBibl type="bibliography">
            <bibl>
               <relatedItem>
                  <bibl>Riferimento bibliografico completo</bibl>
               </relatedItem>
            </bibl>
         </listBibl-->
        <div type="commentary">
            <note target="#l2">
                <num>2.</num>
                <p><hi rend="italic">signifïanse</hi>: che la variante quadrisillabica abbia sostituito la lezione in <hi rend="italic">-ance</hi> del resto della tradizione è indicato dalla distribuzione del testo sotto l’intonazione musicale, visto che la s finale di <hi rend="italic">signifians</hi> è in Sq, Pit<hi rend="super">T</hi> e SL staccata come se si trattasse di sillaba a sé stante. Cfr. <hi rend="italic">senblans</hi> per <hi rend="italic">semblance</hi> sempre con s staccata al v. 3, dove Lu accosta a <hi rend="italic">senblan</hi> la lezione <hi rend="italic">senblance</hi> preceduta dall’ultima sillaba di <hi rend="italic">humile</hi>, voce riportata interamente una seconda volta con <hi rend="italic">senblans</hi> da Pit<hi rend="super">C</hi>. È possibile che nei due testimoni la ripetizione intenda colmare il vuoto testuale in corrispondenza della parte finale dell’intonazione e che a questa stessa esigenza risponda la <hi rend="italic">divisio signifian-s</hi>, <hi rend="italic">senblan-s</hi> in Sq Pit<hi rend="super">T</hi> e SL. Cfr. anche la nota al v. 6. È inoltre possibile che <hi rend="italic">pour signifiance</hi> vada tradotto ‘simbolicamente’, cfr. DMF, s.v. <hi rend="italic">signifiance</hi>: «Par signifiance. “De façon imagée, par symbole”».</p>
            </note>
            <note target="#l3">
                <num>3.</num>
                <p><hi rend="italic">humile</hi>: genera ipometria la variante <hi rend="italic">humble</hi> comune a Fp e Lu.</p>
            </note>
            <note target="#l5">
                <num>5.</num>
                <p><hi rend="italic">intresigniés</hi>: le lezioni di Sq e Pit presuppongono la caduta del <hi rend="italic">titulus</hi> per la n. Cfr. DMF, s.v. <hi rend="italic">entresigner</hi>: «Part. passé en empl. adj. Entresigné de. “Qui porte la marque de”»; <hi rend="italic">tres brief</hi>: si integra l’avverbio per colmare l’ipometria comune ai due testimoni; <hi rend="italic">allegier</hi>: forma attestata in DMF per <hi rend="italic">alleguer</hi>, interpretato come infinito sostantivato. Cfr. DMF, s.v. <hi rend="italic">alleguer</hi>: «B. alleguer qqc. 1. “Citer, invoquer (un texte)”».</p>
            </note>
            <note target="#l6">
                <num>6.</num>
                <p>Si integra il verso per far fronte alla doppia ipometria in Pit e Sq. <hi rend="italic">Lialemant</hi> è forma italianizzata del francese medio <hi rend="italic">loyalemant</hi>, interpretabile come latinismo rispetto alle più frequenti forme trisillabiche (cfr. DMF, s.v. <hi rend="italic">loyalement</hi>), a cui corrispondono le lezioni di Pit e Sq (cfr. <hi rend="italic">humble</hi> per <hi rend="italic">humile</hi> al v. 4 in Fp e Lu). Si noti la rima interna in cesura <hi rend="italic">ardimant</hi>: <hi rend="italic">lialemant</hi>, asimmetrica per posizione, visto che il primo <hi rend="italic">décasyllabe</hi> è a minori e il secondo è a maiori. La circostanza potrebbe aver favorito l’adozione per attrazione metrica della forma trisillabica <hi rend="italic">lialmant/liamant</hi>. L’integrazione dell’aggettivo indefinito tiene conto del nesso sans nulle doute, diffuso nei testi letterari francesi del Trecento (e cfr. l’antonimo tout ai vv. 7-8); <hi rend="italic">que</hi>: per <hi rend="italic">qui</hi>; <hi rend="italic">dottier</hi>: per <hi rend="italic">doubter/douter</hi> (in Pit la grafia <hi rend="italic">ct</hi> è latineggiante).</p>
            </note>
            <note target="#l7">
                <num>7.</num>
                <p><hi rend="italic">escusson</hi>: si ipotizza che il termine tecnico araldico francese equivalente all’it. <hi rend="italic">scudetto</hi> (cfr. DMF, s.v. <hi rend="italic">escusson</hi>: «B. HERALD. “Écu armorial; petit écu aux armes d’un seigneur figurant comme meuble dans l’écu armorial”»; Manno 1907, s.v. <hi rend="italic">scudetto</hi>, p. 52, e p. 68) sia stato sostituito con la variante <hi rend="italic">scu(t)/escu</hi>, che genera ipometria (è possibile che Lo trasformi un <hi rend="italic">escu</hi> forse seguito da <hi rend="italic">tot</hi> in <hi rend="italic">u ne scuter</hi>, che non dà senso). Da questo punto di vista, la congiunzione <hi rend="italic">et</hi> iniziale in Pit è più probabilmente una zeppa aggiunta singolarmente, anche se va notato che la redazione originaria del verso offerta dal <hi rend="italic">tenor</hi>, in cui troviamo la forma <hi rend="italic">escut</hi> con <hi rend="italic">e</hi> erasa, è un regolare <hi rend="italic">décasyllabe</hi>: «Et a son col port un escut tout blans». Si noti la <hi rend="italic">distinctio</hi> di Fp <hi rend="italic">unescuto ut</hi>, che permette di recuperare una sillaba.</p>
            </note>
            <note target="#l7 #l8">
                <num>7-8.</num>
                <p><hi rend="italic">blans</hi> : <hi rend="italic">garans</hi> : in luogo di <hi rend="italic">blanc</hi> : <hi rend="italic">garant</hi>. La rima, a rigore imperfetta ma di fatto perfetta nella pronuncia, ha subito una regolarizzazione grafica.</p>
            </note>
            <note target="#8">
                <num>8.</num>
                <p>L’integrazione, necessaria alla misura del verso, combina le lezioni di R Lu da un lato e di Lo Fp Pit Sq SLT dall’altro. L’omissione potrebbe essere dovuta ad aplografia nei due gruppi di codici. Al nesso <hi rend="italic">tout grans</hi> corrisponde il nesso <hi rend="italic">tout blans</hi> al verso precedente. Il pronome soggetto <hi rend="italic">il</hi> induce a interpretare il <hi rend="italic">che</hi> iniziale con valore dichiarativo-causale. Nella traduzione il pronome è riferito al personaggio celebrato (lo scudetto bianco sarebbe quindi figura della capacità del celebrato di far fronte alle avversità per il bene comune). Per il significato di <hi rend="italic">faire garant</hi> cfr. DMF, s.v. <hi rend="italic">garant</hi>: «Bailler garant / donner garant / faire garant / porter garant / procurer garant à qqn. “Protéger qqn”».</p>
            </note>
         </div>
         <listBibl type="editionsBibliography">
            <bibl xml:id="Corsi1970">
                Giuseppe Corsi, <hi rend="italic">Poesie musicali del Trecento</hi>, Bologna, Commissione per i testi di lingua, 1970 (Collezione di opere inedite o rare, 131).
            </bibl>
            <bibl xml:id="Calvia-Lannutti2015">
                <hi rend="italic">Musica e poesia nel Trecento italiano. Verso una nuova edizione critica dell’«Ars nova»</hi>, a cura di A. Calvia, M. S. Lannutti, Firenze, Edizioni del Galluzzo, 2015.
            </bibl>
         </listBibl>
      </back>
   </text>
</TEI>
