<?xml version="1.0" encoding="UTF-8"?>
<?xml-model href="http://www.tei-c.org/release/xml/tei/custom/schema/relaxng/tei_all.rng" type="application/xml" schematypens="http://relaxng.org/ns/structure/1.0"?>
<?xml-model href="http://www.tei-c.org/release/xml/tei/custom/schema/relaxng/tei_all.rng" type="application/xml"
	schematypens="http://purl.oclc.org/dsdl/schematron"?>
<TEI xmlns="http://www.tei-c.org/ns/1.0">
   <teiHeader>
      <fileDesc>
         <titleStmt>
            <title>La mala lengua è d’ogni mal radice</title>
            <editor>Davide Checchi</editor>
            <respStmt>
               <resp>Digital scholarly editon created within the </resp>
               <orgName><ref target="https://www.europeanarsnova.eu/">European Ars Nova</ref> ERC project.</orgName>
            </respStmt>
            <respStmt>
               <resp>Edited by</resp>
               <name>Davide Checchi</name>
            </respStmt>
            <respStmt>
               <resp>Revised by</resp>
               <name>Luca Gatti</name>
            </respStmt>
            <respStmt>
               <resp>TEI-encoding by</resp>
               <name>Chiara Martignano</name>
            </respStmt>
         </titleStmt>
         <publicationStmt>
            <p></p>
            <!--publisher>Edizioni del Galluzzo</publisher>
            <pubPlace>Firenze, Italia</pubPlace>
            <date>2021</date>
            <availability>
               <p>L'edizione è disponibile su licenza.</p>
            </availability>            
            <idno type="ISBN">ISBN</idno>
            <idno type="DOI">DOI</idno>
            <idno type="URI">permalink della scheda ANT</idno-->
         </publicationStmt>
         <sourceDesc>
            <p></p>
         </sourceDesc>
      </fileDesc>
      <encodingDesc>
         <variantEncoding method="double-end-point" location="internal"/>
      </encodingDesc>
   </teiHeader>
   <text>
      
      <body>
         <lg>
            <l xml:id="l1">
               La mala <anchor xml:id="l1a5"/>lengua<anchor xml:id="l1a6"/> <anchor xml:id="l1a1"/>è<anchor xml:id="l1a2"/> d’ogni <anchor xml:id="l1a3"/>mal<anchor xml:id="l1a4"/> radice,
            </l>
            <l xml:id="l2">
               ben che <anchor xml:id="l2a1"/>’l<anchor xml:id="l2a2"/> mal torni <anchor xml:id="l2a3"/>spesso<anchor xml:id="l2a4"/> a chi mal dice.
            </l>
         </lg>
         <lg>   
            <l xml:id="l3">
               Però è <anchor xml:id="l3a1"/>bel<anchor xml:id="l3a2"/> <anchor xml:id="l3a3"/>çascun<anchor xml:id="l3a4"/> <anchor xml:id="l3a5"/>chiuder<anchor xml:id="l3a6"/> la <anchor xml:id="l3a7"/>boca<anchor xml:id="l3a8"/>,
            </l> 
            <l xml:id="l4">
               cercando <anchor xml:id="l4a1"/>inprima<anchor xml:id="l4a2"/> <anchor xml:id="l4a3"/>i<anchor xml:id="l4a4"/> <anchor xml:id="l4a5"/>suoi<anchor xml:id="l4a6"/> che gli <anchor xml:id="l4a7"/>altru’<anchor xml:id="l4a8"/> danpni,
            </l>
            <l xml:id="l5" n="5">
               ché <anchor xml:id="l5a1"/>chi<anchor xml:id="l5a2"/>, <anchor xml:id="l5a3"/>biasmando<anchor xml:id="l5a4"/> altrui, <anchor xml:id="l5a7"/>quel<anchor xml:id="l5a8"/> <anchor xml:id="l5a5"/>ch’à<anchor xml:id="l5a6"/> <anchor xml:id="l5a9"/>lui<anchor xml:id="l5a10"/> <anchor xml:id="l5a11"/>toca<anchor xml:id="l5a12"/>,
            </l>
            <l xml:id="l6">
               <anchor xml:id="l6a5"/>conven<anchor xml:id="l6a6"/> che per <anchor xml:id="l6a1"/>sé<anchor xml:id="l6a2"/> <anchor xml:id="l6a7"/>steso<anchor xml:id="l6a8"/> <anchor xml:id="l6a3"/>si<anchor xml:id="l6a4"/> condanpni.
            </l>
            <l xml:id="l7">
               <anchor xml:id="l7a5"/>E<anchor xml:id="l7a6"/> tal <anchor xml:id="l7a7"/>soto<anchor xml:id="l7a8"/> <anchor xml:id="l7a1"/>color<anchor xml:id="l7a2"/> <anchor xml:id="l7a9"/>de<anchor xml:id="l7a10"/> <anchor xml:id="l7a3"/>bene a<anchor xml:id="l7a4"/> <anchor xml:id="l7a11"/>ingani<anchor xml:id="l7a12"/>
            </l>
            <l xml:id="l8">
               <anchor xml:id="l8a1"/>parla<anchor xml:id="l8a2"/>, che più <anchor xml:id="l8a3"/>tacer<anchor xml:id="l8a4"/> <anchor xml:id="l8a5"/>seria<anchor xml:id="l8a6"/> felice.
            </l>
         </lg>
         <lg>
            <l xml:id="l9">
               Pensa çascun che de invidia se <anchor xml:id="l9a1"/>mov<supplied>[a]</supplied><anchor xml:id="l9a2"/>
            </l>
            <l xml:id="l10" n="10">
               l’animo aceso del mal dir d’altrui:
            </l>
            <l xml:id="l11">
               viltà porta nel core e çò fa <anchor xml:id="l11a1"/>pruova<anchor xml:id="l11a2"/>
            </l>
            <l xml:id="l12">
               <supplied reason="illegible">[... -ui]</supplied>
            </l>
            <l xml:id="l13">
               <supplied reason="illegible">[... -ui]</supplied>
            </l>
            <l xml:id="l14">
               <supplied reason="illegible">[... -ice]</supplied>
            </l>
         </lg>
      </body>
      
      <back>
         
         <listWit> 
            <witness xml:id="Mg4">
               <ref type="siglum" target="#Mg4">Mg4</ref>
               <locus>c. 24r</locus>(vv. 1-11)
            </witness>
            <witness xml:id="Sq">
               <ref type="siglum" target="#Sq">Sq</ref>
               <locus>c. 140v</locus>, <abbr xml:id="SqC">C</abbr> (vv. 1-4), <abbr xml:id="SqT">T</abbr> (vv. 1-6), <hi rend="italic">resid.</hi> (vv. 7-8): <hi rend="italic">magister franciscus cecus horghanista de florentia</hi>
            </witness>
            <witness xml:id="Pit">
               <ref type="siglum" target="#Pit">Pit</ref>
               <locus>c. 107r</locus>, <abbr xml:id="PitC">C</abbr> (vv. 1-4), <abbr xml:id="PitT">T</abbr> (vv. 1-4), <hi rend="italic">resid.</hi> (vv. 5-8): <hi rend="italic">f(ranciscus)</hi>
            </witness>
            <witness xml:id="Mg3">
               <ref type="siglum" target="#Mg3">Mg3</ref>
               <locus>c. 47r</locus> (vv. 1-8)
            </witness>
         </listWit>
         
         <listApp type="substantial">
            <listApp>
               <head>1</head>
               <app from="#l1a1" to="#l1a2">
                  <lem>è</lem>
                  <rdg wit="#Mg4 #Sq #Pit"/>
               </app>
               <app from="#l1a3" to="#l1a4">
                  <lem>mal</lem>
                  <rdg wit="#Mg4">mala</rdg>
               </app>
            </listApp>
            <listApp>
               <head>3</head>
               <app from="#l3a1" to="#l3a2">
                  <lem>bel</lem>
                  <rdg wit="#Sq" type="indifferentVariant"><hi rend="bold">ben</hi></rdg>
                  <rdg wit="#Mg3">ben <add>bel</add></rdg>
               </app>
               <app from="#l3a3" to="#l3a4">
                  <lem>çascun</lem>
                  <rdg wit="#Mg4">a çascun</rdg>
                  <rdg>ciascun <hi rend="italic">con</hi> s <hi rend="italic">su</hi> c
                  <wit><ref target="#PitT">Pit<hi rend="super">T</hi></ref></wit></rdg>
               </app>
               <app from="#l3a5" to="#l3a6">
                  <lem>chiuder</lem>
                  <rdg wit="#Mg4">chiuode </rdg>
               </app>
            </listApp>
            <listApp>
               <head>4</head>
               <app from="#l4a1" to="#l4a2">
                  <lem>inprima</lem>
                  <rdg wit="#Sq #Pit #Mg3" type="indifferentVariant"><hi rend="bold">prima</hi></rdg>
               </app>
               <app from="#l4a3" to="#l4a4">
                  <lem>i</lem>
                  <rdg><hi rend="italic"><hi rend="bold">om.</hi></hi>
                     <wit><ref target="#SqC">Sq<hi rend="super">C</hi></ref></wit>
                     <wit><ref target="#SqT">Sq<hi rend="super">T</hi></ref></wit>
                     <wit><ref target="#PitC">Pit<hi rend="super">C</hi></ref></wit>
                     <wit><ref target="#PitT">Pit<hi rend="super">T</hi></ref></wit></rdg>
               </app>
            </listApp>
            <listApp>
               <head>5</head>
               <app from="#l5a1" to="#l5a2">
                  <lem>chi</lem>
                  <rdg wit="#Mg4"/>
               </app>
               <app from="#l5a3" to="#l5a4">
                  <lem>biasmando</lem>
                  <rdg wit="#Mg3">biasma in</rdg>
               </app>
               <app from="#l5a5" to="#l5a6">
                  <lem>ch’à</lem>
                  <rdg wit="#Mg3">che a</rdg>
               </app>
            </listApp>
            <listApp>
               <head>6</head>
               <app from="#l6a1" to="#l6a2">
                  <lem>sé</lem>
                  <rdg wit="#Mg4">so</rdg>
               </app>
               <app from="#l6a3" to="#l6a4">
                  <lem>si</lem>
                  <rdg wit="#Mg4"/>
               </app>
            </listApp>
            <listApp>
               <head>7</head>
               <app from="#l7a1" to="#l7a2">
                  <lem>color</lem>
                  <rdg wit="#Mg3">colori</rdg>
               </app>
               <app from="#l7a3" to="#l7a4">
                  <lem>bene a</lem>
                  <rdg wit="#Mg4">boni</rdg>
                  <rdg wit="#Mg3">dalchuni</rdg>
               </app>
            </listApp>
            <listApp>
               <head>8</head>
               <app from="#l8a1" to="#l8a2">
                  <lem>parla</lem>
                  <rdg wit="#Mg4">parlla</rdg>
               </app>
               <app from="#l8a3" to="#l8a4">
                  <lem>tacer</lem>
                  <rdg wit="#Mg3">tacere</rdg>
               </app>
               <app from="#l8a5" to="#l8a6">
                  <lem>seria</lem>
                  <rdg wit="#Pit">sareb</rdg>
               </app>
            </listApp>
            <listApp>
               <head>9</head>
               <app from="#l9a1" to="#l9a2">
                  <lem>mova</lem>
                  <rdg wit="#Mg4">move</rdg>
               </app>
            </listApp>
            
            <listApp>
               <head>11</head>
               <app from="#l11a1" to="#l11a2">
                  <lem>pruova</lem>
                  <rdg wit="#Mg4">a pruova ect</rdg>
               </app>
            </listApp>
         </listApp>
         
         <listApp type="formal">
            <listApp>
               <head>1</head>
               <app from="#l1a5" to="#l1a6">
                  <lem>lengua</lem>
                  <rdg wit="#Sq #Pit #Mg3">lingua</rdg>
               </app>
            </listApp>
            <listApp>
               <head>2</head>
               <app from="#l2a1" to="#l2a2">
                  <lem>’l</lem>
                  <rdg>ịl <wit><ref target="#PitT">Pit<hi rend="super">T</hi></ref></wit></rdg>
               </app>
               <app from="#l2a3" to="#l2a4">
                  <lem>spesso</lem>
                  <rdg wit="#Sq #Pit">spess</rdg>
               </app>
            </listApp>
            <listApp>
               <head>3</head>
               <app from="#l3a3" to="#l3a4">
                  <lem>çascun</lem>
                  <rdg wit="#Sq #Pit #Mg3">ciascun</rdg>
               </app>
               <app from="#l3a7" to="#l3a8">
                  <lem>boca</lem>
                  <rdg wit="#Sq #Pit">boccha</rdg>
               </app>
            </listApp>
            <listApp>
               <head>4</head>
               <app from="#l4a3" to="#l4a4">
                  <lem>i</lem>
                  <rdg wit="#Mg3">e</rdg>
               </app>
               <app from="#l4a5" to="#l4a6">
                  <lem>suoi</lem>
                  <rdg wit="#Sq #Pit">suo</rdg>
               </app>
               <app from="#l4a7" to="#l4a8">
                  <lem>altru’</lem>
                  <rdg wit="#Mg3">altrui</rdg>
               </app>
            </listApp>
            <listApp>
               <head>5</head>
               <app from="#l5a7" to="#l5a8">
                  <lem>quel</lem>
                  <rdg wit="#Pit">que</rdg>
               </app>
               <app from="#l5a9" to="#l5a10">
                  <lem>lui</lem>
                  <rdg wit="#Sq #Pit #Mg3">llui</rdg>
               </app>
               <app from="#l5a11" to="#l5a12">
                  <lem>toca</lem>
                  <rdg wit="#Sq">tocca</rdg>
               </app>
            </listApp>
            <listApp>
               <head>6</head>
               <app from="#l6a5" to="#l6a6">
                  <lem>conven</lem>
                  <rdg wit="#Sq #Pit #Mg3">conuien</rdg>
               </app>
               <app from="#l6a7" to="#l6a8">
                  <lem>steso</lem>
                  <rdg wit="#Sq #Pit #Mg3">stesso</rdg>
               </app>
            </listApp>
            <listApp>
               <head>7</head>
               <app from="#l7a5" to="#l7a6">
                  <lem>e</lem>
                  <rdg wit="#Sq #Pit #Mg3">et</rdg>
               </app>
               <app from="#l7a7" to="#l7a8">
                  <lem>soto</lem>
                  <rdg wit="#Sq #Pit #Mg3">sotto</rdg>
               </app>
               <app from="#l7a9" to="#l7a10">
                  <lem>de</lem>
                  <rdg wit="#Sq #Pit">di</rdg>
               </app>
               <app from="#l7a11" to="#l7a12">
                  <lem>ingani</lem>
                  <rdg wit="#Sq #Pit">inganni</rdg>
               </app>
            </listApp>
            <listApp>
               <head>8</head>
               <app from="#l8a5" to="#l8a6">
                  <lem>seria</lem>
                  <rdg wit="#Sq #Mg3">sarie</rdg>
               </app>
            </listApp>        
            <listApp>
               <head>10</head>
               <app from="#l11a3" to="#l11a4">
                  <lem>pruova</lem>
                  <rdg wit="#Mg4">pr<add>u</add>ova</rdg>
               </app>
            </listApp>
         </listApp>
         
         <div type="metricalScheme">
            <p>
               Ballata piccola 10’z 10’z; 10’a 10’b, 10’a 10’b, 10’b 10’z.
            </p>
            <p>
               <hi rend="italic">Pagnotta</hi> 111 : 138.
            </p>
            <p>
               Rima inclusiva ai vv. 1 : 2; rima inclusiva e derivativa ai vv. 4 : 6
            </p>
            <p>
               Punti sottoscritti: v. 2 (<hi rend="italic">il</hi>) Pit<hi rend="super">T</hi>.
            </p>
         </div>
         
         <listBibl type="editions">
            <bibl corresp="#Corsi1970">
               Corsi 1970, pp. 232-3.
            </bibl>
         </listBibl>
         
         <div type="commentary">
            <note target="#l1">
               <num>1.</num>
               L’errore comune a Mg4 Sq e Pit è facilmente emendabile da un copista e non ha valore separativo. 
            </note>
            <note target="#l3">
               <num>3.</num>
               <hi rend="italic">ben</hi>:
               è variante adiafora, su cui potrebbe gravare un sospetto di influsso del v. 2.
            </note>
            <note target="#l5">
               <num>5.</num>
               Si intenda ‘poiché chi, nel biasimare un altro, cita un vizio che ha lui stesso ...’. La lezione di Mg3 è sintatticamente <hi rend="italic">facilior</hi>.
            </note>
            <note target="#l7">
               <num>7.</num>
               Banalizzante la lezione di Mg4.
            </note>
            <note target="#l10">
               <num>10.</num>
               L’emendamento è richiesto dalla rima.
            </note>
         </div>
         
         <listBibl type="editionsBibliography">
            <bibl xml:id="Corsi1970">
               <hi rend="italic">Poesie musicali del Trecento</hi>, a cura di G. Corsi, Bologna, Commissione per i testi di lingua, 1970 (Collezione di opere inedite o rare, 131)
            </bibl>
         </listBibl>
      </back>
   </text>
</TEI>
