<?xml version="1.0" encoding="UTF-8"?>
<?xml-model href="http://www.tei-c.org/release/xml/tei/custom/schema/relaxng/tei_all.rng" type="application/xml" schematypens="http://relaxng.org/ns/structure/1.0"?>
<?xml-model href="http://www.tei-c.org/release/xml/tei/custom/schema/relaxng/tei_all.rng" type="application/xml"
	schematypens="http://purl.oclc.org/dsdl/schematron"?>
<TEI xmlns="http://www.tei-c.org/ns/1.0">
    <teiHeader>
        <fileDesc>
            <titleStmt>
                <title>Langue püens envenimee</title>
                <respStmt>
                    <resp>Digital scholarly edition created within the </resp>
                    <orgName><ref target="https://www.europeanarsnova.eu/">European Ars Nova</ref> ERC project.</orgName>
                </respStmt>
                <respStmt>
                    <resp>Edited by</resp>
                    <name>Maria Sofia Lannutti</name>
                </respStmt>
                <respStmt>
                    <resp>Revised by</resp>
                    <name>Vittoria Brancato</name>
                </respStmt>
                <respStmt>
                    <resp>TEI-encoded by</resp>
                    <name>Carla Congiu</name>
                </respStmt>
            </titleStmt>
            <publicationStmt>
                <p></p>
                <!--publisher>Edizioni del Galluzzo</publisher>
            <pubPlace>Firenze, Italia</pubPlace>
            <date>2021</date>
            <availability>
               <p>L'edizione è disponibile su licenza.</p>
            </availability>            
            <idno type="ISBN">ISBN</idno>
            <idno type="DOI">DOI</idno>
            <idno type="URI">permalink della scheda ANT</idno-->
            </publicationStmt>
            <sourceDesc>
                <p></p>
            </sourceDesc>
        </fileDesc>
        <encodingDesc>
            <variantEncoding method="double-end-point" location="internal"/>
        </encodingDesc>
    </teiHeader>
    <text>
        <!--front>
            <div>
                <p>
                </p>
            </div>         
        </front-->
        <body>
            <lg>
                <l xml:id="l1">
                    Langue püens envenimee,
                </l>
                <l xml:id="l2">
                    poyndant poynture, vissïeuse, 
                </l>
                <l xml:id="l3">
                    langue de mensongne foree,    
                </l>
                <l xml:id="l4">
                    langue trop parlans, envïeuse, 
                </l>
                <l xml:id="l5" n="5">
                    ta moursure est plus perilleuse
                </l>
                <l xml:id="l6">
                    que poynture de scorpïon.   
                </l>
                <l xml:id="l7">
                    De ta parole venineuse 
                </l>
                <l xml:id="l8">
                    <hi rend="italic">qui te donra <anchor xml:id="l8a1"/>punis<supplied>[ï]</supplied>on<anchor xml:id="l8a2"/>?</hi>
                </l>
            </lg>
        </body>
        <back>
            <listWit>
                <witness xml:id="MoA">
                    <ref type="siglum" target="#MoA">MoA</ref>
                    c. <locus>14r</locus>, <abbr xml:id="MoAC">C</abbr> (vv. 1-8)
                </witness>
            </listWit>
            <listApp type="substantial">
                <listApp>
                    <head>8</head>
                    <app from="#l8a1" to="#l8a2">
                        <lem>punisïon</lem>
                        <rdg wit="#MoA">punison</rdg>
                    </app>
                </listApp>
            </listApp>
            <!--listApp type="formal">
            </listApp-->
            <div type="metricalScheme">
                <p><hi rend="italic">Ballade</hi> 8’a 8’b, 8’a 8’b; 8c 8’b 8c.</p>
                <p>Rima ricca ai vv. 2 : 4, 7 : 9.</p>
            </div>
            <listBibl type="editions">
                <bibl corresp="#Apel-Rosenberg1971">
                    Apel-Rosenberg 1971, p. <hi rend="small-caps">xxviii</hi>.
                </bibl>
            </listBibl>
            <div type="commentary">
                <note target="#l1">
                    <num>1.</num>
                    <hi rend="italic">püens</hi>: participio presente di <hi rend="italic">puir</hi>.
                    <hi rend="italic">envenimee</hi>: participio passato di <hi rend="italic">envenimer</hi> ‘avvelenare’ (con esempi in <hi rend="italic">DMF</hi>, s.v. <hi rend="italic">envenimer</hi> § B proprio con riferimento alla lingua).
                </note>
                <note target="#l3">
                    <num>3.</num>
                    <hi rend="italic">de mensongne foree</hi>: ‘abbigliata, rivestita di menzogna’; per l'interpretazione in senso figurato del participio vedi <hi rend="italic">DMF</hi>, s.v. <hi rend="italic">fourrer<hi rend="super">2</hi></hi> § 3.
                </note>
            </div>
            <listBibl type="editionsBibliography">
                <bibl xml:id="Apel-Rosenberg1971">
                    Willi Apel, <hi rend="italic">French Secular Compositions of the Fourteenth Century II. Anonymous Ballades</hi>, edition of the Literary Texts by Samuel Rosenberg, Rome, American Institute of Musicology, 1971 (CMM, 53/2).
                </bibl>
            </listBibl>
        </back>
    </text>
</TEI>