<?xml version="1.0" encoding="UTF-8"?>
<?xml-model href="http://www.tei-c.org/release/xml/tei/custom/schema/relaxng/tei_all.rng" type="application/xml" schematypens="http://relaxng.org/ns/structure/1.0"?>
<?xml-model href="http://www.tei-c.org/release/xml/tei/custom/schema/relaxng/tei_all.rng" type="application/xml"
	schematypens="http://purl.oclc.org/dsdl/schematron"?>
<TEI xmlns="http://www.tei-c.org/ns/1.0">
   <teiHeader>
      <fileDesc>
         <titleStmt>
            <title>Lasso, grev’ è ’l partir, anima mia</title>
            <respStmt>
               <resp>Digital scholarly edition created within the ERC</resp>
               <orgName><ref target="https://www.europeanarsnova.eu/">European Ars Nova</ref> project.</orgName>
            </respStmt>
            <respStmt>
                <resp>Edited by</resp>
                <name>Maria Sofia Lannutti</name> 
            </respStmt>
            <respStmt>
                <resp>Revised by</resp>
                <name>Luca Gatti</name>
            </respStmt>
             <respStmt>
                <resp>TEI-encoded by</resp>
                <name>Letizia Ricci</name>
            </respStmt>
         </titleStmt>
         <publicationStmt>
            <p></p>
            <!--publisher>Edizioni del Galluzzo</publisher>
            <pubPlace>Firenze, Italia</pubPlace>
            <date>2021</date>
            <availability>
               <p>L'edizione è disponibile su licenza.</p>
            </availability>            
            <idno type="ISBN">ISBN</idno>
            <idno type="DOI">DOI</idno>
            <idno type="URI">permalink della scheda ANT</idno-->
         </publicationStmt>
         <sourceDesc>
            <p></p>
         </sourceDesc>
      </fileDesc>
      <encodingDesc>
         <variantEncoding method="double-end-point" location="internal"/>
      </encodingDesc>
   </teiHeader>
    <text>
      <!-- <front>
         <div>
            <p>
            </p>
         </div>
      </front> -->
      <body>
         <lg>
            <l xml:id="l1">
                Lasso, grev’ è ’l partir, anima mia,
            </l>
            <l xml:id="l2">
                che mi vien far dal tuo viso rosato,
            </l>
            <l xml:id="l3">
                che m’à’ colli <anchor xml:id="l3a1"/>occhi<anchor xml:id="l3a2"/> tuo el cor furato,
            </l>
        </lg>
        <lg>
            <l xml:id="l4">
                el qual si struge, ché nelle tuo braccia
            </l>
            <l xml:id="l5" n="5">
                riposo prese già con gran piacere,	
            </l>
            <l xml:id="l6">
                seguendo le virtù del tuo volere.
            </l>
            <l xml:id="l7">
                Et quando son lontan, vie più m’allaccia
            </l>
            <l xml:id="l8">
                l’amor di te con ogni suo potere,
            </l>
            <l xml:id="l9">
                el quale força mi <anchor xml:id="l9a1"/>dà<anchor xml:id="l9a2"/> et sapere,
            </l>
            <l xml:id="l10" n="10">
                sì che ritorno faccia a·rrivedere
            </l>
            <l xml:id="l11">
                te, nella quale el cor di me si posa
            </l>
            <l xml:id="l12">
                e poserà in ciaschedun mio stato.
            </l>
         </lg>
      </body>
      <back>
         <listWit>
            <witness xml:id="Pit">
               <ref type="siglum" target="#Pit">Pit</ref>
               c. <locus>51r</locus>, <abbr xml:id="PitC">C</abbr> (vv. 1-6), <hi rend="italic">resid.</hi> (vv. 7-12): [c. 84r: <hi rend="italic">p(aulus) a(bbas)</hi>
            </witness>
         </listWit>
         <listApp type="substantial">
            <listApp>
               <head>9</head>
               <app from="#l9a1" to="#l9a2">
                  <lem>dà</lem>
                  <rdg wit="Pit">dai</rdg>
               </app>
            </listApp>
         </listApp>
         <listApp type="formal">
            <listApp>
                <head>3</head>
                <app from="#l3a1" to="#l3a2">
                  <lem>occhi</lem>
                  <rdg>ochi <wit><ref corresp="#PitT">Pit<hi rend="super">T</hi></ref></wit></rdg>
                </app>
            </listApp>
         </listApp>
         <div type="metricalScheme">
            <p>
                Ballata mezzana 10’y 10’z 10’z; 10’a 10’b 10’b, 10’a 10’b 10’b; 10’b 10’c 10’z. 
            </p>
            <p>
                <hi rend="italic">Pagnotta</hi> 161 : 1.
            </p>
         </div>
         <listBibl type="editions">
            <bibl corresp="#LiGrotti1952">
                Li Gotti 1952, p. 597;
            </bibl>
            <bibl corresp="#Corsi1970">
                Corsi 1970, p. 277.
            </bibl>
         </listBibl>
         <!--listBibl type="bibliography">
            <bibl>
               <relatedItem>
                  <bibl>Riferimento bibliografico completo</bibl>
               </relatedItem>
            </bibl>
         </listBibl-->
         <div type="commentary">
            <note target="#1">
                <num>1.</num>
                <p><hi rend="italic">partir vie</hi>: ‘allontanare’.</p>
            </note>
         </div>
         <listBibl type="editionsBibliography">
            <bibl xml:id="LiGrotti1952">
                E. Li Gotti, <hi rend="italic">Paolo tenorista, fiorentino "extra moenia"</hi>, in <hi rend="italic">Estudios dedicados a Menéndez Pidal</hi>, tomo III, Madrid, C.S.I.C., 1952, pp. 577-606.
            </bibl>
            <bibl xml:id="Corsi1970">
                Giuseppe Corsi, <hi rend="italic">Poesie musicali del Trecento</hi>, Bologna, Commissione per i testi di lingua, 1970 (Collezione di opere inedite o rare, 131).
            </bibl>
         </listBibl>
      </back>
   </text>
</TEI>
