<?xml version="1.0" encoding="UTF-8"?>
<?xml-model href="http://www.tei-c.org/release/xml/tei/custom/schema/relaxng/tei_all.rng" type="application/xml" schematypens="http://relaxng.org/ns/structure/1.0"?>
<?xml-model href="http://www.tei-c.org/release/xml/tei/custom/schema/relaxng/tei_all.rng" type="application/xml"
	schematypens="http://purl.oclc.org/dsdl/schematron"?>
<TEI xmlns="http://www.tei-c.org/ns/1.0">
    <teiHeader>
        <fileDesc>
            <titleStmt>
                <title>Le greygnour bien, que nature</title>
                <respStmt>
                    <resp>Digital scholarly edition created within the </resp>
                    <orgName><ref target="https://www.europeanarsnova.eu/">European Ars Nova</ref> ERC project.</orgName>
                </respStmt>
                <respStmt>
                    <resp>Edited by</resp>
                    <name>Maria Sofia Lannutti</name>
                </respStmt>
                <respStmt>
                    <resp>Revised by</resp>
                    <name>Luca Gatti</name>
                </respStmt>
                <respStmt>
                    <resp>TEI-encoded by</resp>
                    <name>Carla Congiu</name>
                </respStmt>
            </titleStmt>
            <publicationStmt>
                <p></p>
                <!--publisher>Edizioni del Galluzzo</publisher>
            <pubPlace>Firenze, Italia</pubPlace>
            <date>2021</date>
            <availability>
               <p>L'edizione è disponibile su licenza.</p>
            </availability>            
            <idno type="ISBN">ISBN</idno>
            <idno type="DOI">DOI</idno>
            <idno type="URI">permalink della scheda ANT</idno-->
            </publicationStmt>
            <sourceDesc>
                <p></p>
            </sourceDesc>
        </fileDesc>
        <encodingDesc>
            <variantEncoding method="double-end-point" location="internal"/>
        </encodingDesc>
    </teiHeader>
    <text>
        <!--front>
            <div>
                <p>
                </p>
            </div>         
        </front-->
        <body>
            <lg>
                <l xml:id="l1">
                    Le greygnour bien, que nature
                </l>
                <l xml:id="l2">
                    fist a <anchor xml:id="l2a1"/>l’hume<anchor xml:id="l2a2"/> en ce folz monde,
                </l>
                <l xml:id="l3">
                    fu <anchor xml:id="l3a1"/><supplied>[c]</supplied>e<anchor xml:id="l3a2"/> dont, <anchor xml:id="l3a3"/>pris<supplied>[e]</supplied><anchor xml:id="l3a4"/> faconde,
                </l>
                <l xml:id="l4">
                    prist en ly sens et mensure.
                </l>    
                <l xml:id="l5" n="5">
                    E pourtant, quant unz n’a cure
                </l>
                <l xml:id="l6">
                    <anchor xml:id="l6a1"/><supplied>[d’]</supplied>asembler<anchor xml:id="l6a2"/> sciense parfonde,
                </l>
                <l xml:id="l7">
                    <anchor xml:id="l7a1"/>tretou<supplied>[s]</supplied><anchor xml:id="l7a2"/> cilz <anchor xml:id="l7a3"/>d<supplied>[e]</supplied><anchor xml:id="l7a4"/> pris enfonde;
                </l>
                <l xml:id="l8">
                    <anchor xml:id="l8a1"/>me<supplied>[s]</supplied><anchor xml:id="l8a2"/> j’en ai en cuer ardure.
                </l>
                <l xml:id="l9">
                    Mes il est grant <anchor xml:id="l9a1"/>esp<supplied>[e]</supplied>ranche<anchor xml:id="l9a2"/>,
                </l>
                <l xml:id="l10" n="10">
                    quant hom pans’, en sa fuméa,
                </l>
                <l xml:id="l11">
                    plus estre qu’en apparanche,
                </l>
                <l xml:id="l12">
                    onques d’avoir renoméa:
                </l>
                <l xml:id="l13">
                    <hi rend="italic">entres bons soit <anchor xml:id="l13a1"/>esperanche<anchor xml:id="l13a2"/></hi>
                </l>
                <l xml:id="l14">
                    <hi rend="italic">s’il <anchor xml:id="l14a1"/>nom<anchor xml:id="l14a2"/> prent a·ssoufisanche.</hi>
                </l>
            </lg>
        </body>
        <back>
            <listWit>
                <witness xml:id="MoA">
                    <ref type="siglum" target="#MoA">MoA</ref>
                    c. <locus>33r</locus>, <abbr xml:id="MoAC">C</abbr> (vv. 1-14): <hi rend="italic">m(attheus) d(e) p(erusio)</hi>
                </witness>
            </listWit>
            <listApp type="substantial">
                <listApp>
                    <head>2</head>
                    <app from="#l2a1" to="#l2a2">
                        <lem>l’hume</lem>
                        <rdg wit="#MoA">lo hume</rdg>
                    </app>   
                </listApp>
                <listApp>
                    <head>3</head>
                    <app from="#l3a1" to="#l3a2">
                        <lem>ce</lem>
                        <rdg wit="#MoA">le don</rdg>
                    </app>  
                    <app from="#l3a3" to="#l3a4">
                        <lem>prise</lem>
                        <rdg wit="#MoA">pris</rdg>
                    </app>
                </listApp>
                <listApp>
                    <head>6</head>
                    <app from="#l6a1" to="#l6a2">
                        <lem>d’asembler</lem>
                        <rdg wit="#MoA">praisembler de</rdg>
                    </app>   
                </listApp>
                <listApp>
                    <head>7</head>
                    <app from="#l7a1" to="#l7a2">
                        <lem>tretous</lem>
                        <rdg wit="#MoA">tre tou</rdg>
                    </app>
                    <app from="#l7a3" to="#l7a4">
                        <lem>de</lem>
                        <rdg wit="#MoA">du</rdg>
                    </app>
                </listApp>
                <listApp>
                    <head>8</head>
                    <app from="#l8a1" to="#l8a2">
                        <lem>mes</lem>
                        <rdg wit="#MoA">metre</rdg>
                    </app>
                </listApp>
                <listApp>
                    <head>9</head>
                    <app from="#l9a1" to="#l9a2">
                        <lem>esperanche</lem>
                        <rdg wit="#MoA">desparanche</rdg>
                    </app>
                </listApp>
                <listApp>
                    <head>13</head>
                    <app from="#l13a1" to="#l13a2">
                        <lem>esperanche</lem>
                        <rdg wit="#MoA">en speranche</rdg>
                    </app>
                </listApp>
                <listApp>
                    <head>14</head>
                    <app from="#l14a1" to="#l14a2">
                        <lem>nom</lem>
                        <rdg wit="#MoA">noim</rdg>
                    </app>
                </listApp>
            </listApp>
            <!--listApp type="formal">
            </listApp-->
            <div type="metricalScheme">
                <p><hi rend="italic">Ballade</hi> 7’a 7’b 7’b 7’a, 7’a 7’b 7’b 7’a; 7’c 7’d 7’c 7’d 7’C 7’C. </p>
                <p>Rima ricca ai vv. 6 : 7, 9 : 11 : 13; rima identica ai vv. 9 : 13.</p>
            </div>
            <listBibl type="editions">
                <bibl corresp="#Apel-Rosenberg1971">
                    Apel-Rosenberg 1971, p. <hi rend="small-caps">lvii</hi>.
                </bibl>
            </listBibl>
            <div type="commentary">
                <note target="#l1 #l2 #l3 #l4 #l5 #l6 #l7 #l8 #l9 #l10 #l11 #l12 #l13 #l14">
                    <num>1-14.</num>
                    ‘Il più grande dono che la natura ha fatto all’uomo consiste in ciò per cui, dopo aver ricevuto il linguaggio, si stabilirono in lui il senno e la misura. E per questo, quando non ci si cura di accumulare una profonda conoscenza, si trascinano verso il fondo (si causa la rovina di) tutte le persone di valore; io invece ne ho fervente desiderio. Quando qualcuno pensa, ingannandosi, di essere più di quanto sia in realtà (lett. verosimile), non c’è mai grande speranza di avere buona fama: tra le persone di valore può esserci speranza (solo) se ci si conquista in modo adeguato un’onorevole reputazione’.
                </note>
                <note target="#l9">
                    <num>9.</num>
                    <hi rend="italic">Mes</hi>: va collegato a <hi rend="italic">onques</hi> (v. 12) ‘non … mai’.
                </note>
                <note target="#l10">
                    <num>10.</num>
                    <hi rend="italic">fuméa</hi>: per <hi rend="italic">fumée</hi> ‘pensiero fumoso, ingannevole, illusorio’, cfr. il <hi rend="italic">rondeau</hi> di Solage <hi rend="italic">Fumeux fume par fumée</hi>.
                </note>
                <note target="#l11">
                    <num>11.</num>
                    <hi rend="italic">apparanche</hi>: ‘verosimiglianza’. Cfr. DMF s. v <hi rend="italic">apparence</hi>, § B.2 «Vraisemblance, probabilité, possibilité».
                </note>
            </div>
            <listBibl type="editionsBibliography">
                <bibl xml:id="Apel-Rosenberg1971">
                    Willi Apel, <hi rend="italic">French Secular Compositions of the Fourteenth Century II. Anonymous Ballades</hi>, edition of the Literary Texts by Samuel Rosenberg, Rome, American Institute of Musicology, 1971 (CMM, 53/2).
                </bibl>
            </listBibl>
        </back>
    </text>
</TEI>