<?xml version="1.0" encoding="UTF-8"?>
<?xml-model href="http://www.tei-c.org/release/xml/tei/custom/schema/relaxng/tei_all.rng" type="application/xml" schematypens="http://relaxng.org/ns/structure/1.0"?>
<?xml-model href="http://www.tei-c.org/release/xml/tei/custom/schema/relaxng/tei_all.rng" type="application/xml"
	schematypens="http://purl.oclc.org/dsdl/schematron"?>
<TEI xmlns="http://www.tei-c.org/ns/1.0">
   <teiHeader>
      <fileDesc>
         <titleStmt>
            <title>Lena, virtù et speranza ogni cor duro</title>
            <respStmt>
               <resp>Digital scholarly edition created within the ERC</resp>
               <orgName><ref target="https://www.europeanarsnova.eu/">European Ars Nova</ref> project.</orgName>
            </respStmt>
            <respStmt>
                <resp>Edited by</resp>
                <name>Maria Sofia Lannutti</name> 
            </respStmt>
            <respStmt>
                <resp>Revised by</resp>
                <name>Luca Gatti</name>
            </respStmt>
             <respStmt>
                <resp>TEI-encoded by</resp>
                <name>Letizia Ricci</name>
            </respStmt>
         </titleStmt>
         <publicationStmt>
            <p></p>
            <!--publisher>Edizioni del Galluzzo</publisher>
            <pubPlace>Firenze, Italia</pubPlace>
            <date>2021</date>
            <availability>
               <p>L'edizione è disponibile su licenza.</p>
            </availability>            
            <idno type="ISBN">ISBN</idno>
            <idno type="DOI">DOI</idno>
            <idno type="URI">permalink della scheda ANT</idno-->
         </publicationStmt>
         <sourceDesc>
            <p></p>
         </sourceDesc>
      </fileDesc>
      <encodingDesc>
         <variantEncoding method="double-end-point" location="internal"/>
      </encodingDesc>
   </teiHeader>
    <text>
      <!-- <front>
         <div>
            <p>
            </p>
         </div>
      </front> -->
      <body>
         <lg>
            <l xml:id="l1">
		<name type="senhal" rend="small-caps">LENA</name>, virtù et speranza ogni cor duro
            </l>
            <l xml:id="l2">
                vince per cert’, Amore,
            </l>
            <l xml:id="l3">
                chi segue te come gentil signore.
            </l>
        </lg>
        <lg>
            <l xml:id="l4">
                Per lunga prova così crudeltà
            </l>
            <l xml:id="l5" n="5">
                dall’animo si toglie
            </l>
            <l xml:id="l6">
                et fa spesso mutar costume et stile.
            </l>
            <l xml:id="l7">
		Pietosa <name type="senhal" rend="small-caps">LENA</name> adornò gran biltà,
            </l>
            <l xml:id="l8">
                canbiando altere voglie,
            </l>
            <l xml:id="l9">
                sì che ’l pensier crudel diventò umile.
            </l>
            <l xml:id="l10" n="10">
		<name type="senhal" rend="small-caps">LEN’</name> Amorosa donna fa gentile
            </l>
            <l xml:id="l11">
                et mostra quel valore
            </l>
            <l xml:id="l12">
                che·ttiene in sé l’innamorato core.
            </l>
         </lg>
      </body>
      <back>
         <listWit>
            <witness xml:id="Pit">
               <ref type="siglum" target="#Pit">Pit</ref>
               cc. <locus>74v-75r</locus>, <abbr xml:id="PitC">C</abbr> (vv. 1-6), <abbr xml:id="PitT">T</abbr> (vv. 1-6), <hi rend="italic">resid.</hi> (vv. 7-12): <hi rend="italic">p(aulus) a(bbas)</hi>
            </witness>
         </listWit>
         <!-- <listApp type="substantial">
            <listApp>
               <head></head>
               <app from="#" to="#">
                  <lem></lem>
                  <rdg></rdg> 
               </app>
            </listApp>
         </listApp> -->
         <div type="metricalScheme">
            <p>
                Ballata mezzana 10’y 6’z 10’z; 10a 6’b 10’c, 10a 6’b 10’c; 10’c 6’z 10’z.
            </p>
            <p>
                <hi rend="italic">Pagnotta </hi> 223 : 30.
            </p>
         </div>
         <listBibl type="editions">
            <bibl corresp="#LiGotti1952">
                Li Gotti 1952, p. 598;
            </bibl>
            <bibl corresp="#Corsi1970">
                Corsi 1970, pp. 278-9.
            </bibl>
         </listBibl>
         <!--listBibl type="bibliography">
            <bibl>
               <relatedItem>
                  <bibl>Riferimento bibliografico completo</bibl>
               </relatedItem>
            </bibl>
         </listBibl-->
         <div type="commentary">
            <note target="#l1 #l3">
               <num>1-3.</num>
               <p>Sono soggetti di vince sia i tre nomi astratti (<hi rend="italic">lena, virtù e speranza</hi>) sia il seguace di Amore (v. 3 «chi segue te come gentil signore»), in costruzione <hi rend="italic">apò koinù</hi>.</p>
            </note>
            <note target="#l1">
                <num>1.</num>
                <p><hi rend="italic">Lena</hi>: per il <hi rend="italic">senhal</hi>, cfr. le ballate <hi rend="italic">Se LEN’ Arà Pietà, Amor, ti prego; Se partir mi convien dal tuo bel viso; Dè, dolçe Morte, cavami di pena</hi>.</p>
            </note>
         </div>
         <listBibl type="editionsBibliography">
            <bibl xml:id="LiGotti1952">
                E. Li Gotti, <hi rend="italic">Paolo tenorista, fiorentino "extra moenia"</hi>, in <hi rend="italic">Estudios dedicados a Menéndez Pidal</hi>, tomo III, Madrid, C.S.I.C., 1952, pp. 577-606.
            </bibl>
            <bibl xml:id="Corsi1970">
               Giuseppe Corsi, <hi rend="italic">Poesie musicali del Trecento</hi>, Bologna, Commissione per i testi di lingua, 1970 (Collezione di opere inedite o rare, 131).
            </bibl>
         </listBibl>
      </back>
   </text>
</TEI>
