<?xml version="1.0" encoding="UTF-8"?>
<?xml-model href="http://www.tei-c.org/release/xml/tei/custom/schema/relaxng/tei_all.rng" type="application/xml" schematypens="http://relaxng.org/ns/structure/1.0"?>
<?xml-model href="http://www.tei-c.org/release/xml/tei/custom/schema/relaxng/tei_all.rng" type="application/xml"
	schematypens="http://purl.oclc.org/dsdl/schematron"?>
<TEI xmlns="http://www.tei-c.org/ns/1.0">
   <teiHeader>
      <fileDesc>
         <titleStmt>
            <title>Levandome ’l maitin, vidi la bella</title>
            <!--<author><ref target="X"></ref></author>-->
            <respStmt>
               <resp>Digital scholarly edition created within the ERC</resp>
               <orgName><ref target="https://www.europeanarsnova.eu/">European Ars Nova</ref> project.</orgName>
            </respStmt>
            <respStmt> 
               <resp>Edited by</resp> 
               <name>Maria Sofia Lannutti</name> 
            </respStmt> 
            <respStmt> 
               <resp>Revised by</resp> 
               <name>Luca Gatti</name> 
            </respStmt> 
            <respStmt> 
               <resp>TEI-encoded by</resp> 
               <name>Elvira Mercatanti</name> 
            </respStmt> 
         </titleStmt>
         <publicationStmt>
            <p></p>
            <!--publisher>Edizioni del Galluzzo</publisher>
            <pubPlace>Firenze, Italia</pubPlace>
            <date>2021</date>
            <availability>
               <p>L'edizione è disponibile su licenza.</p>
            </availability>            
            <idno type="ISBN">ISBN</idno>
            <idno type="DOI">DOI</idno>
            <idno type="URI">permalink della scheda ANT</idno-->
         </publicationStmt>
         <sourceDesc>
            <p></p>
         </sourceDesc>
      </fileDesc>
      <encodingDesc>
         <variantEncoding method="double-end-point" location="internal"/>
      </encodingDesc>
   </teiHeader>
   <text>
      <!--<front> 
         <div> 
            <p>
               Aggiungi qui l'INTRODUZIONE (se presente). Suddividila in paragrafi (<p>)
               e marca i corsivi (<hi rend="italic"> </hi> )
            </p> 
         </div>         
      </front> --> 
      <body>
         <lg>
            <l xml:id="l1">
               Levandome ’l <anchor xml:id="l1a1"/>maitin<anchor xml:id="l1a2"/>, vidi la bella
            </l>
            <l xml:id="l2">
               che in una fontanella se <anchor xml:id="l2a1"/>mi <supplied reason="illegible">[ra]</supplied>va<anchor xml:id="l2a2"/>,
            </l>
            <l xml:id="l3">
               molto <anchor xml:id="l3a1"/>leçadramente<anchor xml:id="l3a2"/> se spechiava.
            </l>
            <l xml:id="l4">
               Era descalça, <anchor xml:id="l4a1"/> <supplied reason="illegible">[s]</supplied>centa<anchor xml:id="l4a2"/> et despraciata,
            </l>
            <l xml:id="l5" n="5">
               cum le treçe avolupate al viso:
            </l>
            <l xml:id="l6">
               ben parea ch’usisse del paradiso.
            </l>
         </lg>
         <lg>
            <l xml:id="l7">
               De vïolete negre avea çirlanda:
            </l>
            <l xml:id="l8">
               «Ah, Dio, un’altra volta ne la manda!»
            </l>
         </lg>
         
      </body>



      <back>
         <listWit>            
            <witness xml:id="Rs">
               <ref type="siglum" target="#Rs">Rs</ref> 
               c. 5v, <abbr xml:id="RsC">C</abbr> (vv. 1-3 e 7), <abbr xml:id="RsT">T</abbr> (vv. 1-3 e 7), <hi rend="italic">resid.</hi> (vv. 4-6 e 8)
            </witness>
         </listWit>


         <listApp type="substantial">
            <listApp>
               <head>1</head>
               <app from="#l1a1" to="#l1a2">
                  <lem>maitin</lem>
                  <rdg wit="#Rs">maitino </rdg>
               </app>          
            </listApp>

            <listApp>
               <head>2</head>
               <app from="#l2a1" to="#l2a2">
                  <lem>mirava</lem>
                  <rdg>mi va <wit><ref corresp="#RsT">Rs<hi rend="super">T</hi></ref></wit></rdg>
               </app>           
            </listApp>

            <listApp>
               <head>4</head>
               <app from="#l4a1" to="#l4a2">
                  <lem>scenta</lem>
                  <rdg wit="#Rs">centa </rdg>
               </app>          
            </listApp>
         </listApp>



         <listApp type="formal">
            <listApp>
               <head>3</head>
               <app from="#l3a1" to="#l3a2">
                  <lem>leçadramente</lem>
                  <rdg>liçadramente  <wit><ref corresp="#RsT">Rs <hi rend="super">T</hi></ref></wit></rdg>
               </app>
            </listApp>
         </listApp>


         <div type="metricalScheme">
            <p>Madrigale 10’a 10’b 10’b, 10’c 10’d 10’d; 10’e 10’e. </p>
            <p><hi rend="italic">Capovilla </hi> <hi rend="small-caps">xlviii</hi>.</p>
         </div>


         <listBibl type="editions">
            <bibl corresp="#LiGotti1944"> 
               Li Gotti 1944, p. 126;
            </bibl>            

            <bibl corresp="#Sesini1943-1950"> 
              Sesini 1943-1950, p. 222;
            </bibl>

            <bibl corresp="#Corsi1970"> 
              Corsi 1970, p. 337;
            </bibl>

            <bibl corresp="#Pirrotta1992"> 
              Pirrotta 1992, p. 29;
            </bibl>

            <bibl corresp="#Sucato2003">
               Sucato 2003, p. 74.
            </bibl>
         </listBibl>


         <!--<listBibl type="bibliography">
            <bibl corresp="#">
            </bibl>
         </listBibl>-->


         <div type="commentary">
            <note target="#l4 #l5">
               <num>4-5.</num>
               <p>‘Era scalza, discinta e sbracciata, con il viso incorniciato dalle trecce’.</p>
            </note>
         </div>


         <listBibl type="editionsBibliography">

            <bibl xml:id="LiGotti1944">
               E. Li Gotti, <hi rend="italic">Poesie musicali italiane del sec. XIV</hi>, «Atti della Reale Accademia di scienze, lettere e arti di Palermo», IV/2 (1944), pp. 99-167.
            </bibl>

            <bibl xml:id="Sesini1943-1950">
               U. Sesini, <hi rend="italic">Il canzoniere musicale trecentesco del codice Vatic. Rossiano 215</hi>, «Studi medievali», n.s., 16 (1943-1950), pp. 212-236.
            </bibl>         

            <bibl xml:id="Corsi1970">
              Giuseppe Corsi, <hi rend="italic">Poesie musicali del Trecento</hi>, Bologna, Commissione per i testi di lingua, 1970 (Collezione di opere inedite o rare, 131).
            </bibl>

            <bibl xml:id="Pirrotta1992">
               N. Pirrotta, <hi rend="italic">Il codice Rossi 215 della Biblioteca Apostolica Vaticana. Con i frammenti della fondazione Opera pia don Giuseppe Greggiati di Ostiglia</hi>, Lucca, LIM, 1992.
            </bibl>

            <bibl xml:id="Sucato2003">
               Tiziana Sucato, <hi rend="italic">Il codice rossiano 215. Madrigali, ballate, una caccia, un rotondello</hi>, Pisa, ETS, 2003 («Diverse voci...» 1).
            </bibl>
         </listBibl>
      </back>
   </text>
</TEI>
