<?xml version="1.0" encoding="UTF-8"?>
<?xml-model href="http://www.tei-c.org/release/xml/tei/custom/schema/relaxng/tei_all.rng" type="application/xml" schematypens="http://relaxng.org/ns/structure/1.0"?>
<?xml-model href="http://www.tei-c.org/release/xml/tei/custom/schema/relaxng/tei_all.rng" type="application/xml"
	schematypens="http://purl.oclc.org/dsdl/schematron"?>
<TEI xmlns="http://www.tei-c.org/ns/1.0">
   <teiHeader>
      <fileDesc>
         <titleStmt>
            <title>Puisque je suy amoureux</title>
            <respStmt>
               <resp>Digital scholarly editon created within the ERC</resp>
               <orgName><ref target="https://www.europeanarsnova.eu/">European Ars Nova</ref> project.</orgName>
            </respStmt>
            <respStmt>
               <resp>Edited by</resp>
               <name>Alice Colantuoni</name>
            </respStmt>
            <respStmt>
               <resp>Revised by</resp>
               <name>Davide Checchi</name>
            </respStmt>
            <respStmt>
               <resp>TEI-encoded by</resp>
               <name>Chiara Martignano</name>
            </respStmt>
         </titleStmt>
         <publicationStmt>
            <p></p>
            <!--publisher>Edizioni del Galluzzo</publisher>
            <pubPlace>Firenze, Italia</pubPlace>
            <date>2021</date>
            <availability>
               <p>L'edizione è disponibile su licenza.</p>
            </availability>            
            <idno type="ISBN">ISBN</idno>
            <idno type="DOI">DOI</idno>
            <idno type="URI">permalink della scheda ANT</idno-->
         </publicationStmt>
         <sourceDesc>
            <p></p>
         </sourceDesc>
      </fileDesc>
      <encodingDesc>
         <variantEncoding method="double-end-point" location="internal"/>
      </encodingDesc>
   </teiHeader>
   <text>
      <!--front>    
      </front-->
      <body>
         <lg>
            <l xml:id="l1">
               Puisque je suy amoureux
            </l>
            <l xml:id="l2">
               de vous, gracïeuse, gente,
            </l>
            <l xml:id="l3">
               <anchor xml:id="l3a1"/>j<supplied>[a]</supplied><anchor xml:id="l3a2"/> n’est dolour que je sente
            </l>
            <l xml:id="l4">
               tant suy lïement joyeux.
            </l>
            <l xml:id="l5" n="5">
               Si vodray estre sogneux 
            </l>
            <l xml:id="l6">
               de vous servir a m’entente,
            </l>
            <l xml:id="l7">
               <hi rend="italic">
                  puisque je suy <supplied corresp="#l8s1">[amoureux</supplied>
               </hi>
            </l>
            <l xml:id="l8">
               <hi rend="italic">
                  <supplied xml:id="l8s1">de vous, gracïeuse, gente]</supplied>.
               </hi>
            </l>
            <l xml:id="l9">
               <supplied reason="illegible">[... -eux]</supplied>
            </l>
            <l xml:id="l10" n="10">
               <supplied reason="illegible">[... -ente]]</supplied>
            </l>
            <l xml:id="l11">
               <supplied reason="illegible">[... -ente]</supplied>
            </l>
            <l xml:id="l12">
               <supplied reason="illegible">[... -eux]</supplied>
            </l>
            <l xml:id="l13">
               <hi rend="italic">
                  <supplied xml:id="l13s1" corresp="#l14s1 #l15s1 #l16s1">[Puisque je suy amoureux</supplied>
               </hi>
            </l>
            <l xml:id="l14">
               <hi rend="italic">
                  <supplied xml:id="l14s1">de vous, gracïeuse, gente,</supplied>
               </hi>
            </l>
            <l xml:id="l15">
               <hi rend="italic">
                  <supplied xml:id="l15s1">j[a] n’est dolour que je sente</supplied>
               </hi>
            </l>
            <l xml:id="l16">
               <hi rend="italic">
                  <supplied xml:id="l16s1">tant suy lïement joyeux.]</supplied>
               </hi>
            </l>
         </lg>
      </body>
      <back>
         <listWit>            
            <witness xml:id="Ox2">
               <ref type="siglum" target="#Ox2">Ox2</ref> 
               <locus>c. 93v</locus>, <abbr xml:id="Ox2C">C</abbr> (vv. 1-4), <hi rend="italic">resid.</hi> (vv. 5-8): <hi rend="italic"> r(ichard) loqueville</hi>
            </witness>
         </listWit>
         <listApp type="substantial">
            <listApp>
               <head>3</head>
               <app from="#l3a1" to="#l3a2">
                  <lem>ja</lem>
                  <rdg wit="#Ox2">jo</rdg>
               </app>           
            </listApp>
         </listApp>
         <div type="metricalScheme">
            <p>
               <hi rend="italic">Rondeau</hi> 7A 7’B 7’B 7A; 7a 7’b, 7A 7’B; [7a 7’b 7’b 7a; 7A 7’B 7’B 7A].
            </p>
         </div>
         <listBibl type="editions">
            <bibl corresp="#Reaney1966">
               Reaney 1966, p. <hi rend="small-caps">xxv</hi>.</bibl>
         </listBibl>
         <!--listBibl type="bibliography">
            <bibl corresp="#">
            </bibl>
         </listBibl-->
         <!--div type="commentary">
            <note target="# #">
               <num></num>
            </note>
         </div-->
         <listBibl type="editionsBibliography">
            <bibl xml:id="Reaney1966">
               .
            </bibl>
         </listBibl>
      </back>
   </text>
</TEI>
