<?xml version="1.0" encoding="UTF-8"?>
<?xml-model href="http://www.tei-c.org/release/xml/tei/custom/schema/relaxng/tei_all.rng" type="application/xml" schematypens="http://relaxng.org/ns/structure/1.0"?>
<?xml-model href="http://www.tei-c.org/release/xml/tei/custom/schema/relaxng/tei_all.rng" type="application/xml"
	schematypens="http://purl.oclc.org/dsdl/schematron"?>
<TEI xmlns="http://www.tei-c.org/ns/1.0">
   <teiHeader>
      <fileDesc>
         <titleStmt>
            <title>Lucente stella, che ’l mio cor desfai</title>
            <!--<author><ref target="X"></ref></author>-->
            <respStmt>
               <resp>Digital scholarly edition created within the ERC</resp>
               <orgName><ref target="https://www.europeanarsnova.eu/">European Ars Nova</ref>
                  project.</orgName>
            </respStmt>
            <respStmt>
               <resp>Edited by</resp>
               <name>Maria Sofia Lannutti</name>
            </respStmt>
            <respStmt>
               <resp>Revised by</resp>
               <name>Luca Gatti</name>
            </respStmt>
            <respStmt>
               <resp>TEI-encoded by</resp>
               <name>Elvira Mercatanti</name>
            </respStmt>
         </titleStmt>
         <publicationStmt>
            <p/>
            <!--publisher>Edizioni del Galluzzo</publisher>
            <pubPlace>Firenze, Italia</pubPlace>
            <date>2021</date>
            <availability>
               <p>L'edizione è disponibile su licenza.</p>
            </availability>            
            <idno type="ISBN">ISBN</idno>
            <idno type="DOI">DOI</idno>
            <idno type="URI">permalink della scheda ANT</idno-->
         </publicationStmt>
         <sourceDesc>
            <p/>
         </sourceDesc>
      </fileDesc>
      <encodingDesc>
         <variantEncoding method="double-end-point" location="internal"/>
      </encodingDesc>
   </teiHeader>
   <text>
      <!--<front> 
         <div> 
            <p>
               Aggiungi qui l'INTRODUZIONE (se presente). Suddividila in paragrafi (<p>)
               e marca i corsivi (<hi rend="italic"> </hi> )
            </p> 
         </div>         
      </front> -->
      <body>
         <lg>
            <l xml:id="l1">Lucente stella, che ’l mio cor desfai </l>
            <l xml:id="l2">con novo guardo che move d’Amore, </l>
            <l xml:id="l3">açi pietà de quel che per ti more.</l>
         </lg>
         <lg>
            <l xml:id="l4">I ati toi dolce prometon salute</l>
            <l xml:id="l5" n="5">a chi se spechia ne lo to bel viso;</l>
            <l xml:id="l6">e dei ochi toi ladri el vago riso </l>
            <l xml:id="l7">furan mia vita per la lor vertute,</l>
            <l xml:id="l8">mercì mostrando dele mie ferute. </l>
            <l xml:id="l9">Ma poi pur provo che lo to valore</l>
            <l xml:id="l10" n="10">cum crudeltate struçe lo mio core.</l>
         </lg>
      </body>



      <back>
         <listWit>
            <witness xml:id="Rs">
               <ref type="siglum" target="#Rs">Rs</ref>  
               c. 22r, <abbr xml:id="RsC">C</abbr> (vv. 1-5), <hi rend="italic"> resid.</hi> (vv. 6-10)</witness>
         </listWit>


         <!-- <listApp type="substantial">
            
         </listApp> -->



         <!--<listApp type="formal">
                   
         </listApp> -->


         <div type="metricalScheme">
            <p>Ballata mezzana 10’y 10’z 10’z; 10’a 10’b, 10’b 10’a; 10’a 10’z 10’z. </p>
            <p><hi rend="italic"> Pagnotta </hi> 155 : 2.</p>
            <p>Rima ricca ai vv. 2 : 3.</p>
         </div>


         <listBibl type="editions">
            <bibl corresp="LiGotti1944"> Li Gotti 1944, p. 136;</bibl>
            
            <bibl corresp="Sesini1943-1950"> Sesini 1943-1950, pp. 231-2;</bibl>
            
            <bibl corresp="#Corsi1970"> Corsi 1970, p. 353;</bibl>
            
            <bibl corresp="#Pirrotta1992"> Pirrotta 1992, pp. 34-5;</bibl>

            <bibl corresp="#Sucato2003"> Sucato 2003, p. 83.</bibl>
         </listBibl>


         <!--<listBibl type="bibliography">
            <bibl corresp="#">
            </bibl>
         </listBibl>-->


         <div type="commentary">
            <note target="#l7">
               <num>7.</num>
               <p>Concordanza a senso. Cfr. Lapo Gianni, <hi rend="italic">Questa rosa novella</hi>, vv. 13-14, dove, specularmente, al duplice soggetto è concordato un verbo al singolare: «presemi ’l dolce riso / e li occhi suoi lucenti come stella». </p>
            </note>
         </div>


         <listBibl type="editionsBibliography">
            <bibl xml:id="LiGotti1944"> E. Li Gotti, <hi rend="italic">Poesie musicali italiane del
               sec. XIV</hi>, «Atti della Reale Accademia di scienze, lettere e arti di Palermo»,
               IV/2 (1944), pp. 99-167.</bibl>
            
            <bibl xml:id="Sesini1943-1950"> U. Sesini, <hi rend="italic">Il canzoniere musicale
               trecentesco del codice Vatic. Rossiano 215</hi>, «Studi medievali», n.s., 16
               (1943-1950), pp. 212-236.</bibl>
            
            <bibl xml:id="Corsi1970"> Giuseppe Corsi, <hi rend="italic">Poesie musicali del
               Trecento</hi>, Bologna, Commissione per i testi di lingua, 1970 (Collezione di
               opere inedite o rare, 131).</bibl>
            
            <bibl xml:id="Pirrotta1992"> N. Pirrotta, <hi rend="italic">Il codice Rossi 215 della
               Biblioteca Apostolica Vaticana. Con i frammenti della fondazione Opera pia don
               Giuseppe Greggiati di Ostiglia</hi>, Lucca, LIM, 1992</bibl>
            
            <bibl xml:id="Sucato2003"> Tiziana Sucato, <hi rend="italic">Il codice rossiano 215.
               Madrigali, ballate, una caccia, un rotondello</hi>, Pisa, ETS, 2003 («Diverse
               voci...» 1).</bibl>
         </listBibl>
      </back>
   </text>
</TEI>
