<?xml version="1.0" encoding="UTF-8"?>
<?xml-model href="http://www.tei-c.org/release/xml/tei/custom/schema/relaxng/tei_all.rng" type="application/xml" schematypens="http://relaxng.org/ns/structure/1.0"?>
<?xml-model href="http://www.tei-c.org/release/xml/tei/custom/schema/relaxng/tei_all.rng" type="application/xml"
	schematypens="http://purl.oclc.org/dsdl/schematron"?>
<TEI xmlns="http://www.tei-c.org/ns/1.0">
    <teiHeader>
        <fileDesc>
            <titleStmt>
                <title>Lucida pecorella son scampata</title>
                <author><ref target="https://www.mirabileweb.it/author/niccol%C3%B2-soldanieri-author/230008">Niccolò Soldanieri</ref></author>
                <respStmt>
                    <resp>Digital scholarly edition created within the ERC</resp>
                    <orgName><ref target="https://www.europeanarsnova.eu/">European Ars Nova</ref>
                        project.</orgName>
                </respStmt>
                <respStmt>
                    <resp>Edited by</resp>
                    <name>Vittoria Brancato</name>
                </respStmt>
                <respStmt>
                    <resp>Revised by</resp>
                    <name>Luca Gatti</name>
                </respStmt>
                <respStmt>
                    <resp>TEI-encoded by</resp>
                    <name>Elvira Mercatanti</name>
                </respStmt>
            </titleStmt>
            <publicationStmt>
                <p/>
                <!--publisher>Edizioni del Galluzzo</publisher>
            <pubPlace>Firenze, Italia</pubPlace>
            <date>2021</date>
            <availability>
               <p>L'edizione è disponibile su licenza.</p>
            </availability>           
            <idno type="ISBN">ISBN</idno>
            <idno type="DOI">DOI</idno>
            <idno type="URI">permalink della scheda ANT</idno-->
            </publicationStmt>
            <sourceDesc>
                <p/>
            </sourceDesc>
        </fileDesc>
        <encodingDesc>
            <variantEncoding method="double-end-point" location="internal"/>
        </encodingDesc>
    </teiHeader>
    <text>
        <!--<front>
         <div>
            <p>
               Aggiungi qui l'INTRODUZIONE (se presente). Suddividila in paragrafi (<p>)
               e marca i corsivi (<hi rend="italic"></hi>)
            </p>
         </div>        
      </front>-->
        <body>
            <lg>
                <l xml:id="l1">Lucida pecorella <anchor xml:id="l1a1"/>son<anchor xml:id="l1a2"/> <anchor xml:id="l1a3"/>scampata<anchor xml:id="l1a4"/></l>
                <l xml:id="l2"><anchor xml:id="l2a1"/>da <supplied reason="illegible">[ʼn]</supplied> pelle<anchor xml:id="l2a2"/> di <anchor xml:id="l2a3"/>monton<anchor xml:id="l2a4"/> mordace lupo,</l>
                <l xml:id="l3"><anchor xml:id="l3a3"/>fugita<anchor xml:id="l3a4"/> son <anchor xml:id="l3a5"/>correndo<anchor xml:id="l3a6"/> <anchor xml:id="l3a1"/>dʼun<anchor xml:id="l3a2"/> gran cupo.</l>
                <l xml:id="l4">Se ʼl pastor che <anchor xml:id="l4a1"/>·mmi<anchor xml:id="l4a2"/> para non mi lascia</l>
                <l xml:id="l5" n="5">pasturar più in <anchor xml:id="l5a1"/>quella<anchor xml:id="l5a2"/> gran foresta,</l>
                <l xml:id="l6"><anchor xml:id="l6a1"/>starò<anchor xml:id="l6a2"/> sicura pascendo <anchor xml:id="l6a3"/>in<anchor xml:id="l6a4"/> gran festa,</l>
            </lg>
            <lg>
                <l xml:id="l7"><anchor xml:id="l7a1"/><anchor xml:id="l7a2"/>belando<anchor xml:id="l7a3"/> con <anchor xml:id="l7a6"/>dilettʼ<anchor xml:id="l7a7"/> e <anchor xml:id="l7a4"/>ssaltellare<anchor xml:id="l7a5"/></l>
                <l xml:id="l8"><anchor xml:id="l8a2"/>e<anchor xml:id="l8a3"/> ʼl pascer della selva et rugumare.<anchor xml:id="l8a1"/> </l>                
            </lg>
        </body>



        <back>
            <listWit>
                <witness xml:id="Sq">
                    <ref type="siglum" target="#Sq">Sq</ref>cc. <locus>73v-74r</locus>, <abbr xml:id="SqC">C</abbr> (vv. 1-3 e 7-8), <abbr xml:id="SqT">T</abbr> (vv. 1-3 e 7-8), <hi rend="italic">resid.</hi> (vv. 4-6): <hi rend="italic">m(agister) donatus de florentia</hi>
                </witness>
                
                <witness xml:id="Pit">
                    <ref type="siglum" target="#Pit">Pit</ref>cc. <locus>14v-15r</locus>, <abbr xml:id="PitC">C</abbr> (vv. 1-3 e 7-8), <abbr xml:id="PitT">T</abbr> (vv. 1-3 e 7-8), <hi rend="italic">resid.</hi> (vv. 4-6): <hi rend="italic">don donato da cascia</hi>
                </witness>
                
                <witness xml:id="Fp">
                    <ref type="siglum" target="#Fp">Fp</ref>cc. <locus>83v-84r</locus>, <abbr xml:id="FpC">C</abbr> (vv. 1-3 e 7-8), <abbr xml:id="FpT">T</abbr> (vv. 1-3 e 7-8), <hi rend="italic">resid.</hi> (vv. 4-6): <hi rend="italic">s(er) donato</hi>
                </witness>
                
                <witness xml:id="SL">
                    <ref type="siglum" target="#SL">SL</ref>cc. <locus>74v-75r</locus>, <abbr xml:id="SLC">C</abbr> (vv. 1-3 e 7-8), <abbr xml:id="SLT">T</abbr> (vv. 1-3 e 7-8), <hi rend="italic">resid.</hi> (vv. 4-6): <hi rend="italic">do donatus</hi>. Il <hi rend="italic">cantus</hi> è per gran parte illeggibile.
                </witness>
                
                <witness xml:id="Ah1">
                    <ref type="siglum" target="#Ah1">Ah1</ref>c. 27v: <hi rend="italic">madriale di niccholò soldanieri</hi>
                </witness>
            </listWit>


            <listApp type="substantial">              
               <listApp>
                   <head>1</head>
                   <app from="#l1a1" to="#l1a2">
                       <lem>son</lem>
                       <rdg wit="#Pit">i son</rdg>
                   </app>
                   
                   <app from="#l1a3" to="#l1a4">
                       <lem>scampata</lem>
                       <rdg wit="#Fp">campata</rdg>
                   </app>
               </listApp>
                
               <listApp>
                   <head>2</head>
                   <app from="#l2a1" to="#l2a2">
                       <lem>da ʼn pelle</lem>
                       <rdg wit="#Sq #Pit #Ah1 #Fp">da pelle</rdg>
                   </app>
                   
                   <app from="#l2a3" to="#l2a4">
                       <lem>monton</lem>
                       <rdg wit="#Ah1">montone <hi rend="italic">(+1)</hi></rdg>
                   </app>
               </listApp>
                
                <listApp>
                    <head>3</head>
                    <app from="#l3a1" to="#l3a2">
                        <lem>dʼun</lem>
                        <rdg wit="#Ah1">in un </rdg>
                        <rdg>du <wit><ref corresp="#SqC">Sq<hi rend="super">C</hi></ref></wit></rdg>
                    </app>
                </listApp>
                
                <listApp>
                    <head>5</head>
                    <app from="#l5a1" to="#l5a2">
                        <lem>quella</lem>
                        <rdg wit="#Ah1">questa</rdg>
                    </app>
                </listApp>
                
                <listApp>
                    <head>6</head>
                    <app from="#l6a1" to="#l6a2">
                        <lem>starò</lem>
                        <rdg wit="#Sq">sta</rdg>
                    </app>
                </listApp>
                
                <listApp>
                    <head>7-8</head>
                    <app from="#l7a1" to="#l8a1">
                        <rdg wit="#Ah1">belando con gran festa e saltellando / al pascier della selva a roghumare </rdg>
                    </app>
                </listApp>
                
                <listApp>
                    <head>8</head>
                    <app from="#l8a2" to="#l8a3">
                        <lem>e</lem>
                        <rdg wit="#Fp" type="omission"><hi rend="italic">om.</hi> <wit><ref corresp="#PitC">Pit<hi rend="super">C</hi></ref></wit></rdg>
                    </app>
                </listApp>
            </listApp>



           <listApp type="formal">
                <listApp>
                    <head>3</head>
                    <app from="#l3a3" to="#l3a4">
                        <lem>fugita</lem>
                        <rdg>fug fugita <wit><ref corresp="#SqC">Sq<hi rend="super">C</hi></ref></wit>
                                        <wit><ref corresp="#SLC">SL<hi rend="super">C</hi></ref></wit>
                                        <wit><ref corresp="#PitT">Pit<hi rend="super">T</hi></ref></wit> </rdg>
                        <rdg wit="#Fp">fug fuggita </rdg>
                        <rdg>fu fugita <wit><ref corresp="#PitC">Pit<hi rend="super">C</hi></ref></wit></rdg>
                        <rdg>fuggita <wit><ref corresp="#FpC">Fp<hi rend="super">C</hi></ref></wit></rdg>
                    </app>
                    
                    <app from="#l3a5" to="#l3a6">
                        <lem>correndo</lem>
                        <rdg wit="#Ah1">chorendo</rdg>
                    </app>
                </listApp>
               
               <listApp>
                   <head>4</head>
                   <app from="#l4a1" to="#l4a2">
                       <lem>mmi</lem>
                       <rdg>mi <wit><ref corresp="#FpC">Fp<hi rend="super">C</hi></ref></wit></rdg>
                   </app>
               </listApp>
               
               
               <listApp>
                   <head>6</head>
                   <app from="#l6a3" to="#l6a4">
                       <lem>in</lem>
                       <rdg>ʼn gran <wit><ref corresp="#FpC">Fp<hi rend="super">C</hi></ref></wit></rdg>
                   </app>
               </listApp>
               
               <listApp>
                   <head>7</head>
                   <app from="#l7a2" to="#l7a3">
                       <lem>belando</lem>
                       <rdg>be be be be be be be lando <wit><ref corresp="#SqC">Sq<hi rend="super">C</hi></ref></wit></rdg>
                       <rdg>Be be be be be be be be lando <wit><ref corresp="#SqT">Sq<hi rend="super">T</hi></ref></wit></rdg>
                   </app>
                   
                   <app from="#l7a4" to="#l7a5">
                       <lem>ssaltellare</lem>
                       <rdg wit="#Pit #Fp">saltellare </rdg>
                   </app>
                   
                   <app from="#l7a6" to="#l7a7">
                       <lem>dilettʼ</lem>
                       <rdg wit="#Pit">dilecto </rdg>
                   </app>
               </listApp>
           </listApp>
            


            <div type="metricalScheme">
                <p>Madrigale 10ʼa 10ʼ b 10ʼ b, 10ʼ c 10ʼ d 10ʼ d; 10ʼ e 10ʼ e. </p>
                <p><hi rend="italic">Capovilla</hi> XLVIII.</p>
                <p>Punti sottoscritti: v. 7 (<hi rend="italic">dilecto</hi>) Pit.</p>
            </div>


            <listBibl type="editions">
                <bibl corresp="#Corsi1970">Corsi 1970, p. 120;</bibl>
                <bibl corresp="#Giorgetti2019-2020">Giorgetti 2019-2020, pp. 66-9.</bibl>
            </listBibl>


            <!--<listBibl type="bibliography">
                
            </listBibl>-->


            <div type="commentary">
               <note target="#l2">
                   <num>2.</num>
                   <p><hi rend="italic">’n</hi>: la congettura, già proposta nellʼedizione tardo-ottocentesca di Carducci e adottata da Giorgetti, sembra necessaria al senso del passo e permette di intendere ʻsono scampata da un lupo feroce in pelle di montoneʼ: il lupo si presenta infatti travestito, avvolto in pelle di montone per ingannare la pecorella (secondo lʼimmagine di derivazione evangelica).</p>
               </note>
                
               <note target="#l3">
                   <num>3.</num>
                   <p><hi rend="italic">cupo</hi>: agg. sostantivato che potrebbe valere ʻpericoloʼ, o ʻdirupoʼ.</p>
               </note>
                
                <note target="#l7">
                    <num>7.</num>
                    <p><hi rend="italic">con</hi>: regge <hi rend="italic">dilettʼ</hi> e gli infiniti <hi rend="italic">ssaltellare</hi> e <hi rend="italic">ʼl pascer</hi>.</p>
                </note>
                
            </div>


            <listBibl type="editionsBibliography">
                <bibl xml:id="Corsi1970">Giuseppe Corsi, <hi rend="italic">Poesie musicali del Trecento</hi>, Bologna, Commissione per i testi di lingua, 1970 (Collezione di opere inedite o rare, 131)</bibl>
                <bibl xml:id="Giorgetti2019-2020">Elisa Giorgetti, <hi rend="italic">Edizione critica commentata dei testi intonati da Donato da Cascia</hi>, tesi di Laurea Magistrale, Università di Firenze, 2019-2020</bibl>
            </listBibl>
        </back>
    </text>
</TEI>
