<?xml version="1.0" encoding="UTF-8"?>
<?xml-model href="http://www.tei-c.org/release/xml/tei/custom/schema/relaxng/tei_all.rng" type="application/xml" schematypens="http://relaxng.org/ns/structure/1.0"?>
<?xml-model href="http://www.tei-c.org/release/xml/tei/custom/schema/relaxng/tei_all.rng" type="application/xml"
	schematypens="http://purl.oclc.org/dsdl/schematron"?>
<TEI xmlns="http://www.tei-c.org/ns/1.0">
    <teiHeader>
        <fileDesc>
            <titleStmt>
                <title>Ma dama m’a congié douné</title>
                <respStmt>
                    <resp>Digital scholarly edition created within the </resp>
                    <orgName><ref target="https://www.europeanarsnova.eu/">European Ars Nova</ref> ERC project.</orgName>
                </respStmt>
                <respStmt>
                    <resp>Edited by</resp>
                    <name>Maria Sofia Lannutti</name>
                </respStmt>
                <respStmt>
                    <resp>Revised by</resp>
                    <name>Vittoria Brancato</name>
                </respStmt>
                <respStmt>
                    <resp>TEI-encoded by</resp>
                    <name>Carla Congiu</name>
                </respStmt>
            </titleStmt>
            <publicationStmt>
                <p></p>
                <!--publisher>Edizioni del Galluzzo</publisher>
            <pubPlace>Firenze, Italia</pubPlace>
            <date>2021</date>
            <availability>
               <p>L'edizione è disponibile su licenza.</p>
            </availability>            
            <idno type="ISBN">ISBN</idno>
            <idno type="DOI">DOI</idno>
            <idno type="URI">permalink della scheda ANT</idno-->
            </publicationStmt>
            <sourceDesc>
                <p></p>
            </sourceDesc>
        </fileDesc>
        <encodingDesc>
            <variantEncoding method="double-end-point" location="internal"/>
        </encodingDesc>
    </teiHeader>
    <text>
        <!--front>
            <div>
                <p>
                </p>
            </div>         
        </front-->
        <body>
            <lg>
                <l xml:id="l1">
                    Ma dama m’a congié douné,
                </l>
                <l xml:id="l2">
                    j’en sui pres mis en desespoyr,
                </l>
                <l xml:id="l3">
                    quant son cuer <anchor xml:id="l3a1"/><supplied>[a]</supplied><anchor xml:id="l3a2"/> abandouné
                </l>
                <l xml:id="l4">
                    a autrui amer; dont pooir
                </l>
                <l xml:id="l5" n="5">
                    arai jamais de joye avoir
                </l>
                <l xml:id="l6">
                    puisqu’ensi de li suy fourtrais.
                </l>
                <l xml:id="l7">
                    <hi rend="italic">Se je me plaing, je n’en puis mais.</hi>
                </l>
            </lg>
            <lg>
                <l xml:id="l8">
                    Fortune m’a guerredouné
                </l>
                <l xml:id="l9">
                    contre bien, mal, par son voloir,
                </l>
                <l xml:id="l10" n="10">
                    qui m’a de ma dame jeté
                </l>
                <l xml:id="l11">
                    et de tout mis en <anchor xml:id="l11a1"/>no<supplied>[n]</supplied>chalo<supplied>[i]</supplied>r<anchor xml:id="l11a2"/>.
                </l>
                <l xml:id="l12">
                    Nuls ne puet trouver ne savoir
                </l>
                <l xml:id="l13">
                    qu’envers li joye en riens me fais.
                </l>
                <l xml:id="l14">
                    <hi rend="italic">Se je me plaing, <supplied>[je n’en puis mais]</supplied>.</hi>
                </l>
            </lg>
            <lg>
                <l xml:id="l15" n="15">
                    Bien part a mi, coment grevé
                </l>
                <l xml:id="l16">
                    mesdisans m’ont. Pité mouvoir
                </l>
                <l xml:id="l17">
                    <anchor xml:id="l17a1"/>l<supplied>[i]</supplied> f<supplied>[erai]</supplied><anchor xml:id="l17a2"/> per humilité,
                </l>
                <l xml:id="l18">
                    et Diex li fera parchevoir
                </l>
                <l xml:id="l19">
                    que l’ai servi san dechevoir.
                </l>
                <l xml:id="l20" n="20">
                    Amors, jugiés selonc mes fais!
                </l>
                <l xml:id="l21">
                    <hi rend="italic">Se je me plaing, <supplied>[je n’en puis mais]</supplied>.</hi>
                </l>
            </lg>
        </body>
        <back>
            <listWit>
                <witness xml:id="Ch">
                    <ref type="siglum" target="#Ch">Ch</ref>
                    c. <locus>14v</locus>, <abbr xml:id="ChC">C</abbr> (vv. 1-7), <hi rend="italic">resid.</hi> (vv. 8-21)
                </witness>
                <witness xml:id="Trém">
                    <ref type="siglum" target="#Trém">Trém</ref>
                    c. <locus>Ir</locus> (<hi rend="italic">perduto</hi>): l’<hi rend="italic">incipit Ma dame ma conje</hi> è citato nell’indice seguito dal numero di carta (XXXVII), che non si è conservata.
                </witness>
            </listWit>
            <listApp type="substantial">
                <listApp>
                    <head>3</head>
                    <app from="#l3a1" to="#l3a2">
                        <lem>a</lem>
                        <rdg wit="#Ch"></rdg>
                    </app>
                </listApp>
                <listApp>
                    <head>11</head>
                    <app from="#l11a1" to="#l11a2">
                        <lem>nonchaloir</lem>
                        <rdg wit="#Ch">nochalor</rdg>
                    </app>
                </listApp>
                <listApp>
                    <head>17</head>
                    <app from="#l17a1" to="#l17a2">
                        <lem>li ferai</lem>
                        <rdg wit="#Ch">le font</rdg>
                    </app>
                </listApp>
            </listApp>
            <!--listApp type="formal">             
            </listApp-->
            <div type="metricalScheme">
                <p><hi rend="italic">Ballade</hi> 8a 8b, 8a 8b; 8b 8c 8C.</p>
                <p>Rima derivativa e inclusiva ai vv. 1 : 3 : 8; rima ricca ai vv. 5 : 12 : 16 : 18 : 19, 8 : 17; rima equivoca ai vv. 13 : 20.</p>
            </div>
            <listBibl type="editions">
                <bibl corresp="#Apel-Rosenberg1971">
                    Apel-Rosenberg 1971, p. <hi rend="small-caps">xxx</hi>.
                </bibl>
            </listBibl>
            <div type="commentary">
                <note target="#l3">
                    <num>3.</num>
                    <hi rend="italic">a</hi>: l’integrazione è necessaria a sanare ipometria.
                </note>
                <note target="#l6">
                    <num>6.</num>
                    <hi rend="italic">sui fourtrais</hi>: ‘sono allontanato’ (<hi rend="italic">DMF</hi>, s.v. <hi rend="italic">fortraire</hi>).
                </note>
                <note target="#l7">
                    <num>7.</num>
                    <hi rend="italic">je n’en puis mais</hi>: il costrutto <hi rend="italic">en pouvoir mais</hi> è documentato  <hi rend="italic">DMF</hi>, s.v. <hi rend="italic">pouvoir</hi>.
                    <hi rend="italic">mais</hi>: ‘più’, da lat. MAGIS.
                </note>
                <note target="#l17">
                    <num>17.</num>
                    <hi rend="italic">li ferai</hi>: intervengo su <hi rend="italic">le font</hi> indotto forse da <hi rend="italic">ont</hi> (III pers. plur. al v. precedente riferito ai <hi rend="italic">mesdisans</hi>, qui fuori contesto).
                </note>
            </div>
            <listBibl type="editionsBibliography">
                <bibl xml:id="Apel-Rosenberg1971">
                    Willi Apel, <hi rend="italic">French Secular Compositions of the Fourteenth Century II. Anonymous Ballades</hi>, edition of the Literary Texts by Samuel Rosenberg, Rome, American Institute of Musicology, 1971 (CMM, 53/2).
                </bibl>
            </listBibl>
        </back>
    </text>
</TEI>