<?xml version="1.0" encoding="UTF-8"?>
<?xml-model href="http://www.tei-c.org/release/xml/tei/custom/schema/relaxng/tei_all.rng" type="application/xml" schematypens="http://relaxng.org/ns/structure/1.0"?>
<?xml-model href="http://www.tei-c.org/release/xml/tei/custom/schema/relaxng/tei_all.rng" type="application/xml"
	schematypens="http://purl.oclc.org/dsdl/schematron"?>
<TEI xmlns="http://www.tei-c.org/ns/1.0">
   <teiHeader>
      <fileDesc>
         <titleStmt>
            <title>Ma’, ria, vèr di me pietà non veggio</title>
            <respStmt>
               <resp>Digital scholarly edition created within the ERC</resp>
               <orgName><ref target="https://www.europeanarsnova.eu/">European Ars Nova</ref> project.</orgName>
            </respStmt>
            <respStmt>
                <resp>Edited by</resp>
                <name>Maria Sofia Lannutti</name> 
            </respStmt>
            <respStmt>
                <resp>Revised by</resp>
                <name>Luca Gatti</name>
            </respStmt>
             <respStmt>
                <resp>TEI-encoded by</resp>
                <name>Letizia Ricci</name>
            </respStmt>
         </titleStmt>
         <publicationStmt>
            <p></p>
            <!--publisher>Edizioni del Galluzzo</publisher>
            <pubPlace>Firenze, Italia</pubPlace>
            <date>2021</date>
            <availability>
               <p>L'edizione è disponibile su licenza.</p>
            </availability>            
            <idno type="ISBN">ISBN</idno>
            <idno type="DOI">DOI</idno>
            <idno type="URI">permalink della scheda ANT</idno-->
         </publicationStmt>
         <sourceDesc>
            <p></p>
         </sourceDesc>
      </fileDesc>
      <encodingDesc>
         <variantEncoding method="double-end-point" location="internal"/>
      </encodingDesc>
   </teiHeader>
    <text>
      <!-- <front>
         <div>
            <p>
            </p>
         </div>
      </front> -->
      <body>
         <lg>
            <l xml:id="l1">
                MA’, RIA, vèr di me pietà non veggio
            </l>
            <l xml:id="l2">
                et però, rie Fortuna
            </l>
            <l xml:id="l3">
                sanza merzé alcuna,
            </l>
            <l xml:id="l4">
                fammi che vuoi, ché far non mi puo’ peggio.
            </l>
        </lg>
        <lg>
            <l xml:id="l5" n="5">
                Disposto son e’ colpi sostenere
            </l>
            <l xml:id="l6">
                di tu’ aspra saetta velenosa,
            </l>
            <l xml:id="l7">
                né di mai fare contr’ a·ttuo volere,
            </l>
            <l xml:id="l8">
                c’ogni saetta mi par gratïosa,
            </l>
            <l xml:id="l9">
                però ch’i’ spero pure alquanto posa
            </l>
            <l xml:id="l10" n="10">
                in lungo tempo avere
            </l>
            <l xml:id="l11">
                et di pianto piacere,
            </l>
            <l xml:id="l12">
                se ’l buon proverbio fa vero suo seggio.
            </l>
         </lg>
      </body>
      <back>
         <listWit>
            <witness xml:id="Pit">
               <ref type="siglum" target="#Pit">Pit</ref>
               cc. <locus>72v-73r</locus>, <abbr xml:id="PitC">C</abbr> (vv. 1-6), <hi rend="italic">resid.</hi> (vv. 7-12): <hi rend="italic">p(aulus) a(bbas)</hi>
            </witness>
         </listWit>
         <!-- <listApp type="substantial">
            <listApp>
               <head></head>
               <app from="#" to="#">
                  <lem></lem>
                  <rdg></rdg> 
               </app>
            </listApp>
         </listApp> -->
         <div type="metricalScheme">
            <p>
                Ballata grande 10’z 6’y 6’y 10’z; 10’a 10’b, 10’a 10’b; 10’b 6’c 6’c 10’z. 
            </p>
            <p>
                <hi rend="italic">Pagnotta </hi> 88 : 1.
            </p>
            <p>
                Punti sottoscritti: v. 3 (<hi rend="italic">vuoi</hi>) Pit<hi rend="super">C</hi>.
            </p>
         </div>
         <listBibl type="editions">
            <bibl corresp="#LiGotti1952">
                Li Gotti 1952, p. 598;
            </bibl>
            <bibl corresp="#Corsi1970">
                Corsi 1970, p. 279.
            </bibl>
         </listBibl>
         <!--listBibl type="bibliography">
            <bibl>
               <relatedItem>
                  <bibl>Riferimento bibliografico completo</bibl>
               </relatedItem>
            </bibl>
         </listBibl-->
         <div type="commentary">
            <note target="#l12">
                <num>12.</num>
                <p><hi rend="italic">suo seggio</hi>: ‘ciò che stabilisce’.</p>
            </note>
         </div>
         <listBibl type="editionsBibliography">
            <bibl xml:id="LiGotti1952">
                E. Li Gotti, <hi rend="italic">Paolo tenorista, fiorentino "extra moenia"</hi>, in <hi rend="italic">Estudios dedicados a Menéndez Pidal</hi>, tomo III, Madrid, C.S.I.C., 1952, pp. 577-606.
            </bibl>
            <bibl xml:id="Corsi1970">
               Giuseppe Corsi, <hi rend="italic">Poesie musicali del Trecento</hi>, Bologna, Commissione per i testi di lingua, 1970 (Collezione di opere inedite o rare, 131).
            </bibl>
         </listBibl>
      </back>
   </text>
</TEI>
