<?xml version="1.0" encoding="UTF-8"?>
<?xml-model href="http://www.tei-c.org/release/xml/tei/custom/schema/relaxng/tei_all.rng" type="application/xml" schematypens="http://relaxng.org/ns/structure/1.0"?>
<?xml-model href="http://www.tei-c.org/release/xml/tei/custom/schema/relaxng/tei_all.rng" type="application/xml"
	schematypens="http://purl.oclc.org/dsdl/schematron"?>
<TEI xmlns="http://www.tei-c.org/ns/1.0">
   <teiHeader>
      <fileDesc>
         <titleStmt>
            <title>Madonna, io me ramento</title>
            <!--<author><ref target="X"></ref></author>-->
            <respStmt>
               <resp>Digital scholarly edition created within the ERC</resp>
               <orgName><ref target="https://www.europeanarsnova.eu/">European Ars Nova</ref> project.</orgName>
            </respStmt>
            <respStmt> 
               <resp>Edited by</resp> 
               <name>Maria Sofia Lannutti</name> 
            </respStmt> 
            <respStmt> 
               <resp>Revised by</resp> 
               <name>Luca Gatti</name> 
            </respStmt> 
            <respStmt> 
               <resp>TEI-encoded by</resp> 
               <name>Elvira Mercatanti</name> 
            </respStmt> 
         </titleStmt>
         <publicationStmt>
            <p></p>
            <!--publisher>Edizioni del Galluzzo</publisher>
            <pubPlace>Firenze, Italia</pubPlace>
            <date>2021</date>
            <availability>
               <p>L'edizione è disponibile su licenza.</p>
            </availability>            
            <idno type="ISBN">ISBN</idno>
            <idno type="DOI">DOI</idno>
            <idno type="URI">permalink della scheda ANT</idno-->
         </publicationStmt>
         <sourceDesc>
            <p></p>
         </sourceDesc>
      </fileDesc>
      <encodingDesc>
         <variantEncoding method="double-end-point" location="internal"/>
      </encodingDesc>
   </teiHeader>
   <text>
      <!--<front> 
         <div> 
            <p>
               Aggiungi qui l'INTRODUZIONE (se presente). Suddividila in paragrafi (<p>)
               e marca i corsivi (<hi rend="italic"> </hi> )
            </p> 
         </div>         
      </front> --> 
      <body>
         <lg>
            <l xml:id="l1">
               Madonna, io me ramento 
            </l>
            <l xml:id="l2">
               del to polito viso
            </l>
            <l xml:id="l3">
               <anchor xml:id="l3a1"/> tratto dal <anchor xml:id="l3a2"/>paradiso:
            </l>
            <l xml:id="l4">
               <anchor xml:id="l4a1"/>ahimè lasso<anchor xml:id="l4a2"/>, mischinel descontento!
            </l>
         </lg>
         <lg>
            <l xml:id="l5" n="5">
               Vegendome lontan dala <anchor xml:id="l5a1"/>figura <anchor xml:id="l5a2"/>
            </l>
            <l xml:id="l6">
               <anchor xml:id="l6a3"/>de<anchor xml:id="l6a4"/> quella fresca rosa <anchor xml:id="l6a1"/>colorita<anchor xml:id="l6a2"/>, 
            </l>
            <l xml:id="l7">
               mio cor dimora sempre con paura, 
            </l>
            <l xml:id="l8">
               non vegendo toa persona fiorita. 
            </l>
            <l xml:id="l9">
               Ohimè, la departita!
            </l>
            <l xml:id="l10" n="10">
               Quanto me fo noiosa!
            </l>
            <l xml:id="l11">
               <supplied reason="illegible">[È]</supplied> mia vita angosciosa:
            </l>
            <l xml:id="l12">
               in pianti et in martir io me tormento. 
            </l>
         </lg>
      </body>



      <back>
         <listWit>            
            <witness xml:id="Lu">
               <ref type="siglum" target="#Lu">Lu</ref>
               c. 26v, <abbr xml:id="LuC">C</abbr> (vv.1-6), <abbr xml:id="LuT">T</abbr> (vv.1-6), <hi rend="italic">resid.</hi> (vv. 7-12): <hi rend="italic">antonellus</hi>. Il <hi rend="italic">residuum </hi> è divenuto quasi del tutto illeggibile, ci si affida pertanto all’ed. Pirrotta-Li Gotti.
            </witness>
         </listWit>


         <listApp type="substantial">
            <listApp>
               <head>3</head>
               <app from="#l3a1" to="#l3a2">
                  <lem>tratto dal</lem>
                  <rdg>for formato in<wit><ref corresp="#LuT">Lu<hi rend="super">T</hi></ref></wit></rdg>
               </app>    
            </listApp>

            <listApp>
               <head>5</head>
               <app from="#l5a1" to="#l5a2">
                  <lem>figu<hi rend="italic">ra</hi></lem>
                  <rdg><gap reason="illegible" rend="ill."/><wit><ref corresp="#LuC">Lu<hi rend="super">C</hi></ref></wit></rdg>
               </app>            
            </listApp>

            <listApp>
               <head>6</head>
               <app from="#l6a1" to="#l6a2">
                  <lem>color<hi rend="italic">ita</hi></lem>
                  <rdg><gap reason="illegible" rend="ill."/><wit><ref corresp="#LuC">Lu<hi rend="super">C</hi></ref></wit></rdg>
               </app>
            </listApp>
         </listApp>



         <listApp type="formal">
            <listApp>
               <head>4</head>
               <app from="#l4a1" to="#l4a2">
                  <lem>ahimè lasso</lem>
                  <rdg>ayme la ayme lasso <wit><ref corresp="#LuC">Lu<hi rend="super">C</hi></ref></wit></rdg>
                  <rdg>ayme lasso ayme lasso <wit><ref corresp="#LuT">Lu<hi rend="super">T</hi></ref></wit></rdg>
               </app>
            </listApp>

            <listApp>
               <head>6</head>
               <app from="#l6a3" to="#l6a4">
                  <lem>de</lem>
                  <rdg>de de <wit><ref corresp="#LuT">Lu<hi rend="super">T</hi></ref></wit></rdg>
               </app>
            </listApp>
         </listApp>


         <div type="metricalScheme">
            <p>Ballata grande 6’z 6’y 6’y 10’z; 10’a 10b, 10’a 10’b; 6’b 6’c 6’c 10’z.</p>
            <p><hi rend="italic">Pagnotta</hi> 98 : 46.</p>
            <p>Rima ricca ai vv. 6 : 8.</p>
            <p>Punti sottoscritti: v. 3 (<hi rend="italic">formato</hi>) Lu <hi rend="super">T</hi></p>
         </div>


         <listBibl type="editions">
            <bibl corresp="#Pirrotta-LiGotti1950">
               Pirrotta-Li Gotti 1950, pp. 131-2.
            </bibl>
         </listBibl>


         <!--<listBibl type="bibliography">
            <bibl corresp="#">
            </bibl>
         </listBibl>-->


         <div type="commentary">
            <note target="#l11">
               <num>11.</num>
               <p><hi rend="italic">È</hi>:in Pirrotta-Li Gotti si supplisce con l’avverbio <hi rend="italic">pur</hi>.</p>
            </note>
            
         </div>


         <listBibl type="editionsBibliography">
            <bibl xml:id="Pirrotta-LiGotti1950">
               N. Pirrotta-E. Li Gotti, <hi rend="italic">Il Codice di Lucca: II. Testi letterari</hi>, «Musica Disciplina», 4 (1950), pp. 111-152.
            </bibl>
         </listBibl>
      </back>
   </text>
</TEI>
