<?xml version="1.0" encoding="UTF-8"?>
<?xml-model href="http://www.tei-c.org/release/xml/tei/custom/schema/relaxng/tei_all.rng" type="application/xml" schematypens="http://relaxng.org/ns/structure/1.0"?>
<?xml-model href="http://www.tei-c.org/release/xml/tei/custom/schema/relaxng/tei_all.rng" type="application/xml"
	schematypens="http://purl.oclc.org/dsdl/schematron"?>
<TEI xmlns="http://www.tei-c.org/ns/1.0">
   <teiHeader>
      <fileDesc>
         <titleStmt>
            <title>Sans vous ne puis, tres douce creature</title>
            <respStmt>
               <resp>Digital scholarly editon created within the ERC</resp>
               <orgName><ref target="https://www.europeanarsnova.eu/">European Ars Nova</ref> project.</orgName>
            </respStmt>
            <respStmt>
               <resp>Edited by</resp>
               <name>Alice Colantuoni</name>
            </respStmt>
            <respStmt>
               <resp>Revised by</resp>
               <name>Davide Checchi</name>
            </respStmt>
            <respStmt>
               <resp>TEI-encoded by</resp>
               <name>Chiara Martignano</name>
            </respStmt>
         </titleStmt>
         <publicationStmt>
            <p></p>
            <!--publisher>Edizioni del Galluzzo</publisher>
            <pubPlace>Firenze, Italia</pubPlace>
            <date>2021</date>
            <availability>
               <p>L'edizione è disponibile su licenza.</p>
            </availability>            
            <idno type="ISBN">ISBN</idno>
            <idno type="DOI">DOI</idno>
            <idno type="URI">permalink della scheda ANT</idno-->
         </publicationStmt>
         <sourceDesc>
            <p></p>
         </sourceDesc>
      </fileDesc>
      <encodingDesc>
         <variantEncoding method="double-end-point" location="internal"/>
      </encodingDesc>
   </teiHeader>
   <text>
      <!--front>    
      </front-->
      <body>
         <lg>
            <l xml:id="l1">
               Sans vous ne puis, tres <anchor xml:id="l1a1"/>douce<anchor xml:id="l1a2"/> creature, 
            </l>
            <l xml:id="l2">
               plaisir avoir qui moy <anchor xml:id="l2a1"/>puist<anchor xml:id="l2a2"/> agreer,
            </l>
            <l xml:id="l3">
               car quant ne suis pres de <anchor xml:id="l3a1"/>vostre figure<anchor xml:id="l3a2"/>
            </l>
            <l xml:id="l4">
               en <anchor xml:id="l4a1"/>laquele<anchor xml:id="l4a2"/> est tout doulz <anchor xml:id="l4a3"/>ymaginer<anchor xml:id="l4a4"/>,
            </l>
            <l xml:id="l5" n="5">
               si grant <anchor xml:id="l5a1"/>paour<anchor xml:id="l5a2"/> ay que moy hors geter
            </l>
            <l xml:id="l6">
               ne me <anchor xml:id="l6a1"/>vuelliez<anchor xml:id="l6a2"/> de <anchor xml:id="l6a3"/>vostre<anchor xml:id="l6a4"/> <anchor xml:id="l6a5"/>gouvernance<anchor xml:id="l6a6"/>,
            </l>
            <l xml:id="l7">
               <hi rend="italic">
                  car <anchor xml:id="l7a5"/>vraiement<anchor xml:id="l7a6"/> fors <anchor xml:id="l7a1"/>qu<anchor xml:id="l7a2"/>’en <anchor xml:id="l7a3"/>vous<anchor xml:id="l7a4"/> n’ay fïance.
               </hi>               
            </l>
         </lg>
         <lg>
            <l xml:id="l8">
               Car en servir vo gent corps a droiture               
            </l>
            <l xml:id="l9">
               et en tous lieus doubter et honnourer
            </l>
            <l xml:id="l10" n="10">
               si ay mis <anchor xml:id="l10a1"/>bien<anchor xml:id="l10a2"/>, com deüsse, ma cure;
            </l>
            <l xml:id="l11">
               si ne say <supplied xml:id="l11s1">[rien]</supplied> trouver qui excuser
            </l>
            <l xml:id="l12">
               me puist vers vous, mez qu’en plourant aller,
            </l>
            <l xml:id="l13">
               de mez meffais requerir penitence,
            </l>
            <l xml:id="l14">
               <hi rend="italic">
                  car vraiement <supplied>[fors qu’en vous n’ay fiance]</supplied>.
               </hi>               
            </l>
         </lg>
         <lg>
            <l xml:id="l15" n="15">
               Si vous promez, tant que ma vie dure,
            </l>
            <l xml:id="l16">
               qu’obeir vueill a vostre comander,             
            </l>
            <l xml:id="l17">
               car fours de vous n’<anchor xml:id="l17a1"/><supplied>[e]</supplied>st<anchor xml:id="l17a2"/> joye qui seure
            </l>
            <l xml:id="l18">
               soit, <anchor xml:id="l18a1"/><supplied>[c]</supplied>e<anchor xml:id="l18a2"/> m’est vis, ne que gaires durer
            </l>
            <l xml:id="l19">
               puist; si vous pri, ne daigniez refuser
            </l>
            <l xml:id="l20" n="20">
               moy, que suy vostre a tout jour sanz doubtance,
            </l>
            <l xml:id="l21">
               car 
               <hi rend="italic"><supplied>vraiement fors qu’en vous n’ay fiance]</supplied></hi>.
            </l>
         </lg>
      </body>
      <back>
         <listWit>            
            <witness xml:id="Ch">
               <ref type="siglum" target="#Ch">Ch</ref>
               <locus>c. 35r</locus>, <abbr xml:id="ChC">C</abbr> (vv. 1-7), <hi rend="italic">resid.</hi> (vv. 8-21): <hi rend="italic">matheus de s(an)c(t)o johanne</hi>         
            </witness>
            <witness xml:id="MoA">
               <ref type="siglum" target="#MoA">MoA</ref>
               <locus>c. 15v</locus>, <abbr xml:id="MoAC">C</abbr> (vv. 1-7)
            </witness>
         </listWit>
         <listApp type="substantial">
            <listApp>
               <head>2</head>
               <app from="#l2a1" to="#l2a2">
                  <lem>puist</lem>
                  <rdg wit="#MoA" type="indifferentVariant">peust</rdg>
               </app>
            </listApp>
            <listApp>
               <head>3</head>
               <app from="#l3a1" to="#l3a2">
                  <lem>vostre figure</lem>
                  <rdg wit="#MoA">vous paytu re</rdg>
               </app>
            </listApp>
            <listApp>
               <head>7</head>
               <app from="#l7a1" to="#l7a2">
                  <lem>qu</lem>
                  <rdg wit="#MoA"/>
               </app>
               <app from="#l7a3" to="#l7a4">
                  <lem>vous</lem>
                  <rdg wit="#Ch">vons</rdg>
               </app>
            </listApp>
            <listApp>
               <head>10</head>
               <app from="#l10a1" to="#l10a2">
                  <lem>bien</lem>
                  <rdg wit="#Ch">bien say</rdg>
               </app>
            </listApp>
            <listApp>
               <head>11</head>
               <app from="#l11s1">
                  <lem>rien</lem>
                  <rdg wit="#Ch">voye</rdg>
               </app>
            </listApp>
            <listApp>
               <head>17</head>
               <app from="#l17a1" to="#l17a2">
                  <lem>est</lem>
                  <rdg wit="#Ch">ist</rdg>
               </app>
            </listApp>
            <listApp>
               <head>18</head>
               <app from="#l18a1" to="#l18a2">
                  <lem>ce</lem>
                  <rdg wit="#Ch">de</rdg>
               </app>
            </listApp>
         </listApp>
         <listApp type="formal">
            <listApp>
               <head>1</head>
               <app from="#l1a1" to="l1a2">
                  <lem>douce</lem>
                  <rdg wit="#MoA">douche</rdg>
               </app>
            </listApp>
            <listApp>
               <head>4</head>
               <app from="#l4a1" to="l4a2">
                  <lem>laquele</lem>
                  <rdg wit="#MoA">laquel</rdg>
               </app>
               <app from="#l4a3" to="#l4a4">
                  <lem>ymaginer</lem>
                  <rdg wit="#MoA">inmaginier</rdg>
               </app>
            </listApp>
            <listApp>
               <head>5</head>
               <app from="#l5a1" to="l5a2">
                  <lem>paour</lem>
                  <rdg wit="#MoA">paor</rdg>
               </app>
            </listApp>
            <listApp>
               <head>6</head>
               <app from="#l6a1" to="l6a2">
                  <lem>vuelliez</lem>
                  <rdg wit="#MoA">vueillez</rdg>
               </app>
               <app from="#l6a3" to="#l6a4">
                  <lem>vostre</lem>
                  <rdg wit="#MoA">voutre</rdg>
               </app>
               <app from="#l6a5" to="#l6a6">
                  <lem>gouvernance</lem>
                  <rdg wit="#MoA">governance</rdg>
               </app>
            </listApp>
            <listApp>
               <head>7</head>
               <app from="#l7a5" to="#l7a6">
                  <lem>vraiement</lem>
                  <rdg wit="#MoA">vraiemant</rdg>
               </app>
            </listApp>
         </listApp>
         <div type="metricalScheme">
            <p>
               <hi rend="italic">Ballade</hi> 10’a 10b 10’a 10b, 10b 10’c 10’C.
            </p>
            <p>
               Rima ricca ai vv. 1 : 8, 9 : 18, 11 : 19, 13 : 20.
            </p>
         </div>
         <listBibl type="editions">
            <bibl corresp="#Apel-Rosenberg1970">
               Apel-Rosenberg 1970, p. <hi rend="small-caps">LXII</hi>;
            </bibl>
            <bibl corresp="#Greene1981">
               Greene 1981, p. 133.
            </bibl>
         </listBibl>
         <listBibl type="editionsBibliography">
            <bibl xml:id="Apel-Rosenberg1970">
               Willi Apel, <hi rend="italic">French Secular Compositions of the Fourteenth Century: Vol. I, Ascribed Compositions</hi>, edition of the literary texts by S. N. Rosenberg., Rome, American Institute of Musicology, 1970 (CMM, 53/1).
            </bibl>
            <bibl xml:id="Greene1981">
               Gordon Greene, <hi rend="italic">French Secular Music. Manuscript Chantilly, Musée Condé 564. Second Part: nn. 51-100</hi>, Monaco, Éditions de l’Oiseau-Lyre, 1981 (Polyphonic Music of the Fourteenth Century, XIX).   
            </bibl>
         </listBibl>
      </back>
   </text>
</TEI>
