<?xml version="1.0" encoding="UTF-8"?>
<?xml-model href="http://www.tei-c.org/release/xml/tei/custom/schema/relaxng/tei_all.rng" type="application/xml" schematypens="http://relaxng.org/ns/structure/1.0"?>
<?xml-model href="http://www.tei-c.org/release/xml/tei/custom/schema/relaxng/tei_all.rng" type="application/xml"
	schematypens="http://purl.oclc.org/dsdl/schematron"?>
<TEI xmlns="http://www.tei-c.org/ns/1.0">
    <teiHeader>
        <fileDesc>
            <titleStmt>
                <title>Medee fu en amer veritable</title>
                <respStmt>
                    <resp>Digital scholarly edition created within the </resp>
                    <orgName><ref target="https://www.europeanarsnova.eu/">European Ars Nova</ref> ERC project.</orgName>
                </respStmt>
                <respStmt>
                    <resp>Edited by</resp>
                    <name>Maria Sofia Lannutti</name>
                </respStmt>
                <respStmt>
                    <resp>Revised by</resp>
                    <name>Vittoria Brancato</name>
                </respStmt>
                <respStmt>
                    <resp>TEI-encoded by</resp>
                    <name>Carla Congiu</name>
                </respStmt>
            </titleStmt>
            <publicationStmt>
                <p></p>
                <!--publisher>Edizioni del Galluzzo</publisher>
            <pubPlace>Firenze, Italia</pubPlace>
            <date>2021</date>
            <availability>
               <p>L'edizione è disponibile su licenza.</p>
            </availability>            
            <idno type="ISBN">ISBN</idno>
            <idno type="DOI">DOI</idno>
            <idno type="URI">permalink della scheda ANT</idno-->
            </publicationStmt>
            <sourceDesc>
                <p></p>
            </sourceDesc>
        </fileDesc>
        <encodingDesc>
            <variantEncoding method="double-end-point" location="internal"/>
        </encodingDesc>
    </teiHeader>
    <text>
        <front>
            <div>
                <p>
                    Il testo della prima strofa, corrotto in più punti in Ch, si ricostruisce grazie alla testimonianza di Ox2, che però non sussiste per le successive due strofe, tràdite dal solo Ch con diversi luoghi illeggibili a causa di macchie e di inchiostro evanito, e con banali fraintendimenti paleografici e sviste anche in posizione di rima (cfr. vv. 10, 21 e 22). L’interpretazione generale del brano non è chiarissima: la donna del poeta viene opposta a tre donne del mondo classico, Medea, Briseide ed Elena, qui evocate, contrariamente alla percezione comune che le dipinge come emblemi di vizio, come modelli positivi per il loro amore sincero e incrollabile. Il riferimento ai tre personaggi femminili serve a definire in negativo le caratteristiche della donna amata: che non ama in maniera disinteressata e totalizzante come Medea amò Giasone, che è più irragionevole di Briseide, comunque devota ad Achille anche dopo la sua morte, e che non partecipa alla sofferenza del poeta, contrariamente ad Elena nei confronti di Paride.
                </p>
            </div>         
        </front>
        <body>
            <lg>
                <l xml:id="l1">
                    Medee fu en amer <anchor xml:id="l1a1"/>veritable<anchor xml:id="l1a2"/>:
                </l>
                <l xml:id="l2">
                    bien a paru quant <anchor xml:id="l2a1"/>Jason<anchor xml:id="l2a2"/> enama
                </l>
                <l xml:id="l3">
                    de cuer si vray, si ferme et si <anchor xml:id="l3a1"/>estable<anchor xml:id="l3a2"/>
                </l>
                <l xml:id="l4">
                    que <anchor xml:id="l4a1"/>la terre<anchor xml:id="l4a2"/> de son pere <anchor xml:id="l4a3"/><supplied>[l]</supplied>aissa<anchor xml:id="l4a4"/>,
                </l>
                <l xml:id="l5" n="5">
                    dont elle fu hiretiere.
                </l>
                <l xml:id="l6">
                    Ne se cura d’estre <anchor xml:id="l6a1"/>en<anchor xml:id="l6a2"/> royal <anchor xml:id="l6a3"/>chayere<anchor xml:id="l6a4"/>, 
                </l>
                <l xml:id="l7">
                    ne bien mondain avoir, fors son amy:
                </l>
                <l xml:id="l8">
                    <hi rend="italic">ma dame n’a pas ainsy fait a my.</hi>
                </l>
            </lg>
            <lg>
                <l xml:id="l9">
                    Car au premier le trovay <anchor xml:id="l9a1"/><supplied>[si]</supplied><anchor xml:id="l9a2"/> aimable
                </l>
                <l xml:id="l10" n="10">
                    et son ami doucement me <anchor xml:id="l10a1"/>clam<supplied>[a]</supplied><anchor xml:id="l10a2"/>;
                </l>
                <l xml:id="l11">
                    et sanz rayson a esté varïable
                </l>
                <l xml:id="l12">
                    si que s’amour a autre donné ha.
                </l>
                <l xml:id="l13">
                    Ce n’est pas bone maniere,
                </l>
                <l xml:id="l14">
                    quar vraye amour doit estre si entiere,
                </l>
                <l xml:id="l15" n="15">
                    qui ne se doit changier jour ne demi.
                </l>
                <l xml:id="l16">
                    <hi rend="italic">Ma dame<supplied> [n’a pas ainsy fait a my]</supplied>.</hi>
                </l>
            </lg>
            <lg>
                <l xml:id="l17">
                    Si m’est avis qu’elle est desraysonable,
                </l>
                <l xml:id="l18">
                    autant ou plus que fu Briseÿda,
                </l>
                <l xml:id="l19">
                    qui en amours <anchor xml:id="l19a1"/>e<supplied>[ü]</supplied>t <supplied>[cuer]</supplied><anchor xml:id="l19a2"/> si amable,
                </l>
                <l xml:id="l20" n="20">
                    que sa vie <anchor xml:id="l20a1"/>loy<supplied>[aument<anchor xml:id="l20a2"/> <anchor xml:id="l20a3"/>e]</supplied>ngarda<anchor xml:id="l20a4"/>.
                </l>
                <l xml:id="l21">
                    <anchor xml:id="l21a1"/><supplied>[H]</supplied>elain<supplied>[e]</supplied><anchor xml:id="l21a2"/> a la bella <anchor xml:id="l21a3"/>chier<supplied>[e]</supplied><anchor xml:id="l21a4"/>
                </l>
                <l xml:id="l22">
                    n’eüt vers Paris <anchor xml:id="l22a1"/>pas<anchor xml:id="l22a2"/> amour <anchor xml:id="l22a3"/>l<supplied>[e]</supplied>gier<supplied>[e]</supplied><anchor xml:id="l22a4"/>
                </l>
                <l xml:id="l23">
                    car, vist, l’ama et pour s’amour gemy.
                </l>
                <l xml:id="l24">
                    <hi rend="italic"><anchor xml:id="l24a1"/>Ma dame<anchor xml:id="l24a2"/> n’a pas ainsy fait a my.</hi>
                </l>
            </lg>
        </body>
        <back>
            <listWit>
                <witness xml:id="Ch">
                    <ref type="siglum" target="#Ch">Ch</ref>
                    c. <locus>24v</locus>, <abbr xml:id="ChC">C</abbr> (vv. 1-8), <hi rend="italic">resid.</hi> (vv. 9-16 e 17-24)
                </witness>
                <witness xml:id="Ox2">
                    <ref type="siglum" target="#Ox2">Ox2</ref> 
                    cc. <locus>116v-117r</locus>, <abbr xml:id="Ox2C">C</abbr> (vv. 1-8)
                </witness>
            </listWit>
            <listApp type="substantial">
                <listApp>
                    <head>1</head>
                    <app from="#l1a1" to="#l1a2">
                        <lem>veritable</lem>
                        <rdg wit="#Ox2">veritabla</rdg>
                    </app>
                </listApp>
                <listApp>
                    <head>2</head>
                    <app from="#l2a1" to="#l2a2">
                        <lem>Jason</lem>
                        <rdg wit="#Ch"><witDetail wit="#Ch"><hi rend="italic">ill. per inchiostro svanito</hi></witDetail></rdg>
                    </app>
                </listApp>
                <listApp>
                    <head>3</head>
                    <app from="#l3a1" to="#l3a2">
                        <lem>estable</lem>
                        <rdg wit="#Ch">stable</rdg>
                    </app>
                </listApp>
                <listApp>
                    <head>4</head>
                    <app from="#l4a1" to="#l4a2">
                        <lem>la terre</lem>
                        <rdg wit="#Ch">la dore <hi rend="italic">(?)</hi></rdg>
                    </app>
                    <app from="#l4a3" to="#l4a4">
                        <lem>laissa</lem>
                        <rdgGrp>
                            <rdg wit="#Ch">baisse</rdg>
                            <rdg wit="#Ox2">bussa</rdg>
                        </rdgGrp>
                    </app>
                </listApp>
                <listApp>
                    <head>6</head>
                    <app from="#l6a1" to="#l6a2">
                        <lem>en</lem>
                        <rdg wit="#Ox2"><del>en</del> <add place="inline">en</add> <witDetail wit="#Ox2"><hi rend="italic">(cassato e riscritto in interlinea)</hi></witDetail></rdg>
                    </app>
                    <app from="#l6a3" to="#l6a4">
                        <lem>chavere</lem>
                        <rdg wit="#Ch">chare | re</rdg>
                    </app>
                </listApp>
                <listApp>
                    <head>9</head>
                    <app from="#l9a1" to="#l9a2">
                        <lem>si</lem>
                        <rdg wit="#Ch"></rdg>
                    </app>
                </listApp>
                <listApp>
                    <head>10</head>
                    <app from="#l10a1" to="#l10a2">
                        <lem>clama</lem>
                        <rdg wit="#Ch">clams</rdg>
                    </app>
                </listApp>
                <listApp>
                    <head>19</head>
                    <app from="#l19a1" to="#l19a2">
                        <lem>eüt cuer</lem>
                        <rdg wit="#Ch">(et) ut leen</rdg>
                    </app>
                </listApp>
                <listApp>
                    <head>20</head>
                    <app from="#l20a1" to="#l20a2">
                        <lem>loyaument</lem>
                        <rdg wit="#Ch"><witDetail wit="#Ch"><hi rend="italic">ill. per inchiostro svanito</hi></witDetail></rdg>
                    </app>
                    <app from="#l4a3" to="#l4a4">
                        <lem>engarda</lem>
                        <rdg wit="#Ch"><witDetail wit="#Ch"><hi rend="italic">ill.</hi></witDetail></rdg>
                    </app>
                </listApp>
                <listApp>
                    <head>21</head>
                    <app from="#l21a1" to="#l21a2">
                        <lem>Helaine</lem>
                        <rdg wit="#Ch">gelains</rdg>
                    </app>
                    <app from="#l21a3" to="#l21a4">
                        <lem>chiere</lem>
                        <rdg wit="#Ch">chiera</rdg>
                    </app>
                </listApp>
                <listApp>
                    <head>22</head>
                    <app from="#l22a1" to="#l22a2">
                        <lem>pas</lem>
                        <rdg wit="#Ch"><witDetail wit="#Ch"><hi rend="italic">ill.</hi></witDetail></rdg>
                    </app>
                    <app from="#l22a3" to="#l22a4">
                        <lem>legiere</lem>
                        <rdg wit="#Ch">logier</rdg>
                    </app>
                </listApp>
                <listApp>
                    <head>24</head>
                    <app from="#l24a1" to="#l24a2">
                        <lem>ma dame</lem>
                        <rdg wit="#Ch">mal damer</rdg>
                    </app>
                </listApp>
            </listApp>
            <!--listApp type="formal">             
            </listApp-->
            <div type="metricalScheme">
                <p><hi rend="italic">Ballade</hi> 10’a 10b, 10’a 10b; 7’c 10’c 10d 10D.</p>
                <p>Rima ricca ai vv. 1 : 3, 2 : 10, 5 : 14, 5 : 13 : 14 : 21 : 22, 7 : 8 : 15 : 23, 18 : 20; rima franta ai vv. 7 : 8; rima identica (non graficamente) ai vv. 9 : 19.</p>
            </div>
            <listBibl type="editions">
                <bibl corresp="#Apel-Rosenberg1971">
                    Apel-Rosenberg 1971, pp. <hi rend="small-caps">XXX-XXXI</hi>;
                </bibl>
                <bibl corresp="#Greene1981">
                    Greene 1981, pp. 74-6.
                </bibl>
            </listBibl>
            <div type="commentary">
                <note target="#l4">
                    <num>4.</num>
                    Correggo la lezione di Ch <hi rend="italic">baisse</hi>, che impedisce la rima e non dà senso.
                </note>
                <note target="#l9">
                    <num>9.</num>
                    Inserisco <hi rend="italic">si</hi> per riportare il verso alla misura sillabica necessaria, sul modello del v. 19, dove ricorre analogo sintagma in punta di verso.
                </note>
                <note target="#l15">
                    <num>15.</num>
                    <hi rend="italic">ne... jour ne demi</hi>: l’espressione vale ‘jamais’ ed è riportata in <hi rend="italic">DMF</hi>, s.v. <hi rend="italic">demi</hi> § B.
                </note>
                <note target="#l19">
                    <num>19.</num>
                    <hi rend="italic">eüt cuer</hi>: in Ch si legge <hi rend="italic">et</hi> (con nota tironiana) <hi rend="italic">ut leen</hi>, lezione a cui non trovo un senso. Ipotizzo che la causa risieda in una serie di errori di lettura, piuttosto comuni nel codice. Diversamente Greene 1981 stampava «eut l’oeil», lezione passata parzialmente a McDonald 1996 «cut (sic) l’oeil» con traduzione ‘had so amiable an eye’. Non escludo che <hi rend="italic">oeil</hi> possa essere la lezione originaria, con fraintendimento paleografico che ha generato <hi rend="italic">leen</hi>. Il rischio però è una sovrainterpretazione del contesto, che McDonald commenta «The designation of Briseyda and her roving eye as <hi rend="italic">aimable</hi> resonates tellingly with the praise the narrator offers his lady in the second stanza». Un intervento sul verso è necessario, ma forse sarà più neutra l’immagine del <hi rend="italic">cuer si amable</hi> di Briseide, piuttosto che dell’<hi rend="italic">oeil</hi>.
                </note>
                <note target="#l20">
                    <num>20.</num>
                    In Ch si legge distintamente solo <hi rend="italic">sa uie l</hi> a cui segue del testo illeggibile (corrispondente a rigore di schema a tre sillabe) e forse almeno le due lettere <hi rend="italic">oy</hi>. Il verso ha dato problemi a tutti gli editori del testo: Apel-Rosenberg 1971 stampano «Que sa vie (longtemps elle ?) garda», Greene 1981 lors que s’ame l’oyauté mains garda; McDonald «Que sa vie loyauté mains garda» (con traduzione ‘that she maintained little loyalty throughout her life’ e con <hi rend="italic">mains</hi> ‘meno’, assente nel ms.). Nel ms. leggo *<hi rend="italic">n garda</hi>, da cui la lezione <hi rend="italic">engarda</hi> a testo, ed intervengo ad inserire l'avverbio <hi rend="italic">loyaument</hi>.
                </note>
            </div>
            <listBibl type="editionsBibliography">
                <bibl xml:id="Apel-Rosenberg1971">
                    Willi Apel, <hi rend="italic">French Secular Compositions of the Fourteenth Century II. Anonymous Ballades</hi>, edition of the Literary Texts by Samuel Rosenberg, Rome, American Institute of Musicology, 1971 (CMM, 53/2).
                </bibl>
                <bibl xml:id="Greene1981">
                    Gordon Greene, <hi rend="italic">French Secular Music. Manuscript Chantilly, Musée Condé 564. Second Part: nn. 51-100</hi>, Monaco, Éditions de l’Oiseau-Lyre, 1981 (Polyphonic Music of the Fourteenth Century, XIX)
                </bibl>
            </listBibl>
        </back>
    </text>
</TEI>
