<?xml version="1.0" encoding="UTF-8"?>
<?xml-model href="http://www.tei-c.org/release/xml/tei/custom/schema/relaxng/tei_all.rng" type="application/xml" schematypens="http://relaxng.org/ns/structure/1.0"?>
<?xml-model href="http://www.tei-c.org/release/xml/tei/custom/schema/relaxng/tei_all.rng" type="application/xml"
	schematypens="http://purl.oclc.org/dsdl/schematron"?>
<TEI xmlns="http://www.tei-c.org/ns/1.0">
   <teiHeader>
      <fileDesc>
         <titleStmt>
            <title>Nel bel çardino che·llʼAdige çinge</title>
            <respStmt>
               <resp>Digital scholarly edition created within the ERC</resp>
               <orgName><ref target="https://www.europeanarsnova.eu/">European Ars Nova</ref> project.</orgName>
            </respStmt>
            <respStmt>
                <resp>Edited by</resp>
                <name>Maria Sofia Lannutti</name> 
            </respStmt>
            <respStmt>
                <resp>Revised by</resp>
                <name>Luca Gatti</name>
            </respStmt>
             <respStmt>
                <resp>TEI-encoded by</resp>
                <name>Letizia Ricci</name>
            </respStmt>
         </titleStmt>
         <publicationStmt>
            <p></p>
            <!--publisher>Edizioni del Galluzzo</publisher>
            <pubPlace>Firenze, Italia</pubPlace>
            <date>2021</date>
            <availability>
               <p>L'edizione è disponibile su licenza.</p>
            </availability>            
            <idno type="ISBN">ISBN</idno>
            <idno type="DOI">DOI</idno>
            <idno type="URI">permalink della scheda ANT</idno-->
         </publicationStmt>
         <sourceDesc>
            <p></p>
         </sourceDesc>
      </fileDesc>
      <encodingDesc>
         <variantEncoding method="double-end-point" location="internal"/>
      </encodingDesc>
   </teiHeader>
    <text>
        <front>
            <div>
                <p>Al v. 4, in corrispondenza del verbo <hi rend="italic">porgendo</hi> (Sq Pit Np3), Fp R leggono <hi rend="italic">donandʼ</hi> (Fc omette i vv. 4-6, in SL il luogo è illeggibile), lezione congrua per metro e senso, ma forse peggiorativa (per cui cfr. le <hi rend="italic">Note al testo</hi>). Un possibile errore congiuntivo si registra allo stesso v. 4, tra Fp R Np3 <hi rend="italic">fedel</hi> (Np3 legge però <hi rend="italic">fedele</hi>), con lʼaggettivo forse indotto da <hi rend="italic">fede</hi> al verso successivo, contro Sq Pit <hi rend="italic">felice</hi> (ma la situazione è variamente interpretabile, per cui cfr. le <hi rend="italic">Note al testo</hi>).</p>
            </div>
        </front> 
      <body>
         <lg>
            <l xml:id="l1">
                Nel bel <anchor xml:id="l1a1"/>çardino<anchor xml:id="l1a2"/> che·<anchor xml:id="l1a3"/>llʼAdige<anchor xml:id="l1a4"/> çinge<anchor xml:id="l1a5"/>,
            </l>
            <l xml:id="l2">
                vive la <anchor xml:id="l2a3"/>biscia <anchor xml:id="l2a1"/>fera<anchor xml:id="l2a2"/> velenosa<anchor xml:id="l2a4"/>,
            </l>
            <l xml:id="l3">
                che <anchor xml:id="l3a3"/>già<anchor xml:id="l3a4"/> fu <anchor xml:id="l3a1"/>donna<anchor xml:id="l3a5"/> bella<anchor xml:id="l3a2"/> et amorosa,
            </l>
            <l xml:id="l4">
                <anchor xml:id="l4a1"/>porgendo<anchor xml:id="l4a2"/> a·mme <anchor xml:id="l4a3"/>felice<anchor xml:id="l4a4"/>, optima luce.
            </l>
            <l xml:id="l5" n="5">
                <anchor xml:id="l5a3"/>Speççò<anchor xml:id="l5a4"/> la fede et <anchor xml:id="l5a1"/>tenne<anchor xml:id="l5a2"/> via <anchor xml:id="l5a5"/>diversa<anchor xml:id="l5a6"/>,
            </l>
            <l xml:id="l6">
                sì che <anchor xml:id="l6a3"/>di<anchor xml:id="l6a4"/> donna<anchor xml:id="l6a5"/> in serpe<anchor xml:id="l6a6"/> fu <anchor xml:id="l6a1"/>conversa<anchor xml:id="l6a2"/>.
            </l>
        </lg>
        <lg>
            <l xml:id="l7">
                <anchor xml:id="l7a5"/>Conʼ<anchor xml:id="l7a6"/> più la <anchor xml:id="l7a1"/>fugo<anchor xml:id="l7a2"/>, <anchor xml:id="l7a7"/>più<anchor xml:id="l7a8"/> mi<anchor xml:id="l7a9"/> dà di <anchor xml:id="l7a3"/>morso<anchor xml:id="l7a4"/>,
            </l>
            <l xml:id="l8">
                <anchor xml:id="l8a1"/>né<anchor xml:id="l8a2"/> rimedio<anchor xml:id="l8a3"/> li<anchor xml:id="l8a4"/> trovo<anchor xml:id="l8a5"/> né·<anchor xml:id="l8a6"/>ssoccorso<anchor xml:id="l8a7"/>.
            </l>
        </lg>
      </body>
      <back>
         <listWit>
            <witness xml:id="Sq">
                <ref type="siglum" target="#Sq">Sq</ref>
                cc. <locus>9v-10r</locus>, <abbr xml:id="SqC">C</abbr> (vv. 1-3 e 7-8), <abbr xml:id="SqT">T</abbr> (vv. 1-3 e 7-10), <hi rend="italic">resid.</hi> (vv. 4-6): <hi rend="italic">magister iachob(us) de bononia</hi>
            </witness>
            <witness xml:id="Fp">
                <ref type="siglum" target="#Fp">Fp</ref>
                c. <locus>63v</locus>, <abbr xml:id="FpC">C</abbr> (vv. 1-3 e 7-8), <abbr xml:id="FpT">/</abbr> (vv. 1-3 e 7-8),<hi rend="italic">resid.</hi> (vv. 4-6): <hi rend="italic">m(agister) jaco(po)</hi>
            </witness>
            <witness xml:id="Fc">
                <ref type="siglum" target="#Fc">Fc</ref>
                c. <locus>1v</locus>, <abbr xml:id="Fpc">C</abbr> (vv. 1-3 e 7-8)
            </witness>
            <witness xml:id="R">
                <ref type="siglum" target="#R">R</ref>
                c. <locus>5r</locus>, <abbr xml:id="RC">C</abbr> (vv. 1-3 e 7-8), <abbr xml:id="RT">T</abbr> (vv. 1-3 e 7-8), <hi rend="italic">resid.</hi> (vv. 4-6)
            </witness>
            <witness xml:id="SL">
                <ref type="siglum" target="#SL">SL</ref>
                cc. <locus>2v-3r</locus>, <abbr xml:id="SLC">C</abbr> (vv. 1-3 e 7-8), <hi rend="italic">resid.</hi> (vv. 4-6), <abbr xml:id="SLT">T</abbr> (vv. 1-3 e 7-8): [c. 3r: m(agister) jacobus]. Il testo è quasi totalmente illeggibile.
            </witness>
            <witness xml:id="Np3">
                <ref type="siglum" target="#Np3">Np3</ref>
                c. <locus>89v</locus>
            </witness>
         </listWit>
         <listApp type="substantial">
            <listApp>
                <head>2</head>
                <app from="#l2a1" to="#l2a2">
                   <lem>fera</lem>
                   <rdg wit="#Fp">fer e </rdg>
                </app>
            </listApp>
            <listApp>
                <head>3</head>
                <app from="#l3a1" to="#l3a2">
                    <lem>donna bella</lem>
                    <rdg wit="#Np3">bella donna</rdg>
                </app>
            </listApp>
            <listApp>
                <head>4-6</head>
                <app from="#l4a1" to="#l6a2">
                    <rdg wit="#Fc"/>
                </app>
            </listApp>
            <listApp>
                <head>4</head>
                <app from="#l4a1" to="#l4a2">
                    <lem>porgendo</lem>
                    <rdg wit="#Fp #R">donand </rdg>
                </app>
                <app from="#l4a3" to="#l4a4">
                    <lem>felice</lem>
                    <rdg wit="#Fp #R">fedel </rdg>
                    <rdg wit="#Np3">fedele </rdg>
                </app>
            </listApp>
            <listApp>
                <head>5</head>
                <app from="#l5a1" to="#l5a2">
                    <lem>tenne</lem>
                    <rdg wit="#R">tene</rdg>
                </app>
                <app from="#l5a2" to="#l5a3">
                    <lem>vile</lem>
                    <rdg wit="#R">ville </rdg>
                </app>
            </listApp>
            <listApp>
                <head>6</head>
                <app from="#l6a1" to="#l6a2">
                    <lem>conversa</lem>
                    <rdg wit="#R">reversa </rdg>
                </app>
            </listApp>
            <listApp>
                <head>7</head>
                <app from="#l7a1" to="#l7a2">
                    <lem>fugo</lem>
                    <rdg wit="#R">fuçi </rdg>
                    <rdg wit="#Fc">fugi </rdg>
                </app>
                <app from="#l7a4ì3" to="#l7a4">
                    <lem>morso</lem>
                    <rdg wit="#Fc">moso </rdg>
                </app>
            </listApp>
            <listApp>
                <head>8</head>
                <app from="#l8a1" to="#l8a2">
                    <lem>né</lem>
                    <rdg wit="#R"><gap reason="illegible" rend="ill."/></rdg>
                </app>
            </listApp>
         </listApp>
         <listApp type="formal">
            <listApp>
                <head>1</head>
                <app from="#l1a1" to="#l1a2">
                    <lem>çardino</lem>
                    <rdg wit="#Fp #Np3">giardino </rdg>
                </app>
                <app from="#l1a3" to="#l1a4">
                    <lem>llʼAdige</lem>
                    <rdg wit="#Fp #Pit">ladice </rdg>
                    <rdg wit="#R #Fc">latice </rdg>
                    <rdg wit="#Np3">lladicie </rdg>
                </app>
                <app from="#l1a4" to="#l1a5">
                    <lem>çinge</lem>
                    <rdg wit="#Pit #Np3">çinçe <wit><ref corresp="#SqT">Sq<hi rend="super">T</hi></ref></wit></rdg>
                    <rdg wit="#Fp #R">cinge </rdg>
                    <rdg wit="#Fc">cenge </rdg>
                </app>
            </listApp>
            <listApp>
                <head>2</head>
                <app from="#l2a3" to="#l2a1">
                    <lem>biscia</lem>
                    <rdg wit="#Fc">bissa </rdg>
                    <rdg wit="#R">bisa </rdg>
                </app>
                <app from="#l2a1" to="#l2a2">
                    <lem>fera</lem>
                    <rdg>ferra <wit><ref corresp="#RT">R<hi rend="super">T</hi></ref></wit></rdg>
                </app>
                <app from="#l2a2" to="#l2a3">
                    <lem>velenosa</lem>
                    <rdg wit="#R #Fc">venenosa</rdg>
                </app>
            </listApp>
            <listApp>
                <head>3</head>
                <app from="#l3a3" to="#l3a4">
                    <lem>già</lem>
                    <rdg wit="#R">çia </rdg>
                    <rdg wit="#Fc">ça </rdg>
                </app>
                <app from="#l3a1" to="#l3a5">
                    <lem>donna </lem>
                    <rdg>dona <wit><ref corresp="#RC">R<hi rend="super">C</hi></ref></wit></rdg>
                </app>
                <app from="#l3a5" to="#l3a2">
                    <lem>bella</lem>
                    <rdg>bela <wit><ref corresp="#RC">R<hi rend="super">C</hi></ref></wit></rdg>
                </app>
            </listApp>
            <listApp>
                <head>4</head>
                <app from="#l4a2" to="#l4a3">
                    <lem>a·mme</lem>
                    <rdg wit="#Fp #Np3">a me </rdg>
                    <rdg wit="#R">a mi </rdg>
                </app>
            </listApp>
            <listApp>
                <head>5</head>
                <app from="#l5a3" to="#l5a4">
                    <lem>speççò</lem>
                    <rdg wit="#Pit #R #Np3">speçò </rdg>
                </app>
                <app from="#l5a5" to="#l5a6">
                    <lem>diversa</lem>
                    <rdg wit="#R">deversa </rdg>
                </app>
            </listApp>
            <listApp>
                <head>6</head>
                <app from="#l6a3" to="#l6a4">
                    <lem>di</lem>
                    <rdg wit="#R">de </rdg>
                </app>
                <app from="#l6a4" to="#l6a5">
                    <lem>donna</lem>
                    <rdg wit="#R #Np3">dona </rdg>
                </app>
                <app from="#l5a5" to="#l5a6">
                    <lem>in serpe</lem>
                    <rdg wit="#Fp #Np3">n serpe </rdg>
                </app>
                <app from="#l5a6" to="#l5a1">
                    <lem>fu</lem>
                    <rdg wit="#R">fo </rdg>
                </app>
            </listApp>
            <listApp>
                <head>7</head>
                <app from="#l7a5" to="#l7a6">
                    <lem>conʼ</lem>
                    <rdg wit="#R">cum </rdg>
                </app>
                <app from="#l7a1" to="#l7a2">
                    <lem>fugo </lem>
                    <rdg wit="#Fp">fuggo </rdg>
                </app>
                <app from="#l7a7" to="#l7a8">
                    <lem>più</lem>
                    <rdg>pi/u/ <wit><ref corresp="#FpT">Fp<hi rend="super">T</hi></ref></wit></rdg>
                </app>
                <app from="#l7a8" to="#l7a9">
                    <lem>mi</lem>
                    <rdg>m/i/ <wit><ref corresp="#FpT">Fp<hi rend="super">T</hi></ref></wit></rdg>
                    <rdg wit="#R">me </rdg>
                </app>
            </listApp>
            <listApp>
                <head>8</head>
                <app from="#l8a1" to="#l8a2">
                    <lem>né</lem>
                    <rdg wit="#Fp">ne ne </rdg>
                </app>
                <app from="#l8a2" to="#l8a3">
                    <lem>rimedio</lem>
                    <rdg wit="#Pit">rrimedio </rdg>
                    <rdg wit="#R">remedio </rdg>
                </app>
                <app from="#l8a3" to="#l8a4">
                    <lem>li</lem>
                    <rdg wit="#Pit #Np3">le </rdg>
                    <rdg>glie <wit><ref corresp="#RC">R<hi rend="super">C</hi></ref></wit></rdg>
                    <rdg>ge <wit><ref corresp="#RT">R<hi rend="super">T</hi></ref></wit></rdg>
                    <rdg wit="#Fc">gli </rdg>
                </app>
                <app from="#l8a4" to="#l8a5">
                    <lem>trovo</lem>
                    <rdg wit="#Np3">truovo</rdg>
                </app>
                <app from="#l8a6" to="#l8a7">
                    <lem>ssoccorso</lem>
                    <rdg wit="#Fp #Fc #Np3">sochorso </rdg>
                    <rdg>soccorso <wit><ref corresp="#FpT">Fp<hi rend="super">T</hi></ref></wit></rdg>
                    <rdg wit="#R">secorso </rdg>
                </app>
            </listApp>
         </listApp>
         <div type="metricalScheme">
            <p>
                Madrigale 10ʼa 10ʼb 10ʼb, 10ʼc 10ʼd 10ʼd; 10ʼe 10ʼe.
            </p>
            <p>
                <hi rend="italic">Capovilla</hi> <hi rend="small-caps">XLVIII</hi>.
            </p>
         </div>
         <listBibl type="editions">
            <bibl corresp="#Sapegno1952">
                Sapegno 1952, p. 514;
            </bibl>
            <bibl corresp="#Corsi1969">
                Corsi 1969, p. 1020;
            </bibl>
            <bibl corresp="#Corsi1970">
                Corsi 1970, p. 38.
            </bibl>
         </listBibl>
         <!--listBibl type="bibliography">
            <bibl>
               <relatedItem>
                  <bibl>Riferimento bibliografico completo</bibl>
               </relatedItem>
            </bibl>
         </listBibl-->
        <div type="commentary">
            <note target="#l3 #4">
                <num>3-4.</num>
                <p>Si intenda ʻche un tempo fu una donna bella ed amorevole, al punto che diresse verso di me gli occhi felici e benevoliʼ. Il sostantivo <hi rend="italic">luce</hi> allude agli ʻocchiʼ della donna, un tempo felici, a differenza di quelli della biscia che, qui solo tacitamente richiamati, sono noti per la capacità di accecare lʼuomo innamorato (per cui cfr. il madrigale di Jacopo <hi rend="italic">Posando sovrʼ unʼacqua, in sogno vidi</hi> v. 4 «...tuttʼ al volto mi si gittò fissa»).</p>
            </note>
            <note target="#l4">
                <num>4.</num>
                <p><hi rend="italic">porgendo</hi>: è lezione di Sq Pit Np3. Il verbo <hi rend="italic">porgere</hi> associato alla <hi rend="italic">luce</hi> è in Boccaccio; la formulazione <hi rend="italic">porgere gli occhi</hi> non è frequente nella lirica italiana, ma trova precedenti illustri in Dante (es. <hi rend="italic">Inf</hi>. XVII, v. 52 «Poi che nel viso a certi li occhi porsi») e in Petrarca (Rvf 163, v. 3 «nel fondo del mio cuor gli occhi tuoi porgi»). Sarebbe ammissibile anche la presenza di <hi rend="italic">donando</hi> Fp R, col verbo <hi rend="italic">donare</hi> che anche altrove è associato alla luce, ma che forse è leggermente banalizzante. ▪ <hi rend="italic">felice</hi>: è lezione di Sq Pit. È attributo dello sguardo della donna (in Petrarca le luci sono <hi rend="italic">liete</hi>, ad es. Rvf  LXXI, v. 57 «luci beate e liete», ma si veda anche la ballata di Egidio e Guglielmo di Francia, <hi rend="italic">Alta, serena luce</hi>), mentre non ritengo congrua lʼassociazione tra <hi rend="italic">luce</hi> e <hi rend="italic">fedel</hi> come invece testimoniano R Rp Np3 (ma Np3 legge <hi rend="italic">fedele</hi>, forse <hi rend="italic">fedelʼ e</hi>). Si potrebbe semmai pensare a <hi rend="italic">fedel</hi> predicativo riferito a <hi rend="italic">me</hi>, ma ritengo si tratti di un errore generatosi nella fonte comune ai tre codici sulla base di <hi rend="italic">fede</hi> al v. seguente.</p>
            </note>
         </div>
         <listBibl type="editionsBibliography">
            <bibl xml:id="Sapegno1952">
                Natalino Sapegno, <hi rend="italic">Poeti minori del Trecento</hi>, Milano-Napoli, Ricciardi, 1952.
            </bibl>
            <bibl xml:id="Corsi1969">
                G. Corsi, <hi rend="italic">Rimatori del Trecento</hi>, Torino, UTET, 1969.
            </bibl>
            <bibl xml:id="Corsi1970">
                Giuseppe Corsi, <hi rend="italic">Poesie musicali del Trecento</hi>, Bologna, Commissione per i testi di lingua, 1970 (Collezione di opere inedite o rare, 131).
            </bibl>
         </listBibl>
      </back>
   </text>
</TEI>
