<?xml version="1.0" encoding="UTF-8"?>
<?xml-model href="http://www.tei-c.org/release/xml/tei/custom/schema/relaxng/tei_all.rng" type="application/xml" schematypens="http://relaxng.org/ns/structure/1.0"?>
<?xml-model href="http://www.tei-c.org/release/xml/tei/custom/schema/relaxng/tei_all.rng" type="application/xml"
	schematypens="http://purl.oclc.org/dsdl/schematron"?>
<TEI xmlns="http://www.tei-c.org/ns/1.0">
   <teiHeader>
      <fileDesc>
         <titleStmt>
            <title>Nella partita pianson gli ochi miei</title>
            <editor>Davide Checchi</editor>
            <respStmt>
               <resp>Digital scholarly editon created within the </resp>
               <orgName><ref target="https://www.europeanarsnova.eu/">European Ars Nova</ref> ERC project.</orgName>
            </respStmt>
            <respStmt>
               <resp>Edited by</resp>
               <name>Davide Checchi</name>
            </respStmt>
            <respStmt>
               <resp>Revised by</resp>
               <name>Luca Gatti</name>
            </respStmt>
            <respStmt>
               <resp>TEI-encoding by</resp>
               <name>Chiara Martignano</name>
            </respStmt>
         </titleStmt>
         <publicationStmt>
            <p></p>
            <!--publisher>Edizioni del Galluzzo</publisher>
            <pubPlace>Firenze, Italia</pubPlace>
            <date>2021</date>
            <availability>
               <p>L'edizione è disponibile su licenza.</p>
            </availability>            
            <idno type="ISBN">ISBN</idno>
            <idno type="DOI">DOI</idno>
            <idno type="URI">permalink della scheda ANT</idno-->
         </publicationStmt>
         <sourceDesc>
            <p></p>
         </sourceDesc>
      </fileDesc>
      <encodingDesc>
         <variantEncoding method="double-end-point" location="internal"/>
      </encodingDesc>
   </teiHeader>
   <text>
      
      <body>
         <lg>
            <l xml:id="l1">
               Nella partita <anchor xml:id="l1a1"/>pianson<anchor xml:id="l1a2"/> gli <anchor xml:id="l1a3"/>ochi<anchor xml:id="l1a4"/> miei:
            </l>
            <l xml:id="l2">
               piangon <anchor xml:id="l2a1"/>et<anchor xml:id="l2a2"/> pianger voglion finché ’l <anchor xml:id="l2a3"/>core<anchor xml:id="l2a4"/>
            </l>
            <l xml:id="l3">
               nella tornata <anchor xml:id="l3a1"/>lascerà ’l<anchor xml:id="l3a2"/> dolore.
            </l> 
         </lg>
         <lg>    
            <l xml:id="l4">
               Nell’alma <anchor xml:id="l4a1"/>mie<anchor xml:id="l4a2"/> <anchor xml:id="l4a3"/>diletto<anchor xml:id="l4a4"/> <anchor xml:id="l4a5"/>truovo<anchor xml:id="l4a6"/> <anchor xml:id="l4a7"/>allora<anchor xml:id="l4a8"/>,
            </l>
            <l xml:id="l5" n="5">
               ch’i’ guato gli <anchor xml:id="l5a3"/>ochi<anchor xml:id="l5a4"/> <anchor xml:id="l5a1"/>vaghi e ’nnamorati<anchor xml:id="l5a2"/>,
            </l>
            <l xml:id="l6">
               <anchor xml:id="l6a1"/>e<anchor xml:id="l6a2"/> sempre spanderò lagrime fora,
            </l>
            <l xml:id="l7">
               finch’ i’ gli rivedrò lieti tornati.
            </l>
            <l xml:id="l8">
               <anchor xml:id="l8a1"/>Ei<anchor xml:id="l8a2"/> <anchor xml:id="l8a3"/>son<anchor xml:id="l8a4"/> d’ogni biltà <anchor xml:id="l8a5"/>sì<anchor xml:id="l8a6"/> adornati
            </l>
            <l xml:id="l9">
               che chi gli guata <anchor xml:id="l9a3"/>e<anchor xml:id="l9a4"/> non <anchor xml:id="l9a1"/>ne prende<anchor xml:id="l9a2"/> amore
            </l>
            <l xml:id="l10" n="10">
               quel si può dir che·<anchor xml:id="l10a1"/>ssia<anchor xml:id="l10a2"/> sança valore.
            </l>
         </lg>
      </body>
      
      <back>
         
         <listWit> 
            <witness xml:id="Fp">
               <ref type="siglum" target="#Fp">Fp</ref>
               <locus>c. 56r</locus>, <abbr xml:id="FpC">C</abbr> (vv. 1-5), <abbr xml:id="FpT">T</abbr> (vv. 1-4), <hi rend="italic">resid.</hi> (vv. 6-10): <hi rend="italic">m(agister) fran(ciscus)</hi>
            </witness>
            <witness xml:id="Sq">
               <ref type="siglum" target="#Sq">Sq</ref>
               <locus>c. 139r</locus>, <abbr xml:id="SqC">C</abbr> (vv. 1-5), <abbr xml:id="SqT">T</abbr> (vv. 1-5), <hi rend="italic">resid.</hi> (vv. 6-10): <hi rend="italic">magister franciscus cecus horghanista de florentia</hi>
            </witness>
            <witness xml:id="Pit">
               <ref type="siglum" target="#Pit">Pit</ref>
               <locus>cc. 114v-115r</locus>, <abbr xml:id="PitC">C</abbr> (vv. 1-5), <abbr xml:id="PitT">T</abbr> (vv. 1-5), <hi rend="italic">resid.</hi> (vv. 6-10): <hi rend="italic">f(ranciscus)</hi>
            </witness>
         </listWit>
         
         <listApp type="substantial">
            <listApp>
               <head>3</head>
               <app from="#l3a1" to="#l3a2">
                  <lem>lascerà ’l</lem>
                  <rdg wit="#Sq">lascerol</rdg>
                  <rdg>lasceran <wit><ref target="#PitC">Pit<hi rend="super">C</hi></ref></wit></rdg>
               </app>
            </listApp>
            <listApp>
               <head>5</head>
               <app from="#l5a1" to="#l5a2">
                  <lem>vaghi e’ nnamorati</lem>
                  <rdg wit="#Sq #Pit" type="indifferentVariant">uaghinnamo ra ty</rdg>
               </app>
            </listApp>
            <listApp>
               <head>8</head>
               <app from="#l8a1" to="#l8a2">
                  <lem>Ei</lem>
                  <rdg wit="#Sq">et</rdg>
                  <rdg wit="#Pit">che</rdg>
               </app>
               <app from="#l8a3" to="#l8a4">
                  <lem>son</lem>
                  <rdg wit="#Fp">sono</rdg>
               </app>
               <app from="#l8a5" to="#l8a6">
                  <lem>sì</lem>
                  <rdg wit="#Fp"/>
               </app>
            </listApp>
            <listApp>
               <head>9</head>
               <app from="#l9a1" to="#l9a2">
                  <lem>ne prende</lem>
                  <rdg wit="#Pit">prendel</rdg>
               </app>
            </listApp>
         </listApp>
         
         <listApp type="formal">
            <listApp>
               <head>1</head>
               <app from="#l1a1" to="#l1a2">
                  <lem>pianson</lem>
                  <rdg wit="#Sq #Pit">piansor</rdg>
               </app>
               <app from="#l1a3" to="#l1a4">
                  <lem>ochi</lem>
                  <rdg>occhi <wit><ref target="#FpT">Fp<hi rend="super">T</hi></ref></wit></rdg>
               </app>
            </listApp>
            <listApp>
               <head>2</head>
               <app from="#l2a1" to="#l2a2">
                  <lem>et</lem>
                  <rdg wit="#Sq">e</rdg>
               </app>
               <app from="#l2a3" to="#l2a4">
                  <lem>core</lem>
                  <rdg>cor re <wit><ref target="#PitC">Pit<hi rend="super">C</hi></ref></wit></rdg>
               </app>
            </listApp>
            <listApp>
               <head>4</head>
               <app from="#l4a1" to="#l4a2">
                  <lem>mie</lem>
                  <rdg>mia <wit><ref target="#PitC">Pit<hi rend="super">C</hi></ref></wit></rdg>
               </app>
               <app from="#l4a3" to="#l4a4">
                  <lem>diletto</lem>
                  <rdg>dilecto <wit><ref target="#PitT">Pit<hi rend="super">T</hi></ref></wit></rdg>
               </app>
               <app from="#l4a5" to="#l4a6">
                  <lem>truovo</lem>
                  <rdg wit="#Fp">truouọ</rdg>
                  <rdg wit="#Sq #Pit">trou</rdg>
               </app>
               <app from="#l4a7" to="#l4a8">
                  <lem>allora</lem>
                  <rdg>allo <del>ra</del> ra <wit><ref target="#PitC">Pit<hi rend="super">C</hi></ref></wit></rdg>
               </app>
            </listApp>
            <listApp>
               <head>5</head>
               <app from="#l5a3" to="#l5a4">
                  <lem>ochi</lem>
                  <rdg wit="#Fc">occhi <wit><ref target="#FpT">Fp<hi rend="super">T</hi></ref></wit></rdg>
               </app>
            </listApp>
            <listApp>
               <head>6</head>
               <app from="#l6a1" to="#l6a2">
                  <lem>e</lem>
                  <rdg wit="#Sq #Pit">et</rdg>
               </app>
            </listApp>
            <listApp>
               <head>8</head>
               <app from="#l8a1" to="#l8a2">
                  <lem>ei</lem>
                  <rdg wit="#Fp">eị</rdg>
               </app>
            </listApp>            
            <listApp>
               <head>9</head>
               <app from="#l9a3" to="#l9a4">
                  <lem>e</lem>
                  <rdg wit="#Sq #Pit"> et</rdg>
               </app>
            </listApp>          
            <listApp>
               <head>10</head>
               <app from="#l10a1" to="#l10a2">
                  <lem>ssia</lem>
                  <rdg wit="#Pit">sia</rdg>
               </app>
            </listApp>
         </listApp>
         
         <div type="metricalScheme">
            <p>
               Ballata mezzana 10’y 10’z 10’z; 10’a 10’b, 10’a 10’b; 10’b 10’z 10’z.
            </p>
            <p>
               <hi rend="italic">Pagnotta</hi> 115 : 32.
            </p>
            <p>
               Punti sottoscritti: v. 4 (<hi rend="italic">trouvo</hi>) Fp; v. 8 (<hi rend="italic">ei</hi>) Fp.
            </p>
         </div>
         
         <listBibl type="editions">
            <bibl corresp="#Corsi1970">
               Corsi 1970, p. 195.
            </bibl>
         </listBibl>
         
         <div type="commentary">
            <note target="#l8">
               <num>8.</num>
               <hi rend="italic">Ei</hi>: alla base della lezione di Sq c’è probabilmente l’errata interpretazione del significato metrico del punto sottoscritto, interpretato come punto espuntorio
               ▪ <hi rend="italic">son… sì</hi>: la lezione di Sq Pit, oltre a permettere un migliore profilo prosodico (con
               <hi rend="italic">biltà</hi> sotto un accento interno di 6<hi rend="super">a</hi>, di maggior rilievo, e
               <hi rend="italic">ogni</hi> sotto un accento meno marcato di 3<hi rend="super">a</hi>), permette una sintassi più lineare con antecedente della consecutiva.
            </note>
         </div>
         
         <listBibl type="editionsBibliography">
            <bibl xml:id="Corsi1970">
               <hi rend="italic">Poesie musicali del Trecento</hi>, a cura di G. Corsi, Bologna, Commissione per i testi di lingua, 1970 (Collezione di opere inedite o rare, 131)
            </bibl>
         </listBibl>
      </back>
   </text>
</TEI>
