<?xml version="1.0" encoding="UTF-8"?>
<?xml-model href="http://www.tei-c.org/release/xml/tei/custom/schema/relaxng/tei_all.rng" type="application/xml" schematypens="http://relaxng.org/ns/structure/1.0"?>
<?xml-model href="http://www.tei-c.org/release/xml/tei/custom/schema/relaxng/tei_all.rng" type="application/xml"
	schematypens="http://purl.oclc.org/dsdl/schematron"?>
<TEI xmlns="http://www.tei-c.org/ns/1.0">
    <teiHeader>
        <fileDesc>
            <titleStmt>
                <title>Non formò Cristi nato de salute</title>
                <respStmt>
                    <resp>Digital scholarly edition created within the </resp>
                    <orgName><ref target="https://www.europeanarsnova.eu/">European Ars Nova</ref> ERC project.</orgName>
                </respStmt>
                <respStmt>
                    <resp>Edited by</resp>
                    <name>Maria Sofia Lannutti</name>
                </respStmt>
                <respStmt>
                    <resp>Revised by</resp>
                    <name>Luca Gatti</name>
                </respStmt>
                <respStmt>
                    <resp>TEI-encoded by</resp>
                    <name>Carla Congiu</name>
                </respStmt>
            </titleStmt>
            <publicationStmt>
                <p></p>
                <!--publisher>Edizioni del Galluzzo</publisher>
            <pubPlace>Firenze, Italia</pubPlace>
            <date>2021</date>
            <availability>
               <p>L'edizione è disponibile su licenza.</p>
            </availability>            
            <idno type="ISBN">ISBN</idno>
            <idno type="DOI">DOI</idno>
            <idno type="URI">permalink della scheda ANT</idno-->
            </publicationStmt>
            <sourceDesc>
                <p></p>
            </sourceDesc>
        </fileDesc>
        <encodingDesc>
            <variantEncoding method="double-end-point" location="internal"/>
        </encodingDesc>
    </teiHeader>
    <text>
        <!--front>
         <div>
            <p>
           </p>
         </div>         
      </front-->
        <body>
            <lg>
                <l xml:id="l1">
                    Non formò <hi rend="italic">Cristi</hi> nato <hi rend="italic">de salute</hi>
                </l>
                <l xml:id="l2">
                    donna çamai sì piena de vertute.
                </l>
            </lg>
            <lg>   
                <l xml:id="l3">
                    E quando miro el so benigno aspeto
                </l>
                <l xml:id="l4">
                    che m’è nel cor scolpito,
                </l>
                <l xml:id="l5" n="5">
                    inmaginando com’ el è ferito,
                </l>
                <l xml:id="l6">
                    io non ò altro deletto.
                </l>
                <l xml:id="l7">
                    E cossì ò fermato lo intelletto
                </l>
                <l xml:id="l8">
                    de non partirlo mai da tal ferute.
                </l>
            </lg>
        </body>
        <back>
            <listWit>
                <witness xml:id="Rs">
                    <ref type="siglum" target="#Rs">Rs</ref>
                    c. <locus>22r</locus>, <abbr xml:id="RsC">C</abbr> (vv. 1-4),  <hi rend="italic">resid</hi>. (vv. 5-8)
                </witness>
            </listWit>
            <!--<listApp type="substantial">
            </listApp>
            <listApp type="formal">
            </listApp>-->
            <div type="metricalScheme">
                <p>Ballata minore 10’z 10’z; 10’a 6’b, 10’b 6’a; 10’a 10’z.</p>
                <p><hi rend="italic">Pagnotta</hi> 154 : 10; figura etimologica in rima ai vv. 5 : 8.</p>
                <p>Rima ricca ai vv. 6 : 7.</p>
            </div>
            <listBibl type="editions">
                <bibl corresp="#LiGotti1944">
                    Li Gotti 1944, p. 137;
                </bibl>
                <bibl corresp="#Sesini1943-1950">
                    Sesini 1943-1950, p. 232;
                </bibl>
                <bibl corresp="#Corsi1970">
                    Corsi 1970, p. 354;
                </bibl>
                <bibl corresp="#Pirrotta1992">
                    Pirrotta 1992, p. 34;
                </bibl>
                <bibl corresp="#Sucato2003">
                    Sucato 2003, p. 82.
                </bibl>
            </listBibl>
            <div type="commentary">
                <note target="#l1">
                    <num>1.</num>
                    ‘nessuno nato dalla salvezza di Cristo’ (cfr. Brambilla Ageno 1975, p. 703):  <hi rend="italic">Cristi</hi> …  <hi rend="italic">de salute</hi> è latino.
                </note>
                <note target="#l5">
                    <num>5.</num>
                    <hi rend="italic">ferito</hi>: il cuore.
                </note>
                <note target="#l5 #l6">
                    <num>5-6.</num>
                    ‘non provo altro piacere che pensare alla ferita’ (inferta dall’immagine dell’amata scolpita nel cuore).
                </note>
            </div>
            <listBibl type="editionsBibliography">
                <bibl xml:id="Liuzzi1937">
                    F. Liuzzi, <hi rend="italic">Musica e poesia del Trecento nel codice Vaticano Rossiano 215</hi>, «Rendiconti della pontificia Accademia Romana di archaeologia», XIII/1-2 (1937), pp. 59-71.
                </bibl>
                <bibl xml:id="LiGotti1944">
                    E. Li Gotti, <hi rend="italic">Poesie musicali italiane del sec. XIV</hi>, «Atti della Reale Accademia di scienze, lettere e arti di Palermo», IV/2 (1944), pp. 99-167.
                </bibl>
                <bibl xml:id="Sesini1943-1950">
                    U. Sesini, <hi rend="italic">Il canzoniere musicale trecentesco del codice Vatic. Rossiano 215</hi>, «Studi medievali», n.s., 16 (1943-1950), pp. 212-236.
                </bibl>
                <bibl xml:id="Corsi1970">
                    Giuseppe Corsi, <hi rend="italic">Poesie musicali del Trecento</hi>, Bologna, Commissione per i testi di lingua, 1970 (Collezione di opere inedite o rare, 131).
                </bibl>
                <bibl xml:id="Pirrotta1992">
                    N. Pirrotta, <hi rend="italic">Il codice Rossi 215 della Biblioteca Apostolica Vaticana. Con i frammenti della fondazione Opera pia don Giuseppe Greggiati di Ostiglia</hi>, Lucca, LIM, 1992.
                </bibl>
                <bibl xml:id="Sucato2003">
                    Tiziana Sucato, <hi rend="italic">Il codice rossiano 215. Madrigali, ballate, una caccia, un rotondello</hi>, Pisa, ETS, 2003 («Diverse voci...» 1).
                </bibl>
            </listBibl>
        </back>
    </text>
</TEI>


