<?xml version="1.0" encoding="UTF-8"?>
<?xml-model href="http://www.tei-c.org/release/xml/tei/custom/schema/relaxng/tei_all.rng" type="application/xml" schematypens="http://relaxng.org/ns/structure/1.0"?>
<?xml-model href="http://www.tei-c.org/release/xml/tei/custom/schema/relaxng/tei_all.rng" type="application/xml"
	schematypens="http://purl.oclc.org/dsdl/schematron"?>
<TEI xmlns="http://www.tei-c.org/ns/1.0">
   <teiHeader>
      <fileDesc>
         <titleStmt>
            <title>Non più ’nfelice alle suo membra nacque</title>
            <respStmt>
               <resp>Digital scholarly edition created within the ERC</resp>
               <orgName><ref target="https://www.europeanarsnova.eu/">European Ars Nova</ref> project.</orgName>
            </respStmt>
            <respStmt> 
               <resp>Edited by</resp> 
               <name>Maria Sofia Lannutti</name> 
            </respStmt> 
            <respStmt> 
               <resp>Revised by</resp> 
               <name>Luca Gatti</name> 
            </respStmt> 
            <respStmt> 
               <resp>TEI-encoded by</resp> 
               <name>Elvira Mercatanti</name> 
            </respStmt> 
         </titleStmt>
         <publicationStmt>
            <p></p>
            <!--publisher>Edizioni del Galluzzo</publisher>
            <pubPlace>Firenze, Italia</pubPlace>
            <date>2021</date>
            <availability>
               <p>L'edizione è disponibile su licenza.</p>
            </availability>            
            <idno type="ISBN">ISBN</idno>
            <idno type="DOI">DOI</idno>
            <idno type="URI">permalink della scheda ANT</idno-->
         </publicationStmt>
         <sourceDesc>
            <p></p>
         </sourceDesc>
      </fileDesc>
      <encodingDesc>
         <variantEncoding method="double-end-point" location="internal"/>
      </encodingDesc>
   </teiHeader>
   <text>
      <!--<front> 
         <div> 
            <p>
               Aggiungi qui l'INTRODUZIONE (se presente). Suddividila in paragrafi (<p>)
               e marca i corsivi (<hi rend="italic"> </hi> )
            </p> 
         </div>         
      </front> --> 
      <body>
         <lg>
            <l xml:id="l1">
               Non più <anchor xml:id="l1a1"/>’nfelic[e]<anchor xml:id="l1a2"/> alle suo membra nacque
            </l>
            <l xml:id="l2">
               <anchor xml:id="l2a1"/>Narcisso<anchor xml:id="l2a2"/>, quando, tralle liquid’ onde,
            </l>
            <l xml:id="l3">
               tant’ a·sse stesso, speculando, piacque,
            </l>
            <l xml:id="l4">
               ch’a me la chioma dell’altera fronde
            </l>
            <l xml:id="l5" n="5">
               <anchor xml:id="l5a1"/>ornata<anchor xml:id="l5a2"/> di madona, ch’al cor <anchor xml:id="l5a3"/>tanto<anchor xml:id="l5a4"/>
            </l>
            <l xml:id="l6">
               piacque, ch’a morte non mi port’ altronde.
            </l>
         </lg>

         <lg>
            <l xml:id="l7">
               <anchor xml:id="l7a1"/>Dunque<anchor xml:id="l7a2"/> l’amor, ch’al cor mi nacque in canto,
            </l>
            <l xml:id="l8">
               l’altere Parche ’l pòn privar di pianto.
            </l>
         </lg>
         
      </body>


      <back>
         <listWit>            
            <witness xml:id="Pit">
            <ref type="siglum" target="#Pit">Pit</ref>
               cc. <locus>34v-35r</locus>, <abbr xml:id="PitC"> C</abbr> (vv.1-3 e 7-8), <abbr xml:id="PitT"> T</abbr> (vv. 1-3 e 7-8), <hi rend="italic">resid.</hi> (vv. 4-6):<hi rend="italic">p(aulus) a(bbas)</hi>
            </witness>
         </listWit>


         <listApp type="substantial">
            <listApp>
               <head>1</head>
               <app from="#l1a1" to="#l1a2">
                  <lem>’nfelice</lem>
                  <rdg wit="#Pit #">nfelici </rdg>
               </app>
            </listApp>
         </listApp>


         <listApp type="formal">
            <listApp>
               <head>2</head>
               <app from="#l2a1" to="#l2a2">
                  <lem>Narcisso</lem>
                  <rdg>na narcisso <wit><ref corresp="#PitC">Pit<hi rend="super">C</hi></ref></wit></rdg>
               </app>
            </listApp>

            <listApp>
               <head>5</head>
               <app from="#l5a1" to="#l5a2">
                  <lem>ornata</lem>
                  <rdg>or<add place="above">na</add>ta <wit><ref corresp="#PitC">Pit<hi rend="super">C</hi></ref></wit></rdg>
               </app>

               <app from="#l5a3" to="#l5a4">
                  <lem>tanto</lem>
                  <rdg>ta<del>u</del><add place="above">n</add>to <wit><ref corresp="#PitC">Pit<hi rend="super">C</hi></ref></wit></rdg>
               </app>
            </listApp>


            <listApp>
               <head>7</head>
               <app from="#l7a1" to="#l7a2">
                  <lem>Dunque</lem>
                  <rdg wit="#Pit">dun dunque </rdg>
               </app>
            </listApp>
         </listApp>



         <div type="metricalScheme">
            <p>Madrigale 10’a 10’b 10’a, 10’b 10’c 10’b; 10’c 10’c</p>
            <p>Capovilla VII.</p>
            <p>Rima inclusiva ai vv. 2 : 4 : 6.</p>
         </div>


         <listBibl type="editions">
            <bibl corresp="#LiGotti1952">
               Li Gotti 1952, p. 600;
            </bibl>

            <bibl corresp="#Corsi1970">
               Corsi 1970, p. 270.
            </bibl>
         </listBibl>


         <!--<listBibl type="bibliography">
            <bibl corresp="#">
            </bibl>
         </listBibl>-->


         <div type="commentary">
            <note target="#l1 #l8">
               <num>1-8.</num>
               <p>‘Non nacque (diventò) più infausto alle sue membra (alla sua persona fisica) Narciso, quando, guardando tra le acque limpide, piacque tanto a sé stesso, di quanto (non nacque infausta) a me la chioma di madonna ornata dell’altera fronda, che piacque tanto al cuore, da condurmi alla morte e non altrove. Dunque (solo) le altere Parche possono privare del pianto l’amore che mi nacque nel cuore inaspettatamente (oppure: in disparte)’.</p>
            </note>

            <note target="#l2">
               <num>2.</num>
               <p><hi rend="italic">quando</hi>:</p> con valore causale.
            </note>

            <note target="#l7">
               <num>7.</num>
               <p><hi rend="italic">in canto</hi>: cfr. TLIO, s. v. <hi rend="italic">canto (2)</hi>, § 1.5.2.1.1: «Fig. Locuz. avv. <hi rend="italic">Da canto</hi>: in maniera inaspettata ed improvvisa».</p>
            </note>
         </div>



         <listBibl type="editionsBibliography">
            <bibl xml:id="LiGotti1952">
               E. Li Gotti, <hi rend="italic">Paolo tenorista, fiorentino "extra moenia"</hi>, in <hi rend="italic">Estudios dedicados a Menéndez Pidal</hi>, tomo III, Madrid, C.S.I.C., 1952, pp. 577-606
            </bibl>

            <bibl xml:id="Corsi1970">
               Giuseppe Corsi, <hi rend="italic">Poesie musicali del Trecento</hi>, Bologna, Commissione per i testi di lingua, 1970 (Collezione di opere inedite o rare, 131)
            </bibl>
         </listBibl>
      </back>
   </text>
</TEI>
