<?xml version="1.0" encoding="UTF-8"?>
<?xml-model href="http://www.tei-c.org/release/xml/tei/custom/schema/relaxng/tei_all.rng" type="application/xml" schematypens="http://relaxng.org/ns/structure/1.0"?>
<?xml-model href="http://www.tei-c.org/release/xml/tei/custom/schema/relaxng/tei_all.rng" type="application/xml"
	schematypens="http://purl.oclc.org/dsdl/schematron"?>
<TEI xmlns="http://www.tei-c.org/ns/1.0">
   <teiHeader>
      <fileDesc>
         <titleStmt>
            <title>Non per fallir di me tuo vista pia</title>
            <editor>Davide Checchi</editor>
            <respStmt>
               <resp>Digital scholarly editon created within the </resp>
               <orgName><ref target="https://www.europeanarsnova.eu/">European Ars Nova</ref> ERC project.</orgName>
            </respStmt>
            <respStmt>
               <resp>Edited by</resp>
               <name>Davide Checchi</name>
            </respStmt>
            <respStmt>
               <resp>Revised by</resp>
               <name>Luca Gatti</name>
            </respStmt>
            <respStmt>
               <resp>TEI-encoding by</resp>
               <name>Matteo Salaroli</name>
               <name>and Chiara Martignano</name>
            </respStmt>
         </titleStmt>
         <publicationStmt>
            <p></p>
            <!--publisher>Edizioni del Galluzzo</publisher>
            <pubPlace>Firenze, Italia</pubPlace>
            <date>2021</date>
            <availability>
               <p>L'edizione è disponibile su licenza.</p>
            </availability>            
            <idno type="ISBN">ISBN</idno>
            <idno type="DOI">DOI</idno>
            <idno type="URI">permalink della scheda ANT</idno-->
         </publicationStmt>
         <sourceDesc>
            <p></p>
         </sourceDesc>
      </fileDesc>
      <encodingDesc>
         <variantEncoding method="double-end-point" location="internal"/>
      </encodingDesc>
   </teiHeader>
   <text>
      <body>
         <lg>
            <l xml:id="l1">
               Non per fallir di me tuo vista pia
            </l>
            <l xml:id="l2">
               m’à tolto ’l bel mirare
            </l>
            <l xml:id="l3">
               <anchor xml:id="l3a1"/>ch’a me<anchor xml:id="l3a2"/> solevi fare,
            </l>           
            <l xml:id="l4">
               ch’i’ <anchor xml:id="l4a1"/>da te<anchor xml:id="l4a2"/> però <anchor xml:id="l4a3"/>fugga<anchor xml:id="l4a4"/> <anchor xml:id="l4a5"/>ma’<anchor xml:id="l4a6"/> non fia.
            </l>
         </lg>
         <lg>
            <l xml:id="l5" n="5">
               S’i’ <anchor xml:id="l5a1"/>sentì già<anchor xml:id="l5a2"/> <anchor xml:id="l5a3"/>da<anchor xml:id="l5a4"/> <anchor xml:id="l5a5"/>tua<anchor xml:id="l5a6"/> vista riposo,
            </l>
            <l xml:id="l6">
               or è <anchor xml:id="l6a1"/>converso<anchor xml:id="l6a2"/> <anchor xml:id="l6a3"/>’n pen’<anchor xml:id="l6a4"/> <anchor xml:id="l6a5"/>e ’n<anchor xml:id="l6a6"/> gran dolore.
            </l>
            <l xml:id="l7">
               Usando pura fé, mi tien’ nascoso
            </l>
            <l xml:id="l8">
               el tuo <anchor xml:id="l8a1"/>veçoso<anchor xml:id="l8a2"/> viso e ’l <anchor xml:id="l8a3"/>dolce<anchor xml:id="l8a4"/> amore
            </l>
            <l xml:id="l9">
               de’ tuo pretiosi <anchor xml:id="l9a1"/>occhi<anchor xml:id="l9a2"/>, onde ’l <anchor xml:id="l9a3"/>mio<anchor xml:id="l9a4"/> core
            </l>   
            <l xml:id="l10" n="10">
               per gran doglia si <anchor xml:id="l10a1"/>sface<anchor xml:id="l10a2"/>.
            </l>
            <l xml:id="l11">
               Omé, rendimi pace
            </l>
            <l xml:id="l12">
               del disio, donna, ch’io da·tte sentia.
            </l>
         </lg>
         <lg>
            <l xml:id="l13">
               Pensando che sança mia colpa sento
            </l>
            <l xml:id="l14">
               pianti, sospir, lamenti et gran <anchor xml:id="l14a1"/>lang<supplied>[ui]</supplied>re<anchor xml:id="l14a2"/>,
            </l>
            <l xml:id="l15" n="15">
               credo ch’arà piatà del mio tormento,
            </l>
            <l xml:id="l16">
               ché ma’ non meritò pena ’l servire.
            </l>
            <l xml:id="l17">
               Di me donna et signor, fammi sentire
            </l>   
            <l xml:id="l18">
               quella gioia et diletto
            </l>
            <l xml:id="l19">
               c’avea dal tuo aspetto,
            </l>
            <l xml:id="l20" n="20">
               qual mi fu tolto per falsa resia.
            </l>
         </lg>
      </body>
      <back>
         <listApp type="substantial">
            <listApp>
               <head>5</head>
               <app from="#l5a1" to="#l5a2">
                  <lem>sentì già</lem>
                  <rdg wit="#Sq #Pit" type="indifferentVariant">giasenti</rdg>
               </app>
               <app from="#l5a3" to="#l5a4">
                  <lem>da</lem>
                  <rdg>di <wit><ref target="#FpC">Fp<hi rend="super">C</hi></ref></wit></rdg>
               </app>
            </listApp>
            <listApp>
               <head>6</head>
               <app from="#l6a1" to="#l6a2">
                  <lem>converso</lem>
                  <rdg>conuerse <wit><ref target="#SqC">Sq<hi rend="super">C</hi></ref></wit></rdg>
               </app>
            </listApp>
            <listApp>
               <head>10</head>
               <app from="#l10a1" to="l10a2">
                  <lem>sface</lem>
                  <rdg wit="#Fp">face</rdg>
               </app>
            </listApp>
            <listApp>
               <head>14</head>
               <app from="#l14a1" to="#l14a2">
                  <lem>languire</lem>
                  <rdg wit="#Fp">langore</rdg>
               </app>
            </listApp>
         </listApp>
         
         <listApp type="formal">
            <listApp>
               <head>3</head>
               <app from="#l3a1" to="#l3a2">
                  <lem>ch’a me</lem>
                  <rdg>chamme 
                     <wit><ref target="#Sq">Sq</ref></wit>
                     <wit><ref target="#PitC">Pit<hi rend="super">C</hi></ref></wit></rdg>
               </app>
            </listApp>
            <listApp>
               <head>4</head>
               <app from="#l4a1" to="l4a2">
                  <lem>da te</lem>
                  <rdg wit="#Sq #Pit">datte</rdg>
               </app>
               <app from="#l4a3" to="#l4a4">
                  <lem>fugga</lem>
                  <rdg>fugha
                     <wit><ref target="#Sq">Sq</ref></wit>
                     <wit><ref target="#PitC">Pit<hi rend="super">C</hi></ref></wit></rdg>
               </app>
               <app from="#l4a5" to="#l4a6">
                  <lem>ma’</lem>
                  <rdg wit="#Sq">maị</rdg>
                  <rdg>mai <wit><ref target="#PitT">Pit<hi rend="super">T</hi></ref></wit></rdg>
               </app>
            </listApp>
            <listApp>
               <head>5</head>
               <app from="#l5a3" to="#l5a4">
                  <lem>tua</lem>
                  <rdg>tuo
                     <wit><ref target="#FpT">Fp<hi rend="super">T</hi></ref></wit>
                     <wit><ref target="#Sq">Sq</ref></wit>
                     <wit><ref target="#Pit">Pit</ref></wit></rdg>
               </app>
            </listApp>
            <listApp>
               <head>6</head>
               <app from="#l6a3" to="#l6a4">
                  <lem>’n pen’</lem>
                  <rdg wit="#Sq">in pena</rdg>
                  <rdg>n pena <wit><ref target="#PitC">Pit<hi rend="super">C</hi></ref></wit></rdg>
                  <rdg>in penạ <wit><ref target="#PitT">Pit<hi rend="super">T</hi></ref></wit></rdg>
               </app>
               <app from="#l6a5" to="#l6a6">
                  <lem>e ’n</lem>
                  <rdg wit="#Pit"><expan>et</expan> in</rdg>
               </app>
            </listApp>
            <listApp>
               <head>8</head>
               <app from="#l8a1" to="l8a2">
                  <lem>veçoso</lem>
                  <rdg wit="#Pit">veççoso</rdg>
               </app>
               <app from="#l8a3" to="#l8a4">
                  <lem>dolce</lem>
                  <rdg wit="#Sq #Pit">dolçe</rdg>
               </app>
            </listApp>
            <listApp>
               <head>9</head>
               <app from="#l9a1" to="l9a2">
                  <lem>occhi</lem>
                  <rdg wit="#Sq">ochi</rdg>
               </app>
               <app from="#l9a3" to="#l9a4">
                  <lem>mio</lem>
                  <rdg wit="#Sq">mie</rdg>
               </app>
            </listApp>
         </listApp>
         
         <listWit>
            <witness xml:id="Fp">
               <ref type="siglum" target="#Fp">Fp</ref>
               <locus>c. 4v</locus>,  <abbr xml:id="FpC">C</abbr> (vv. 1-6), <abbr xml:id="FpT">T</abbr> (vv. 1-6), <hi rend="italic">resid.</hi> (vv. 7-20):  <hi rend="italic">m(agister) f(ranciscus)</hi>
            </witness>
            <witness xml:id="Sq">
               <ref type="siglum" target="#Sq">Sq</ref>
               <locus>c. 168r</locus>, <abbr xml:id="SqC">C</abbr> (vv. 1-6), <abbr xml:id="SqT">T</abbr> (vv. 1-6), <hi rend="italic">resid.</hi> (vv. 7-12):  <hi rend="italic">magister franciscus cecus horghanista de florentia</hi>
            </witness>
            <witness xml:id="Pit">
               <ref type="siglum" target="#Pit">Pit</ref>
               <locus>cc. 95v-96r</locus>, <abbr xml:id="PitC">C</abbr> (vv. 1-6), <abbr xml:id="PitT">T</abbr> (vv. 1-6), <hi rend="italic">resid.</hi> (vv. 7-12):  <hi rend="italic">franc(iscus)</hi>
            </witness>
         </listWit>
         
         <div type="metricalScheme">
            <p>Ballata grande 10’z 6’y 6’y 10’z; 10’a 10’b, 10’a 10’b; 10’b 6’c 6’c 10’z.</p> 
            <p><hi rend="italic">Pagnotta</hi>  98 : 24.</p>
            <p>Punti sottoscritti: v. 4 (<hi rend="italic">mai</hi>) Sq<hi rend="super">CT</hi>; v. 6 (<hi rend="italic">pena</hi>) Pit<hi rend="super">T</hi>.</p>
         </div>
         
         <listBibl type="editions">
            <bibl corresp="#Corsi1970">
               Corsi 1970, p. 199.
            </bibl>
         </listBibl>
         
         <div type="commentary">
            <note target="#l9">
               <num>9.</num>
               La dialefe tra <hi rend="italic">pretiosi</hi> e <hi rend="italic">occhi</hi> è suggerita dal profilo ritmico dell’intonazione.
            </note>
            <note target="#l14">
               <num>14.</num>
               L’emendamento è richiesto dalla rima ed è suggerito già da Pagnotta 1995, p. 180.
            </note>
         </div>
         
         <listBibl type="bibliography">
            <bibl corresp="#Pagnotta1995">Pagnotta 1995.</bibl>
         </listBibl>
         
         <listBibl type="editionsBibliography">
            <bibl xml:id="Corsi1970">
               <hi rend="italic">Poesie musicali del Trecento</hi>, a cura di G. Corsi, Bologna, Commissione per i testi di lingua, 1970 (Collezione di opere inedite o rare, 131)
            </bibl>
            <bibl xml:id="Pagnotta1995">
               Linda Pagnotta, <hi rend="italic">Repertorio metrico della ballata italiana: secoli XIII e XIV</hi>, Milano-Napoli, Ricciardi, 1995
            </bibl>
         </listBibl>
      </back>
   </text>
</TEI>
