<?xml version="1.0" encoding="UTF-8"?>
<?xml-model href="http://www.tei-c.org/release/xml/tei/custom/schema/relaxng/tei_all.rng" type="application/xml" schematypens="http://relaxng.org/ns/structure/1.0"?>
<?xml-model href="http://www.tei-c.org/release/xml/tei/custom/schema/relaxng/tei_all.rng" type="application/xml"
	schematypens="http://purl.oclc.org/dsdl/schematron"?>
<TEI xmlns="http://www.tei-c.org/ns/1.0">
   <teiHeader>
      <fileDesc>
         <titleStmt>
            <title>Non correr troppo e tien la mano al freno</title>
            <respStmt>
               <resp>Digital scholarly edition created within the </resp>
               <orgName><ref target="https://www.europeanarsnova.eu/">European Ars Nova</ref> ERC project.</orgName>
            </respStmt>
            <respStmt>
               <resp>Edited by</resp>
               <name>Maria Sofia Lannutti</name>
            </respStmt>
            <respStmt>
               <resp>Revised by</resp>
               <name>Luca Gatti</name>
            </respStmt>
            <respStmt>
               <resp>TEI-encoded by</resp>
               <name>Carla Congiu</name>
            </respStmt>
         </titleStmt>
         <publicationStmt>
            <p></p>
            <!--publisher>Edizioni del Galluzzo</publisher>
            <pubPlace>Firenze, Italia</pubPlace>
            <date>2021</date>
            <availability>
               <p>L'edizione è disponibile su licenza.</p>
            </availability>            
            <idno type="ISBN">ISBN</idno>
            <idno type="DOI">DOI</idno>
            <idno type="URI">permalink della scheda ANT</idno-->
         </publicationStmt>
         <sourceDesc>
            <p></p>
         </sourceDesc>
      </fileDesc>
      <encodingDesc>
         <variantEncoding method="double-end-point" location="internal"/>
      </encodingDesc>
   </teiHeader>
   <text>
      <!--front>
         <div>
            <p>
           </p>
         </div>         
      </front-->
      <body>
        <lg>
            <l xml:id="l1">
		      Non <anchor xml:id="l1a1"/>correr<anchor xml:id="l1a2"/> troppo e tien la mano al freno,
	        </l>
        </lg>
        <lg>
            <l xml:id="l2">
		      ché chi <anchor xml:id="l2a5"/>vuol<anchor xml:id="l2a6"/> <anchor xml:id="l2a1"/>ir<anchor xml:id="l2a2"/> più forte <anchor xml:id="l2a3"/>che<anchor xml:id="l2a4"/> non puote
	        </l>
            <l xml:id="l3">
		      tosto <anchor xml:id="l3a3"/>si<anchor xml:id="l3a4"/> stanca <anchor xml:id="l3a5"/>et<anchor xml:id="l3a6"/> subito <anchor xml:id="l3a1"/>percuote<anchor xml:id="l3a2"/>,
	        </l>
            <l xml:id="l4">
		      <anchor xml:id="l4a1"/>et<anchor xml:id="l4a2"/> cade in <supplied>[<anchor xml:id="l4a3"/>terra<anchor xml:id="l4a4"/>, <anchor xml:id="l4a5"/><anchor xml:id="l4a7"/>avaccio<anchor xml:id="l4a8"/> viene a<anchor xml:id="l4a6"/>]</supplied> meno.
	        </l>
        </lg>
        <lg>
            <l xml:id="l5" n="5">
              <anchor xml:id="l5a1"/>Dunque<anchor xml:id="l5a2"/>, non aver fretta, va di passo,
	        </l>
            <l xml:id="l6">
		      ché·<anchor xml:id="l6a3"/>sse<anchor xml:id="l6a4"/> tu cadi <anchor xml:id="l6a1"/><anchor xml:id="l6a5"/>et truoviti<anchor xml:id="l6a6"/> nel basso<anchor xml:id="l6a2"/>,
	        </l>
            <l xml:id="l7">
		      amaro sentirai più <anchor xml:id="l7a1"/>che<anchor xml:id="l7a2"/> <anchor xml:id="l7a3"/>veleno<anchor xml:id="l7a4"/>.
	        </l>
        </lg>
       </body>
      <back>
         <listWit>
            <witness xml:id="Sq">
               <ref type="siglum" target="#Sq">Sq</ref>
               c. <locus>116r</locus>, <abbr xml:id="SqC">C</abbr> (vv. 1-2), <abbr xml:id="SqT">T</abbr> (vv. 1-2), <hi rend="italic">resid</hi>. (vv. 3-7): <hi rend="italic">magister frater bartolinus de padua</hi>
            </witness>
            <witness xml:id="Lu">
               <ref type="siglum" target="#Lu">Lu</ref>
               c. <locus>6v [XXX[I]V]</locus>, <abbr xml:id="LuC">C</abbr> (vv. 1-2), <abbr xml:id="LuT">T</abbr> (vv. 1-2), <hi rend="italic">resid</hi>. (vv. 3-7): <hi rend="italic">fr(atr)is bartholini</hi>
            </witness>
            <witness xml:id="R">
               <ref type="siglum" target="#R">R</ref>
               c. <locus>22r</locus>, <abbr xml:id="RC">C</abbr> (vv. 1-2), <abbr xml:id="RT">T</abbr> (vv. 1-2), <hi rend="italic">resid</hi>. (vv. 3-7)
            </witness>
            </listWit>
           <listApp type="substantial">
               <listApp>
                 <head>2</head>
                 <app from="#l2a1" to="#l2a2">
                  <lem>ir</lem>
                  <rdgGrp>
                    <rdg wit="#Lu">gir <wit><ref target="#RC">R<hi rend="super">C</hi></ref></wit></rdg>
                    <rdg><wit><ref target="#RT">R<hi rend="super">T</hi></ref></wit></rdg>
                  </rdgGrp>
                 </app>
               </listApp>
               <listApp>
                 <head>3</head>
                 <app from="#l3a1" to="#l3a2">
                  <lem>percuote</lem>
                  <rdg wit="#R">percutte</rdg>
                 </app>
               </listApp>
              <listApp>
               <head>4</head>
               <app from="#l4a1" to="#l4a2">
                  <lem>et</lem>
                  <rdg wit="#Lu"></rdg>
               </app>
               <app from="#l4a3" to="#l4a4">
                  <lem>terra</lem>
                  <rdg wit="#Sq">luogo</rdg>
               </app>
               <app from="#l4a5" to="#l4a6">
                  <lem>avaccio viene a</lem>
                  <rdgGrp>
                    <rdg wit="#Sq">che eua vue</rdg>
                    <rdg wit="#R">eue uiuen a</rdg>
                  </rdgGrp>
               </app>
               <app from="#l4a7" to="#l4a8">
                  <lem>avaccio</lem>
                  <rdg wit="#Lu">evaççio</rdg>
                  <witDetail rend="italic" wit="#Lu">con i espunta</witDetail>
               </app>
               </listApp>
               <listApp>
                 <head>6</head>
                 <app from="#l6a1" to="#l6a2">
                  <lem>et truoviti nel basso</lem>
                  <rdg wit="#R">etre viditi nel passo</rdg>
                 </app>
               </listApp>
           </listApp>
         <listApp type="formal">
            <listApp>
               <head>1</head>
               <app from="#l1a1" to="#l1a2">
                  <lem>correr</lem>
                  <rdg wit="#R">corer</rdg>
                </app>
            </listApp>
            <listApp>
               <head>2</head>
               <app from="#l2a5" to="#l2a6">
                  <lem>vuol</lem>
                  <rdg wit="#Lu">vol</rdg>
               </app>
            </listApp>
            <listApp>
               <head>3</head>
               <app from="#l3a3" to="#l3a4">
                  <lem>si</lem>
                  <rdg wit="#Lu">se</rdg>
               </app>
               <app from="#l3a5" to="#l3a6">
                  <lem>et</lem>
                  <rdg wit="#Lu #R">e</rdg>
               </app>
            </listApp>
            <listApp>
               <head>4</head>
               <app from="#l4a1" to="#l4a2">
                  <lem>et</lem>
                  <rdg wit="#R">e</rdg>
               </app>
               <app from="#l4a3" to="#l4a4">
                  <lem>terra</lem>
                  <rdg wit="#R">tera</rdg>
               </app>
            </listApp>
            <listApp>
               <head>5</head>
               <app from="#l5a1" to="#l5a2">
                  <lem>Dunque</lem>
                  <rdg wit="#Lu #R">doncha</rdg>
               </app>
            </listApp>
            <listApp>
               <head>6</head>
               <app from="#l6a3" to="#l6a4">
                  <lem>sse</lem>
                  <rdg wit="#Lu #R">se</rdg>
               </app>
               <app from="#l6a5" to="#l6a6">
                  <lem>et truoviti</lem>
                  <rdg wit="#Lu">e trovite</rdg>
               </app>
            </listApp>
            <listApp>
               <head>7</head>
               <app from="#l7a1" to="#l7a2">
                  <lem>che</lem>
                  <rdg wit="#R">cha</rdg>
               </app>
               <app from="#l7a3" to="#l7a4">
                  <lem>veleno</lem>
                  <rdg wit="#Lu #R">veneno</rdg>
               </app>
            </listApp>
         </listApp>
         <div type="metricalScheme">
            <p>Ballata piccola 10’z; 10’a, 10’a; 10’z.</p> 
            <p><hi rend="italic">Pagnotta</hi> 49 : 11.</p>
            <p>Punti sottoscritti: v. 1 (<hi rend="italic">troppo</hi>) Lu, (<hi rend="italic">mano</hi>) Lu; v. 3 (<hi rend="italic">stancha</hi>) Lu; v. 4 (<hi rend="italic">cade</hi>) Lu, (<hi rend="italic">terra</hi>) Lu.</p>
         </div>
         <listBibl type="editions">
            <bibl corresp="#LiGotti1950">
               Li Gotti 1950, p. 117;
            </bibl>
            <bibl corresp="#Corsi1970">
               Corsi 1970, p. 251.
            </bibl>
         </listBibl>
         <div type="commentary">
            <note target="#l4">
               <num>4.</num>
               Si assume il testo di Lu, correggendo e adattando al sistema fonetico di Sq la forma <hi rend="italic">evaççio</hi>, a fronte della lezione priva di senso di Sq e R.
            </note>
         </div>
         <listBibl type="editionsBibliography">
            <bibl xml:id="LiGotti1950">
                N. Pirrotta-E. Li Gotti, <hi rend="italic">Il Codice di Lucca: II. Testi letterari</hi>, «Musica Disciplina», 4 (1950), pp. 111-152
            </bibl>
            <bibl xml:id="Corsi1970">
               Giuseppe Corsi, <hi rend="italic">Poesie musicali del Trecento</hi>, Bologna, Commissione per i testi di lingua, 1970 (Collezione di opere inedite o rare, 131)
            </bibl>
         </listBibl>
      </back>
   </text>
</TEI>
