<?xml version="1.0" encoding="UTF-8"?>
<?xml-model href="http://www.tei-c.org/release/xml/tei/custom/schema/relaxng/tei_all.rng" type="application/xml" schematypens="http://relaxng.org/ns/structure/1.0"?>
<?xml-model href="http://www.tei-c.org/release/xml/tei/custom/schema/relaxng/tei_all.rng" type="application/xml"
	schematypens="http://purl.oclc.org/dsdl/schematron"?>
<TEI xmlns="http://www.tei-c.org/ns/1.0">
   <teiHeader>
      <fileDesc>
         <titleStmt>
            <title>Non c’è rimasa fé</title>
            <respStmt>
               <resp>Digital scholarly edition created within the ERC</resp>
               <orgName><ref target="https://www.europeanarsnova.eu/">European Ars Nova</ref> project.</orgName>
            </respStmt>
            <respStmt> 
               <resp>Edited by</resp> 
               <name>Maria Sofia Lannutti</name> 
            </respStmt> 
            <respStmt> 
               <resp>Revised by</resp> 
               <name>Luca Gatti</name> 
            </respStmt> 
            <respStmt> 
               <resp>TEI-encoded by</resp> 
               <name>Elvira Mercatanti</name> 
            </respStmt> 
         </titleStmt>
         <publicationStmt>
            <p></p>
            <!--publisher>Edizioni del Galluzzo</publisher>
            <pubPlace>Firenze, Italia</pubPlace>
            <date>2021</date>
            <availability>
               <p>L'edizione è disponibile su licenza.</p>
            </availability>            
            <idno type="ISBN">ISBN</idno>
            <idno type="DOI">DOI</idno>
            <idno type="URI">permalink della scheda ANT</idno-->
         </publicationStmt>
         <sourceDesc>
            <p></p>
         </sourceDesc>
      </fileDesc>
      <encodingDesc>
         <variantEncoding method="double-end-point" location="internal"/>
      </encodingDesc>
   </teiHeader>
   <text>
      <!--<front> 
         <div> 
            <p>
               Aggiungi qui l'INTRODUZIONE (se presente). Suddividila in paragrafi (<p>)
               e marca i corsivi (<hi rend="italic"> </hi> )
            </p> 
         </div>         
      </front> --> 
      
      <body>
         <lg>
            <l xml:id="l1">
               Non c’è rimasa fé:
            </l>
            <l xml:id="l2">
               l’un l’altro inganna sotto suo <anchor xml:id="l2a1"/>mercé<anchor xml:id="l2a2"/>.
            </l>
         </lg>
         <lg>
            <l xml:id="l3">
               Per lunga prova ben certo ne so 
            </l>
            <l xml:id="l4">
               che l’amor basta quanto l’utiltà;
            </l>
            <l xml:id="l5" n="5">
               ma·sse Fortuna ti dice di no,
            </l>
            <l xml:id="l6">
               ogn’ uom ti fuge, se non la viltà.
            </l>
            <l xml:id="l7">
               Non ti val umiltà
            </l>
            <l xml:id="l8">
               di porre el capo dove prima el pé.
            </l>
         </lg>

         <lg>
            <l xml:id="l9">
               Per me lo dico come camperò
            </l>
            <l xml:id="l10" n="10">
               da tradimento sotto lealtà:
            </l>
            <l xml:id="l11">
               chi a·mme ride, a·llui ghignerò,
            </l>
            <l xml:id="l12">
               come altri ad me, io altrui fedeltà,
            </l>
            <l xml:id="l13">
               e non più libertà,
            </l>
            <l xml:id="l14">
               per non cadere alla crudel merçé.
            </l>
         </lg>

         <lg>
            <l xml:id="l15" n="15">
               Raguarda, Idio, et vedi che·ssi fa
            </l>
            <l xml:id="l16">
               tanto del mal, che non si sa virtù.
            </l>
            <l xml:id="l17">
               Chi è <anchor xml:id="l17a1"/>piggior<anchor xml:id="l17a2"/>, ciò che vuol fare e’ fa,
            </l>
            <l xml:id="l18">
               sança contrario di giù o di su.
            </l>
            <l xml:id="l19">
               Dè, Signor che sè tu,
            </l>
            <l xml:id="l20" n="20">
               fa’ grande el buono e ’l malo dica «Omè!».
            </l>
         </lg>
      </body>


      <back>
         <listWit>            
            <witness xml:id="Pit">
               <ref type="siglum" target="#Pit">Pit</ref>
               c. 71r, <abbr xml:id="PitC">C</abbr> (vv. 1-4), <abbr xml:id="PitT">T</abbr> (vv. 1-4), <hi rend="italic">resid.</hi> (vv.5-20): <hi rend="italic">p(aulus) a(bbas)</hi>
            </witness>
         </listWit>


         <listApp type="substantial">
            <listApp>
               <head>17</head>
               <app from="#l17a1" to="#l17a2">
                  <lem>piggior</lem>
                  <rdg wit="#Pit">piggiore</rdg>
               </app>
            </listApp>
         </listApp>


         <listApp type="formal">
            <listApp>
               <head>2</head>
               <app from="#l2a1" to="#l2a2">
                  <lem>mercé</lem>
                  <rdg>mer<del>c</del> çe<wit><ref corresp="#PitT">Pit<hi rend="super">T</hi></ref></wit></rdg>
               </app>
            </listApp>
         </listApp>


         <div type="metricalScheme">
            <p>Ballata minore 6z 10z; 10a 10b, 10a 10b; 6b 10z. Le prime due strofe sono <hi rend="italic">unissonans</hi>, nella terza le rime a e b sono diverse (ma a equivale a b delle precedenti).</p>
            <p><hi rend="italic">Pagnotta</hi> 111 : 193.</p>
            <p>Rima identica ai vv. 2 : 14, 15 : 17.</p>
         </div>


         <listBibl type="editions">
            <bibl corresp="#LiGotti1952">
               Li Gotti 1952, p. 599;
            </bibl>

            <bibl corresp="#Corsi1970">
               Corsi 1970, p. 280.
            </bibl>
         </listBibl>


         <!--<listBibl type="bibliography"> 
            <bibl corresp="#"> </bibl> 
         </listBibl> --> 


         <div type="commentary">
            <note target="#l2">
               <num>2.</num>
               <p><hi rend="italic">sotto suo mercé</hi>: ‘mostrandosi benevolo’ oppure, meno probabilmente, ‘se si è alla sua mercé’. Cfr. Nicolò de’ Rossi, <hi rend="italic">Tanto m’agrada la luçe che splende </hi> (son. 384,ed. Brugnolo 1974-1977), vv. 13-14 «dach’ig beg ogli, sotto dolçe enganno / a posta di merçé tradito m’ànno».</p>
            </note>

            <note target="#l4">
               <num>4.</num>
               <p><hi rend="italic">basta quanto l’utiltà</hi>: ‘dura fin quando se ne trae vantaggio’.</p>
            </note>

            <note target="#l6">
               <num>6.</num>
               <p><hi rend="italic">se non la viltà</hi>: ‘tranne chi è di poco valore’.</p> 
            </note>

            <note target="#l7 #l8">
               <num>7-8.</num>
               <p>‘è inutile essere umili, chinando la testa fino ai piedi’.</p>
            </note>

            <note target="#l9 #l10">
               <num>9-10.</num>
               <p>‘vi dico come scamperò a mio vantaggio dal tradimento mascherato da lealtà’.</p>
            </note>

            <note target="#l12 #l13">
               <num>12-13.</num>
               <p>‘sarò fedele come gli altri lo saranno a me, e non sarò più generoso (di quanto gli altri lo saranno nei miei confronti).</p>
            </note>

            <note target="#l14">
               <num>14.</num>
               <p>‘per evitare una benevolenza che è invece crudeltà’, oppure, meno probabilmente, ‘per evitare di essere alla mercé di chi è spietato’.</p>
            </note>
         </div>



         <listBibl type="editionsBibliography">
            <bibl xml:id="LiGotti1952">
               E. Li Gotti, <hi rend="italic">Paolo tenorista, fiorentino "extra moenia"</hi>, in <hi rend="italic">Estudios dedicados a Menéndez Pidal</hi>, tomo III, Madrid, C.S.I.C., 1952, pp. 577-606
            </bibl>

            <bibl xml:id="Corsi1970">
               Giuseppe Corsi, <hi rend="italic">Poesie musicali del Trecento</hi>, Bologna, Commissione per i testi di lingua, 1970 (Collezione di opere inedite o rare, 131)
            </bibl>
         </listBibl>
      </back>
   </text>
</TEI>
