<?xml version="1.0" encoding="UTF-8"?>
<?xml-model href="http://www.tei-c.org/release/xml/tei/custom/schema/relaxng/tei_all.rng" type="application/xml" schematypens="http://relaxng.org/ns/structure/1.0"?>
<?xml-model href="http://www.tei-c.org/release/xml/tei/custom/schema/relaxng/tei_all.rng" type="application/xml"
	schematypens="http://purl.oclc.org/dsdl/schematron"?>
<TEI xmlns="http://www.tei-c.org/ns/1.0">
   <teiHeader>
      <fileDesc>
         <titleStmt>
            <title>O crudel donna, o falsa mia serena</title>
            <!--<author><ref target="X"></ref></author>-->
            <respStmt>
               <resp>Digital scholarly edition created within the ERC</resp>
               <orgName><ref target="https://www.europeanarsnova.eu/">European Ars Nova</ref> project.</orgName>
            </respStmt>
            <respStmt> 
               <resp>Edited by</resp> 
               <name>Maria Sofia Lannutti</name> 
            </respStmt> 
            <respStmt> 
               <resp>Revised by</resp> 
               <name>Luca Gatti</name> 
            </respStmt> 
            <respStmt> 
               <resp>TEI-encoded by</resp> 
               <name>Elvira Mercatanti</name> 
            </respStmt> 
         </titleStmt>
         <publicationStmt>
            <p></p>
            <!--publisher>Edizioni del Galluzzo</publisher>
            <pubPlace>Firenze, Italia</pubPlace>
            <date>2021</date>
            <availability>
               <p>L'edizione è disponibile su licenza.</p>
            </availability>            
            <idno type="ISBN">ISBN</idno>
            <idno type="DOI">DOI</idno>
            <idno type="URI">permalink della scheda ANT</idno-->
         </publicationStmt>
         <sourceDesc>
            <p></p>
         </sourceDesc>
      </fileDesc>
      <encodingDesc>
         <variantEncoding method="double-end-point" location="internal"/>
      </encodingDesc>
   </teiHeader>
   <text>
      <!--<front> 
         <div> 
            <p>
               Aggiungi qui l'INTRODUZIONE (se presente). Suddividila in paragrafi (<p>)
               e marca i corsivi (<hi rend="italic"> </hi> )
            </p> 
         </div>         
      </front> --> 
      <body>
         <lg>
            <l xml:id="l1">
               O crudel donna, o falsa mia serena,
            </l>
            <l xml:id="l2">
               i’ mi fuçiva et asugava <anchor xml:id="l2a1"/>’l<anchor xml:id="l2a2"/> pianto,
            </l>
            <l xml:id="l3">
               ch’amando te avea soferto tanto,
            </l>
            <l xml:id="l4">
               quando tu me volçisti al dolce canto,
            </l>
            <l xml:id="l5" n="5">
               traendomi col so piacer adorno,
            </l>
            <l xml:id="l6">
               come <anchor xml:id="l6a1"/> <supplied reason="illegible">[fa]</supplied><anchor xml:id="l6a2"/> la donzella il leocorno.
            </l>
         </lg>
         <lg>
            <l xml:id="l7">
               <anchor xml:id="l7a1"/>E più me doglio assai che del mio danno,<anchor xml:id="l7a2"/>
            </l>
            <l xml:id="l8">
               che in vaga donna <anchor xml:id="l8a1"/>regna<anchor xml:id="l8a2"/> tanto inganno.
            </l>
         </lg>
         
      </body>



      <back>
         <listWit>            
            <witness xml:id="Rs">
               <ref type="siglum" target="#Rs">Rs</ref> 
               cc. <locus>21v-22r</locus>, <abbr xml:id="RsC">C</abbr> (vv. 1-3 e 7-8), <abbr xml:id="RsT">T</abbr> (vv. 1-3 e 7-8), <hi rend="italic">resid.</hi> (vv. 4-6)
            </witness>
         </listWit>


         <listApp type="substantial">
            <listApp>
               <head>6</head>
               <app from="#l6a1" to="#l6a2">
                  <lem>fa</lem>
                  <rdg wit="#Rs"/>
               </app>          
            </listApp>
         </listApp>



         <listApp type="formal">
            <listApp>
               <head>2</head>
               <app from="#l2a1" to="#l2a2">
                  <lem>’l</lem>
                  <rdg> il<wit><ref corresp="#RsT">Rs <hi rend="super">T</hi></ref></wit></rdg>
               </app>
            </listApp>

            <listApp>
               <head>7</head>
               <app from="#l7a1" to="#l7a2">
                  <lem>E più me doglio assai che del mio danno,</lem>
                  <rdg> dogliassay <wit><ref corresp="#RsT">Rs <hi rend="super">T</hi></ref></wit></rdg>
               </app>
            </listApp>

            <listApp>
               <head>8</head>
               <app from="#l8a1" to="#l8a2">
                  <lem>regna</lem>
                  <rdg> regni<wit><ref corresp="#RsT">Rs <hi rend="super">T</hi></ref></wit></rdg>               
               </app>            
            </listApp>  
         </listApp>


         <div type="metricalScheme">
            <p>Madrigale 10’a 10’b 10’b, 10’b 10’c 10’c; 10’d 10’d.</p>
            <p><hi rend="italic"> Capovilla</hi>XXXV.</p>
         </div>


         <listBibl type="editions">

            <bibl corresp="#LiGotti1944"> 
               Li Gotti 1944, p. 135;
            </bibl>            

            <bibl corresp="#Sesini1943-1950"> 
              Sesini 1943-1950, p. 231;
            </bibl>

            <bibl corresp="#Corsi1970"> 
              Corsi 1970, p. 338;
            </bibl>

            <bibl corresp="#Pirrotta1992"> 
              Pirrotta 1992, p. 30;
            </bibl>

            <bibl corresp="#Sucato2003">
               Sucato 2003, p. 82.
            </bibl>
         </listBibl>


         <!--<listBibl type="bibliography">
            <bibl corresp="#">
            </bibl>
         </listBibl>-->


         <div type="commentary">
            <note target="#l8">
               <num>8.</num>
               <p>Franco Sacchetti, <hi rend="italic">Zibaldone del ms. Laurenziano Ashburnhamiano</hi> 574, 122, 12: <hi rend="italic">«Intemperantia ita facit</hi>. Liocorno è una bestia che ha tanta dilettazione di stare con una donzella vergine che, com’egli ne vede alcuna, così va a lei adormentarsi ne le sue braccia; poi vengono li cacciatori e sì lo pigliano, che altrimente non lo potrebeno pigliare se non per questa sua stemperanza» (ed. Puccini 2019).</p>
            </note>
         </div>


         <listBibl type="editionsBibliography">
            <bibl xml:id="LiGotti1944">
               E. Li Gotti, <hi rend="italic">Poesie musicali italiane del sec. XIV</hi>, «Atti della Reale Accademia di scienze, lettere e arti di Palermo», IV/2 (1944), pp. 99-167
            </bibl>

            <bibl xml:id="Sesini1943-1950">
               U. Sesini, <hi rend="italic">Il canzoniere musicale trecentesco del codice Vatic. Rossiano 215</hi>, «Studi medievali», n.s., 16 (1943-1950), pp. 212-236
            </bibl>

            <bibl xml:id="Corsi1970">
              Giuseppe Corsi, <hi rend="italic">Poesie musicali del Trecento</hi>, Bologna, Commissione per i testi di lingua, 1970 (Collezione di opere inedite o rare, 131)
            </bibl>

            <bibl xml:id="Pirrotta1992">
               N. Pirrotta, <hi rend="italic">Il codice Rossi 215 della Biblioteca Apostolica Vaticana. Con i frammenti della fondazione Opera pia don Giuseppe Greggiati di Ostiglia</hi>, Lucca, LIM, 1992
            </bibl>

            <bibl xml:id="Sucato2003">
               Tiziana Sucato, <hi rend="italic">Il codice rossiano 215. Madrigali, ballate, una caccia, un rotondello</hi>, Pisa, ETS, 2003 («Diverse voci...» 1)
            </bibl>
         </listBibl>
      </back>
   </text>
</TEI>
