<?xml version="1.0" encoding="UTF-8"?>
<?xml-model href="http://www.tei-c.org/release/xml/tei/custom/schema/relaxng/tei_all.rng" type="application/xml" schematypens="http://relaxng.org/ns/structure/1.0"?>
<?xml-model href="http://www.tei-c.org/release/xml/tei/custom/schema/relaxng/tei_all.rng" type="application/xml"
	schematypens="http://purl.oclc.org/dsdl/schematron"?>
<TEI xmlns="http://www.tei-c.org/ns/1.0">
    <teiHeader>
        <fileDesc>
            <titleStmt>
                <title>O pensier vani, o sperança fallace</title>
                <respStmt>
                    <resp>Digital scholarly edition created within the </resp>
                    <orgName><ref target="https://www.europeanarsnova.eu/">European Ars Nova</ref> ERC project.</orgName>
                </respStmt>
                <respStmt>
                    <resp>Edited by</resp>
                    <name>Maria Sofia Lannutti</name>
                </respStmt>
                <respStmt>
                    <resp>Revised by</resp>
                    <name>Vittoria Brancato</name>
                </respStmt>
                <respStmt>
                    <resp>TEI-encoded by</resp>
                    <name>Carla Congiu</name>
                </respStmt>
            </titleStmt>
            <publicationStmt>
                <p></p>
                <!--publisher>Edizioni del Galluzzo</publisher>
            <pubPlace>Firenze, Italia</pubPlace>
            <date>2021</date>
            <availability>
               <p>L'edizione è disponibile su licenza.</p>
            </availability>            
            <idno type="ISBN">ISBN</idno>
            <idno type="DOI">DOI</idno>
            <idno type="URI">permalink della scheda ANT</idno-->
            </publicationStmt>
            <sourceDesc>
                <p></p>
            </sourceDesc>
        </fileDesc>
        <encodingDesc>
            <variantEncoding method="double-end-point" location="internal"/>
        </encodingDesc>
    </teiHeader>
    <text>
        <!--front>
            <div>
                <p>
                </p>
            </div>         
        </front-->
        <body>
            <lg>
                <l xml:id="l1">
                    O <anchor xml:id="l1a1"/>pensier<anchor xml:id="l1a2"/> vani, o sperança fallace,
                </l>
                <l xml:id="l2">
                    o mente cieca, o core, ché tardi? 
                </l>
                <l xml:id="l3">
                    Non t’acorgi del foco in che tu ardi? 
                </l>
                <l xml:id="l4">
                    El tempo <anchor xml:id="l4a1"/>mai in futuro<anchor xml:id="l4a2"/> non s’aspecta, 
                </l>
                <l xml:id="l5" n="5">
                    et tu, vechio, in utele ai fermeçça
                </l>
                <l xml:id="l6">
                    et non t’avedi che mort’è ta freçça?
                </l>
            </lg>
            <lg>
                <l xml:id="l7">
                    Ahi lasso! <anchor xml:id="l7a1"/>Ben<supplied>[e]</supplied><anchor xml:id="l7a2"/> veço ogni mio male! 
                </l>
                <l xml:id="l8">
                    Valesse el pentir, come non vale!
                </l>
            </lg>
        </body>
        <back>
            <listWit>
                <witness xml:id="Lu">
                    <ref type="siglum" target="#Lu">Lu</ref>
                    cc. <locus>39v-40r</locus>, <abbr xml:id="LuC">C</abbr> (vv. 1-3 e 7-8), <abbr xml:id="LuT">T</abbr> (vv. 1-3 e 7-8), <hi rend="italic">resid. (vv. 4-6)</hi>
                </witness>
            </listWit>
            <!--listApp type="substantial">
            </listApp-->
            <listApp type="formal">
                <listApp>
                    <head>1</head>
                    <app from="#l1a1" to="#l1a2">
                        <lem>pensier</lem>
                        <rdg wit="#Lu">pensieri</rdg>
                    </app>
                </listApp>
                <listApp>
                    <head>4</head>
                    <app from="#l4a1" to="#l4a2">
                        <lem>mai in futuro</lem>
                        <rdg wit="#Lu">in futuro mai</rdg>
                    </app>
                </listApp>
                <listApp>
                    <head>7</head>
                    <app from="#l7a1" to="#l7a2">
                        <lem>bene</lem>
                        <rdg wit="#Lu">ben</rdg>
                    </app>
                </listApp>
            </listApp>
            <div type="metricalScheme">
                <p>Madrigale 10’a 10’b 10’b, 10’c 10’d 10’d; 10’e 10’e.</p>
                <p><hi rend="italic">Capovilla</hi> <hi rend="small-caps">XLVIII</hi>.</p>
                <p>Rima inclusiva ai vv. 2 : 3.</p>
            </div>
            <listBibl type="editions">
                <bibl corresp="#PirrottaLiGotti1950">
                    Pirrotta-Li Gotti 1950, p. 142.
                </bibl>
            </listBibl>
            <div type="commentary">
                <note target="#l4">
                    <num>4.</num>
                    <hi rend="italic">mai in futuro</hi>: l’anticipazione di <hi rend="italic">mai</hi> restituisce regolarità ritmica al verso.
                </note>
                <note target="#l6">
                    <num>6.</num>
                    <hi rend="italic">freçça</hi>: ‘rapidità eccessiva, fretta’.
                </note>
                <note target="#l7">
                    <num>7.</num>
                    <hi rend="italic">bene</hi>: anche in questo caso, l'integrazione restituisce la regolarità ritmica al verso.
                </note>
            </div>
            <listBibl type="editionsBibliography">
                <bibl xml:id="PirrottaLiGotti1950">
                    N. Pirrotta-E. Li Gotti, <hi rend="italic">Il Codice di Lucca: II. Testi letterari</hi>, «Musica Disciplina», 4 (1950), pp. 111-152
                </bibl>
            </listBibl>
        </back>
    </text>
</TEI>
