<?xml version="1.0" encoding="UTF-8"?>
<?xml-model href="http://www.tei-c.org/release/xml/tei/custom/schema/relaxng/tei_all.rng" type="application/xml" schematypens="http://relaxng.org/ns/structure/1.0"?>
<?xml-model href="http://www.tei-c.org/release/xml/tei/custom/schema/relaxng/tei_all.rng" type="application/xml"
	schematypens="http://purl.oclc.org/dsdl/schematron"?>
<TEI xmlns="http://www.tei-c.org/ns/1.0">
    <teiHeader>
        <fileDesc>
            <titleStmt>
                <title> O tu, cara scïençïa, mia musica</title>
                <!--<author><ref target="X"></ref></author>-->
                <respStmt>
                    <resp>Digital scholarly edition created within the ERC</resp>
                    <orgName><ref target="https://www.europeanarsnova.eu/">European Ars Nova</ref>
                        project.</orgName>
                </respStmt>
                <respStmt>
                    <resp>Edited by</resp>
                    <name>Maria Sofia Lannutti</name>
                </respStmt>
                <respStmt>
                    <resp>Revised by</resp>
                    <name>Luca Gatti</name>
                </respStmt>
                <respStmt>
                    <resp>TEI-encoded by</resp>
                    <name>Elvira Mercatanti</name>
                </respStmt>
            </titleStmt>
            <publicationStmt>
                <p/>
                <!--publisher>Edizioni del Galluzzo</publisher>
            <pubPlace>Firenze, Italia</pubPlace>
            <date>2021</date>
            <availability>
               <p>L'edizione è disponibile su licenza.</p>
            </availability>            
            <idno type="ISBN">ISBN</idno>
            <idno type="DOI">DOI</idno>
            <idno type="URI">permalink della scheda ANT</idno-->
            </publicationStmt>
            <sourceDesc>
                <p/>
            </sourceDesc>
        </fileDesc>
        <encodingDesc>
            <variantEncoding method="double-end-point" location="internal"/>
        </encodingDesc>
    </teiHeader>
    <text>
        <!--<front> 
         <div> 
            <p>
               Aggiungi qui l'INTRODUZIONE (se presente). Suddividila in paragrafi (<p>)
               e marca i corsivi (<hi rend="italic"> </hi> )
            </p> 
         </div>         
      </front> -->
        <body>
            <lg>
                <l xml:id="l1"> O tu, cara <anchor xml:id="l1a1"/>scïençïa<anchor xml:id="l1a2"/>,
                    mia musica,</l>
                <l xml:id="l2"> o <anchor xml:id="l2a1"/><anchor xml:id="l2a9"/>dolçe<anchor
                        xml:id="l2a10"/><anchor xml:id="l2a2"/>
                    <anchor xml:id="l2a3"/>melodia<anchor xml:id="l2a4"/>, <anchor xml:id="l2a5"
                        />con<anchor xml:id="l2a6"/> vaghi <anchor xml:id="l2a7"/>canti<anchor
                        xml:id="l2a8"/></l>
                <l xml:id="l3">
                    <anchor xml:id="l3a3"/><anchor xml:id="l3a1"/>
                    <anchor xml:id="l3a5"/> che <anchor xml:id="l3a6"/>
                    <anchor xml:id="l3a2"/> fa’ <anchor xml:id="l3a7"/> rinovellar<anchor
                        xml:id="l3a8"/>
                    <anchor xml:id="l3a9"/> tuttor <anchor xml:id="l3a10"/>
                    <anchor xml:id="l3a11"/>gli amanti<anchor xml:id="l3a12"/><anchor xml:id="l3a4"
                    /></l>
                <l xml:id="l4"><anchor xml:id="l4a3"/>Et io son corda <anchor xml:id="l4a1"/>di
                        tuo<anchor xml:id="l4a2"/> consonançïa,</l>
                <l xml:id="l5" n="5"> che <anchor xml:id="l5a1"/>’maginar<anchor xml:id="l5a2"/>
                    solea <anchor xml:id="l5a3"/>tuo<anchor xml:id="l5a4"/> bel trovato,</l>
                <l xml:id="l6"> or son procuratore et avocato<anchor xml:id="l6a1"/>.</l>
            </lg>
            <lg>
                <l xml:id="l7">Però <anchor xml:id="l7a1"/>ritorno<anchor xml:id="l7a2"/>
                    <anchor xml:id="l7a3"/>a·tte<anchor xml:id="l7a4"/>, musica cara,</l>
                <l xml:id="l8"><anchor xml:id="l8a1"/>
                    <anchor xml:id="l8a7"/>c’ogn’atto<anchor xml:id="l8a8"/> bel <anchor
                        xml:id="l8a3"/>d’amor<anchor xml:id="l8a4"/>
                    <anchor xml:id="l8a5"/>da·tte s’apara<anchor xml:id="l8a6"/>.<anchor
                        xml:id="l8a2"/></l>
            </lg>

        </body>



        <back>
            <listWit>
                <witness xml:id="Sq">
                    <ref type="siglum" target="#Sq">Sq</ref> cc. <locus>5v-6r</locus>, <abbr xml:id="SqC"
                        >C</abbr> (vv. 1-3 e 7-8), <hi rend="italic"> resid.</hi> (vv. 4-6), <abbr
                            xml:id="SqT">T</abbr> (vv. 1-3 e 7): <hi rend="italic">m(agister) iovannes de
                        florentia</hi>
                </witness>

                <witness xml:id="Fp">
                    <ref type="siglum" target="#Fp">Fp</ref> cc. <locus>51v-52r</locus>, <abbr
                        xml:id="FpC">C</abbr> (vv. 1-3 e 7), <abbr xml:id="FpT">T</abbr> (vv. 1-3 e
                    7): <hi rend="italic">m(agister) g(iovanni)</hi>
                </witness>

                <witness xml:id="R">
                    <ref type="siglum" target="#R">R</ref> cc. <locus>30v-31r</locus>, <abbr xml:id="RC"
                        >C</abbr> (vv. 1-3 e 7), <abbr xml:id="RT">T</abbr> (vv. 1-3 e 7-8),<hi
                        rend="italic"> resid.</hi> (vv. 4-6) </witness>

                <witness xml:id="Lo">
                    <ref type="siglum" target="#Lo">Lo</ref> cc. <locus>6v-7r</locus>, <abbr xml:id="LoC"
                        >C</abbr> (vv. 1-3 e 7-8), <abbr xml:id="LoT">T</abbr> (vv. 1-3 e 7): <hi
                        rend="italic">mag(ist)ri ioh(ann)is de frorentia</hi>
                </witness>
            </listWit>


            <listApp type="substantial">
                <listApp>
                    <head>2</head>
                    <app from="#l2a1" to="#l2a2">
                        <lem>dolçe</lem>
                        <rdg wit="Lo"/>
                    </app>
                </listApp>

                <listApp>
                    <head>3</head>
                    <app from="#l3a1" to="l3a2">
                        <lem>che</lem>
                        <rdg wit="#Lo"> chi chi</rdg>
                    </app>
                </listApp>

                <listApp>
                    <head>4</head>
                    <app from="#l4a1" to="l4a2">
                        <lem>di tuo</lem>
                        <rdg wit="#R"> deti</rdg>
                    </app>
                </listApp>


                <listApp>
                    <head>4-6</head>
                    <app from="#l4a3" to="#l6a1">                        
                        <rdg wit="#Fp #Lo"/>
                    </app>
                </listApp>

                <listApp>
                    <head>8</head>
                    <app from="#l8a1" to="l8a2">
                        <lem>c’ogn’atto bel d’amor da·tte s’apara.</lem>
                        <rdg wit="#Fp"/>
                    </app>

                    <app from="#l8a3" to="#l8a4">
                        <lem>d’amor</lem>
                        <rdg wit="#R #Lo"> d'amore</rdg>
                    </app>

                    <app from="#l8a5" to="#l8a6">
                        <lem>da·tte s’apara</lem>
                        <rdg wit="#R"> da ti sen para</rdg>
                    </app>
                </listApp>


            </listApp>



            <listApp type="formal">
                <listApp>
                    <head>1</head>
                    <app from="#l1a1" to="#l1a2">
                        <lem>scïençïa</lem>
                        <rdg wit="Fp"> sciença <wit><ref corresp="#SqT">Sq<hi rend="super"
                            >T</hi></ref></wit></rdg>
                        <rdg wit="R"> sciencia <wit><ref corresp="#LoC">Lo<hi rend="super"
                            >C</hi></ref></wit></rdg>
                        <rdg>scientia <wit><ref corresp="#LoT">Lo<hi rend="super"
                                >T</hi></ref></wit></rdg>
                    </app>
                </listApp>

                <listApp>
                    <head>2</head>
                    <app from="#l2a9" to="#l2a10">
                        <lem>dolçe</lem>
                        <rdg wit="#Fp #R #Lo">dolce</rdg>
                    </app>

                    <app from="#l2a3" to="#l2a4">
                        <lem>melodia</lem>
                        <rdg wit="#Lo">mellodia</rdg>
                    </app>

                    <app from="#l2a5" to="#l2a6">
                        <lem>con</lem>
                        <rdg wit="#R"> cun</rdg>
                        <rdg wit="#Lo"> cum</rdg>
                    </app>

                    <app from="#l2a7" to="#l2a8">
                        <lem>canti</lem>
                        <rdg wit="#Lo"> chan n n ti</rdg>
                    </app>
                </listApp>

                <listApp>
                    <head>3</head>
                    <app from="#l3a3" to="#l3a4">
                        <lem>che fa’ rinovellar tuttor gli amanti.</lem>
                        <rdg wit="#Fp #R #Lo"><hi rend="italic">rip.</hi></rdg>
                    </app>

                    <app from="#l3a5" to="#l3a6">
                        <lem>che</lem>
                        <rdg wit="#Sq #Fp #R">che che</rdg>
                    </app>

                    <app from="#l3a7" to="#l3a8">
                        <lem>rinovellar</lem>
                        <rdg>renovelar <wit><ref corresp="#RC">R<hi rend="super">C</hi></ref></wit>  <wit><ref corresp="#LoC">Lo<hi rend="super">C</hi></ref></wit></rdg>
                        <rdg>rinove lar <wit><ref corresp="#LoT">Lo<hi rend="super">T</hi></ref></wit></rdg>
                    </app>

                    <app from="#l3a9" to="#l3a10">
                        <lem>tuttor</lem>
                        <rdg>tutor <wit><ref corresp="#RC">R<hi rend="super"
                            >C</hi></ref></wit></rdg>
                    </app>

                    <app from="#l3a11" to="#l3a12">
                        <lem>gli amanti</lem>
                        <rdg wit="#Fp"> glamanti</rdg>
                        <rdg>i aman a a a a a a a a a a ti <wit><ref corresp="#LoC">Lo<hi
                                        rend="super">C</hi></ref></wit></rdg>
                        <rdg>i amanti <wit><ref corresp="#LoT">Lo<hi rend="super"
                                >T</hi></ref></wit></rdg>
                    </app>
                </listApp>

                <listApp>
                    <head>5</head>
                    <app from="#l5a2" to="#l5a3">
                        <lem>’maginar</lem>
                        <rdg wit="#R">imaginar</rdg>
                    </app>

                    <app from="#l5a4" to="#l5a5">
                        <lem>tuo</lem>
                        <rdg wit="#R">to</rdg>
                    </app>

                </listApp>

                <listApp>
                    <head>7</head>
                    <app from="#l7a1" to="#l7a2">
                        <lem>ritorno</lem>
                        <rdg wit="#R"> retorn</rdg>
                        <rdg>retorno <wit><ref corresp="#LoC">Lo<hi rend="super"
                            >C</hi></ref></wit></rdg>
                        <rdg>ritorna <wit><ref corresp="#LoT">Lo<hi rend="super"
                            >T</hi></ref></wit></rdg>
                    </app>

                    <app from="#l7a3" to="#l7a4">
                        <lem>a·tte</lem>
                        <rdg wit="#Fp">a te</rdg>
                        <rdg>a ti <wit><ref corresp="#RT">R<hi rend="super"
                            >T</hi></ref></wit></rdg>
                    </app>
                </listApp>

                <listApp>
                    <head>8</head>
                    <app from="#l8a7" to="#l8a7">
                        <lem>c’ogn’atto</lem>
                        <rdg wit="#R"> cognato</rdg>
                    </app>

                </listApp>
            </listApp>


            <div type="metricalScheme">
                <p>Madrigale 10’’a 10’b 10’b, 10’’c 10’d 10’d; 10’e 10’e.</p>
                <p><hi rend="italic">Capovilla</hi> <hi rend="small-caps">XLVIII</hi>.</p>
            </div>


            <listBibl type="editions">

                <bibl corresp="#Corsi1970"> Corsi 1970, pp. 18-9.</bibl>

            </listBibl>


            <!--<listBibl type="bibliography">
            <bibl corresp="#">
            </bibl>
         </listBibl>-->


            <div type="commentary">
                <note target="#l3">
                    <num>3.</num>
                    <p>
                        <hi rend="italic">rinovellar tuttor gli amanti</hi>: ʻrinnovare sempre il
                        sentimento amoroso negli amantiʼ. </p>
                </note>

                <note target="#l4">
                    <num>4.</num>
                    <p>ʻE io sono una corda che partecipa al concento dei suoni che produciʼ (per
                        cui cfr. anche Corsi 1970, nota <hi rend="italic">ad loc.</hi>).</p>
                </note>

                <note target="#l5">
                    <num>5.</num>
                    <p>
                        <hi rend="italic"> trovato</hi>: sost. ʻcanto’.</p>
                </note>

                <note target="#l8">
                    <num>8.</num>
                    <p>
                        <hi rend="italic"> da·tte s’apara </hi>: forse ‘è reso possibile da te’, con
                        un valore documentato nel <hi rend="italic">TLIO</hi>, s.v. <hi
                            rend="italic">apparare <hi rend="super">1</hi></hi>, § 1, oppure ‘si
                        impara da te’.</p>
                </note>
            </div>


            <listBibl type="editionsBibliography">

                <bibl xml:id="Corsi1970"> Giuseppe Corsi, <hi rend="italic">Poesie musicali del
                        Trecento</hi>, Bologna, Commissione per i testi di lingua, 1970 (Collezione
                    di opere inedite o rare, 131).</bibl>

            </listBibl>
        </back>
    </text>
</TEI>
