<?xml version="1.0" encoding="UTF-8"?>
<?xml-model href="http://www.tei-c.org/release/xml/tei/custom/schema/relaxng/tei_all.rng" type="application/xml" schematypens="http://relaxng.org/ns/structure/1.0"?>
<?xml-model href="http://www.tei-c.org/release/xml/tei/custom/schema/relaxng/tei_all.rng" type="application/xml"
	schematypens="http://purl.oclc.org/dsdl/schematron"?>
<TEI xmlns="http://www.tei-c.org/ns/1.0">
   <teiHeader>
      <fileDesc>
         <titleStmt>
            <title>Omè! </title>
            <respStmt>
               <resp>Digital scholarly edition created within the ERC</resp>
               <orgName><ref target="https://www.europeanarsnova.eu/">European Ars Nova</ref> project.</orgName>
            </respStmt>
            <respStmt> 
               <resp>Edited by</resp> 
               <name>Maria Sofia Lannutti</name> 
            </respStmt> 
            <respStmt> 
               <resp>Revised by</resp> 
               <name>Luca Gatti</name> 
            </respStmt> 
            <respStmt> 
               <resp>TEI-encoded by</resp> 
               <name>Elvira Mercatanti</name> 
            </respStmt> 
         </titleStmt>
         <publicationStmt>
            <p></p>
            <!--publisher>Edizioni del Galluzzo</publisher>
            <pubPlace>Firenze, Italia</pubPlace>
            <date>2021</date>
            <availability>
               <p>L'edizione è disponibile su licenza.</p>
            </availability>            
            <idno type="ISBN">ISBN</idno>
            <idno type="DOI">DOI</idno>
            <idno type="URI">permalink della scheda ANT</idno-->
         </publicationStmt>
         <sourceDesc>
            <p></p>
         </sourceDesc>
      </fileDesc>
      <encodingDesc>
         <variantEncoding method="double-end-point" location="internal"/>
      </encodingDesc>
   </teiHeader>
   <text>
      <!--<front> 
         <div> 
            <p>
               Aggiungi qui l'INTRODUZIONE (se presente). Suddividila in paragrafi (<p>)
               e marca i corsivi (<hi rend="italic"> </hi> )
            </p> 
         </div>         
      </front> --> 


      <body>
         <lg>
            <l xml:id="l1">
               <anchor xml:id="l1a1"/>Omè<anchor xml:id="l1a2"/>!
            </l>
         </lg>
         <lg>
            <l xml:id="l2">
              S’i’ ò gli omeï, sol ïo gli piango,  
            </l>
            <l xml:id="l3">
               ché chi gli mi può tor nonn à merçé, 
            </l>
            <l xml:id="l4">
               ond’ io col lamentar sempre rimango, 
            </l>
            <l xml:id="l5" n="5">
               se questa donna non mi tira a·ssé,
            </l>
            <l xml:id="l6">
               col su’ amor levando <anchor xml:id="l6a1"/>via<anchor xml:id="l6a2"/> gli omè.
            </l>
         </lg>

         <lg>
            <l xml:id="l7">
               «Giunti mi <anchor xml:id="l7a1"/>son<anchor xml:id="l7a2"/>!», ne disse, «Die ti mandi!», 
            </l>
            <l xml:id="l8">
               <supplied reason="illegible">[...]</supplied>
            </l>
            <l xml:id="l9">
               <supplied reason="illegible">[...]</supplied>
            </l>
            <l xml:id="l10" n="10">
               et altra ch’essa tor via non gli dé: 
            </l>
            <l xml:id="l11">
               «Così <anchor xml:id="l11a1"/>man[d]rai<anchor xml:id="l11a2"/> e ’ suoi e ’ <anchor xml:id="l11a3"/>[tuoi]<anchor xml:id="l11a4"/> a·mme!».
            </l>
         </lg>
      </body>


      <back>
         <listWit>            
            <witness xml:id="Pit">
               <ref type="siglum" target="#Pit">Pit</ref>
               c. 102v, <abbr xml:id="PitC">C</abbr> (vv. 1-2 e 6), <abbr xml:id="PitT">T</abbr>(vv. 1-2 e 6), <hi rend="italic">resid.</hi> (vv. 3-5 e 10-11): <hi rend="italic">d(on) p(aolo) </hi> (eraso)               
            </witness>
         </listWit>


         <listApp type="substantial">
            <listApp>
               <head>7</head>
               <app from="#l7a1" to="#l7a2">
                  <lem>son</lem>
                  <rdg wit="#Pit">sono</rdg>
               </app>
            </listApp>

            <listApp>
               <head>11</head>
               <app from="#l11a1" to="#l11a2">
                  <lem>mandrai</lem>
                  <rdg wit="#Pit">mancrai</rdg>
               </app>

               <app from="#l11a3" to="#l11a4">
                  <lem>tuoi</lem>
                  <rdg wit="#Pit">miei</rdg>
               </app>
            </listApp>
         </listApp>

         <listApp type="formal">
            <listApp>
               <head>1</head>
               <app from="#l1a1" to="#l1a2">
                  <lem>Ome</lem>
                  <rdg> o omei<wit><ref corresp="#PitC">Pit<hi rend="super">C</hi></ref></wit></rdg>
                  <rdg> o o ome<wit><ref corresp="#PitT">Pit<hi rend="super">T</hi></ref></wit></rdg>
               </app>
            </listApp>

            <listApp>
               <head>6</head>
               <app from="#l6a1" to="#l6a2">
                  <lem>via</lem>
                  <rdg> vie<wit><ref corresp="#PitT">Pit<hi rend="super">T</hi></ref></wit></rdg>
               </app>
            </listApp>
         </listApp>


         <div type="metricalScheme">
            <p>Ballata minima 2z; 10’a 10z, 10’a 10z; 10z. Il <hi rend="italic">residuum </hi> omette alcuni versi della seconda stanza. La corrispondenza della volta con la ripresa è limitata alle ultime due sillabe (<hi rend="italic">Omè e a·mme</hi>).</p>
            <p>Rima identica ai vv. 1 : 5. </p>
            <p>Punti sottoscritti: v. 3 (<hi rend="italic">io</hi>) Pit; v.6 (<hi rend="italic">via</hi>) Pit <hi rend="super">C</hi></p>
         </div>



         <!--<listBibl type="editions">
            <bibl corresp="#">
            </bibl>
         </listBibl>-->


         <!--<listBibl type="bibliography">
            <bibl corresp="#">
            </bibl>
         </listBibl>-->


         <div type="commentary">
            <note target="#l7">
               <num>7.</num>
               <p><hi rend="italic">«Die ti mandi!»</hi>:‘Vai al diavolo!’. Parla l’amata, che si rivolge all’amante.</p>
            </note>

            <note target="#l10 #l11">
               <num>10-11.</num>
               <p>‘e un’altra (donna disse all’amata) di non levargliegli (di non levare all’amante gli <hi rend="italic">omè</hi>): ‘«Così mi manderai i suoi e i tuoi (<hi rend="italic">omè</hi>)!»’. Si può ritenere che la seconda donna esorti l’amata a non acconsentire perché teme che finisca anche lei per lamentarsi (e l’amante non sarebbe più il solo a <hi rend="italic">piangere gli omè</hi>,come dichiarato all’inizio) </p>
            </note>

            <note target="#l11">
               <num>11.</num>
               <p><hi rend="italic">mandrai...tuoi</hi>: i due emendamenti sono necessari per il senso, il primo tiene conto del <hi rend="italic">mandi </hi>in rima al v. 7, il secondo presuppone un errore polare, favorito anche dal successivo <hi rend="italic">a·mme</hi>.</p>
            </note>
         </div>


         <!--<listBibl type="editionsBibliography">
            <bibl xml:id="">
            </bibl>
         </listBibl>-->
      </back>
   </text>
</TEI>
