<?xml version="1.0" encoding="UTF-8"?>
<?xml-model href="http://www.tei-c.org/release/xml/tei/custom/schema/relaxng/tei_all.rng" type="application/xml" schematypens="http://relaxng.org/ns/structure/1.0"?>
<?xml-model href="http://www.tei-c.org/release/xml/tei/custom/schema/relaxng/tei_all.rng" type="application/xml"
	schematypens="http://purl.oclc.org/dsdl/schematron"?>
<TEI xmlns="http://www.tei-c.org/ns/1.0">
    <teiHeader>
        <fileDesc>
            <titleStmt>
                <title>Or se depart li doulz tamps gracïeux</title>
                <respStmt>
                    <resp>Digital scholarly edition created within the </resp>
                    <orgName><ref target="https://www.europeanarsnova.eu/">European Ars Nova</ref> ERC project.</orgName>
                </respStmt>
                <respStmt>
                    <resp>Edited by</resp>
                    <name>Maria Sofia Lannutti</name>
                </respStmt>
                <respStmt>
                    <resp>Revised by</resp>
                    <name>Alice Colantuoni</name>
                </respStmt>
                <respStmt>
                    <resp>TEI-encoded by</resp>
                    <name>Carla Congiu</name>
                </respStmt>
            </titleStmt>
            <publicationStmt>
                <p></p>
                <!--publisher>Edizioni del Galluzzo</publisher>
            <pubPlace>Firenze, Italia</pubPlace>
            <date>2021</date>
            <availability>
               <p>L'edizione è disponibile su licenza.</p>
            </availability>            
            <idno type="ISBN">ISBN</idno>
            <idno type="DOI">DOI</idno>
            <idno type="URI">permalink della scheda ANT</idno-->
            </publicationStmt>
            <sourceDesc>
                <p></p>
            </sourceDesc>
        </fileDesc>
        <encodingDesc>
            <variantEncoding method="double-end-point" location="internal"/>
        </encodingDesc>
    </teiHeader>
    <text>
        <!--front>
            <div>
                <p>
                </p>
            </div>         
        </front-->
        <body>
            <lg>
                <l xml:id="l1">
                    Or se depart li doulz tamps gra<anchor xml:id="l1a1"/><supplied>[cïeux]</supplied><anchor xml:id="l1a2"/>
                </l>
                <l xml:id="l2">
                    que vous a fait <anchor xml:id="l2a1"/>mener joyeuse<anchor xml:id="l2a2"/> chiere,
                </l>
                <l xml:id="l3">
                    et <anchor xml:id="l3a1"/>p[uis qu’hiver]<anchor xml:id="l3a2"/> revient a sa maniere,
                </l>
                <l xml:id="l4">
                    qui <anchor xml:id="l4a1"/>contrair[e est]<anchor xml:id="l4a2"/> a tous vrais <anchor xml:id="l4a3"/>amoureu<supplied>[x]</supplied><anchor xml:id="l4a4"/>,
                </l>
                <l xml:id="l5" n="5">
                    <supplied>[... -eux]</supplied>
                </l>
                <l xml:id="l6">
                    <supplied>[... -iere]</supplied>
                </l>
                <l xml:id="l7">
                    <hi rend="italic"><supplied xml:id="suppl1">[Or se depart li doulz tamps gracïeux</supplied></hi>
                </l>
                <l xml:id="l8">
                    <hi rend="italic"><supplied xml:id="suppl2">que vous a fait mener joyeuse chiere]</supplied></hi>
                </l>
                <l xml:id="l9">
                    <supplied>[... -eux]</supplied>
                </l>
                <l xml:id="l10" n="10">
                    <supplied>[... -iere]</supplied>
                </l>
                <l xml:id="l11">
                    <supplied>[... -iere]</supplied>
                </l>
                <l xml:id="l12">
                    <supplied>[... -eux]</supplied>
                </l>
                <l xml:id="l13">
                    <hi rend="italic"><supplied xml:id="suppl3">[Or se depart li doulz tamps gracïeux</supplied></hi>
                </l>
                <l xml:id="l14">
                    <hi rend="italic"><supplied xml:id="suppl4">que vous a fait mener joyeuse chiere,</supplied></hi>
                </l>
                <l xml:id="l15" n="15">
                    <hi rend="italic"><supplied xml:id="suppl5">et puis qu’hiver revient a sa maniere,</supplied></hi>
                </l>
                <l xml:id="l16">
                    <hi rend="italic"><supplied xml:id="suppl6">qui contraire est a tous vrais amoureux.]</supplied></hi>
                </l>
            </lg>
        </body>
        <back>
            <listWit>
                <witness xml:id="Ld3">
                    <ref type="siglum" target="#Ld3">Ld3</ref>
                    cc. <locus>8v-9r</locus>, <abbr xml:id="Ld3T">T</abbr> (vv. 1-4): <hi rend="italic">martin(us) (fa)brj</hi>. La rubrica è espressa in parte mediante un rebus facente riferimento alla solmisazione: la nota musicale “fa”, seguita da <hi rend="italic">brj</hi>, forma il nome «Fabri». Porzioni del testo risultano illeggibili a causa di macchie e rasure sulla superficie di scrittura, oltre che della rifilatura del manoscritto sul margine esterno.
                </witness>
            </listWit>
            <listApp type="substantial">
                <listApp>
                    <head>1</head>
                    <app from="#l1a1" to="#l1a2">
                        <lem>gracïeux</lem>
                        <rdg wit="#Ld3"><gap reason="illegible" rend="ill."/></rdg>
                    </app>
                </listApp>
                <listApp>
                    <head>2</head>
                    <app from="#l2a1" to="#l2a2">
                        <lem>mener joyeuse</lem>
                        <rdg wit="#Ld3">meneer joyeeuse</rdg>
                    </app>
                </listApp>
                <listApp>
                    <head>3</head>
                    <app from="#l3a1" to="#l3a2">
                        <lem>puis qu’hiver</lem>
                        <rdg wit="#Ld3"><gap reason="illegible" rend="ill."/></rdg>
                    </app>
                </listApp>
                <listApp>
                    <head>4</head>
                    <app from="#l4a1" to="#l4a2">
                        <lem>contraire est</lem>
                        <rdg wit="#Ld3"><gap reason="illegible" rend="ill."/></rdg>
                    </app>
                    <app from="#l4a3" to="#l4a4">
                        <lem>amoreux</lem>
                        <rdg wit="#Ld3"><gap reason="illegible" rend="l. m."/></rdg>
                    </app>
                </listApp>
            </listApp>
            <!--listApp type="formal">
            </listApp-->
            <div type="metricalScheme">
                <p><hi rend="italic">Rondeau</hi> 10A 10’B 10’B 10A; [10a 10’b, 10A 10’B; 10a 10’b 10b’ 10a; 10A 10’B 10’B 10A].</p>
            </div>
            <listBibl type="editions">
                <bibl corresp="#Apel-Rosenberg1971">
                    Apel-Rosenberg 1970, p. <hi rend="small-caps">LI</hi>.
                </bibl>
            </listBibl>
            <!--div type="commentary">
            </div-->
            <listBibl type="editionsBibliography">
                <bibl xml:id="Apel-Rosenberg1970">
                    <hi rend="italic">French Secular Compositions of the Fourteenth Century, </hi>I. <hi rend="italic">Ascribed Compositions</hi>, ed. by W. Apel. Edition of the literary texts by S. N. Rosenberg., Roma, AIM, 1970 (CMM, 53/1)
                </bibl>
            </listBibl>
        </back>
    </text>
</TEI>