<?xml version="1.0" encoding="UTF-8"?>
<?xml-model href="http://www.tei-c.org/release/xml/tei/custom/schema/relaxng/tei_all.rng" type="application/xml" schematypens="http://relaxng.org/ns/structure/1.0"?>
<?xml-model href="http://www.tei-c.org/release/xml/tei/custom/schema/relaxng/tei_all.rng" type="application/xml"
	schematypens="http://purl.oclc.org/dsdl/schematron"?>
<TEI xmlns="http://www.tei-c.org/ns/1.0">
    <teiHeader>
        <fileDesc>
            <titleStmt>
                <title>Par le grant senz d’Adrïane la sage</title>
                <respStmt>
                    <resp>Digital scholarly edition created within the </resp>
                    <orgName><ref target="https://www.europeanarsnova.eu/">European Ars Nova</ref> ERC project.</orgName>
                </respStmt>
                <respStmt>
                    <resp>Edited by</resp>
                    <name>Maria Sofia Lannutti</name>
                </respStmt>
                <respStmt>
                    <resp>Revised by</resp>
                    <name>Luca Gatti</name>
                </respStmt>
                <respStmt>
                    <resp>TEI-encoded by</resp>
                    <name>Carla Congiu</name>
                </respStmt>
            </titleStmt>
            <publicationStmt>
                <p></p>
                <!--publisher>Edizioni del Galluzzo</publisher>
            <pubPlace>Firenze, Italia</pubPlace>
            <date>2021</date>
            <availability>
               <p>L'edizione è disponibile su licenza.</p>
            </availability>            
            <idno type="ISBN">ISBN</idno>
            <idno type="DOI">DOI</idno>
            <idno type="URI">permalink della scheda ANT</idno-->
            </publicationStmt>
            <sourceDesc>
                <p></p>
            </sourceDesc>
        </fileDesc>
        <encodingDesc>
            <variantEncoding method="double-end-point" location="internal"/>
        </encodingDesc>
    </teiHeader>
    <text>
        <front>
            <div>
                <p>
                    Solo parte del v. 1 è conservata dal ms. Pit, alle cc. 125v-126r, che così recita: <hi rend="italic">Par le grant sens da dadriane</hi>.
                </p>
            </div>         
        </front>
        <body>
            <lg>
                <l xml:id="l1">
                    <anchor xml:id="l1a1"/>Par<anchor xml:id="l1a2"/> le grant senz d’Adrïane la sage
                </l>
                <l xml:id="l2">
                    fu Theseüs gardés de periller,
                </l>
                <l xml:id="l3">
                    quant a son tour li convient le voyage
                </l>
                <l xml:id="l4">
                    en la maison Dedalus essaier.
                </l>
                <l xml:id="l5" n="5">
                    Puis la trahi et la vost essillier,
                </l>
                <l xml:id="l6">
                    fortrait li a un jouel de grant pris,
                </l>
                <l xml:id="l7">
                    <hi rend="italic">qu’avoir ne puet sanz O couvert de LIS.</hi>.
                </l>
            </lg>
            <lg>
                <l xml:id="l8">
                    Adrïane est si noble de linage
                </l>
                <l xml:id="l9">
                    et si puissant, c’on la puet reconter,
                </l>
                <l xml:id="l10" n="10">
                    le jouel ot de son propre heritage,
                </l>
                <l xml:id="l11">
                    que Theseüs s’efforsa d’usurper,
                </l>
                <l xml:id="l12">
                    et pour l’avoir le <anchor xml:id="l12a1"/>tient<anchor xml:id="l12a2"/> en grant dangier.
                </l>
                <l xml:id="l13">
                    Se socours n’a, le jouel est peris,
                </l>
                <l xml:id="l14">
                    <anchor xml:id="l14a1"/><hi rend="italic">qu’avoir ne puet sanz O couvert de LIS.</hi>.<anchor xml:id="l14a2"/>
                </l>
            </lg>
            <lg>
                <l xml:id="l15" n="15">
                    Mais le lis est de si tres haut parage,
                </l>
                <l xml:id="l16">
                    bel a vëoir, plaisant a manïer,
                </l>
                <l xml:id="l17">
                    riche [e]n povoir, de si prefait courage,
                </l>
                <l xml:id="l18">
                    qu’a la dame puet sa vertu en<supplied>[t]</supplied>er.
                </l>
                <l xml:id="l19">
                    Roulant ne E<supplied>[c]</supplied>tor ne li faut souhaidier
                </l>
                <l xml:id="l20" n="20">
                    pour secourir le jouel de grant pris,
                </l>
                <l xml:id="l21">
                    <anchor xml:id="l21a1"/><hi rend="italic">qu’avoir ne puet sanz O couvert de LIS.</hi>.<anchor xml:id="l21a2"/>
                </l>
            </lg>
        </body>
        <back>
            <listWit>
                <witness xml:id="Ch">
                    <ref type="siglum" target="#Ch">Ch</ref>
                    c. <locus>38v</locus>, <abbr xml:id="ChC">C</abbr> (vv. 1-7),  <hi rend="italic">resid.</hi> (vv. 8-21): <hi rend="italic">ph(ilip)ot(us)</hi>
                </witness>
            </listWit>
            <listApp type="substantial">
                <listApp>
                    <head>1</head>
                    <app from="#l1a1" to="#l1a2">
                        <lem>Par</lem>
                        <rdg wit="#Ch">ar</rdg>
                    </app>
                </listApp>
                <listApp>
                    <head>12</head>
                    <app from="#l12a1" to="#l12a2">
                        <lem>tient</lem>
                        <rdg wit="#Ch">tienent</rdg>
                    </app>
                </listApp>
                <listApp>
                    <head>14</head>
                    <app from="#l14a1" to="#l14a2">
                        <lem>qu’avoir ne puet sanz O couvert de LIS</lem>
                        <rdg wit="#Ch"><witDetail wit="Ch"><hi rend="italic">refrain abbreviato</hi> qu’avoir ne puet etc </witDetail></rdg>
                    </app>
                </listApp>
                <listApp>
                    <head>17</head>
                    <app from="#l17a1" to="#l17a2">
                        <lem>en</lem>
                        <rdg wit="#Ch">on</rdg>
                    </app>
                </listApp>
                <listApp>
                    <head>18</head>
                    <app from="#l18a1" to="#l18a2">
                        <lem>enter</lem>
                        <rdg wit="#Ch">endier</rdg>
                    </app>
                </listApp>
                <listApp>
                    <head>19</head>
                    <app from="#l19a1" to="#l19a2">
                        <lem>Ector</lem>
                        <rdg wit="#Ch">estor</rdg>
                    </app>
                </listApp>
                <listApp>
                    <head>20</head>
                    <app from="#l20a1" to="#l20a2">
                        <lem>qu’avoir ne puet sanz O couvert de LIS</lem>
                        <rdg wit="#Ch"><witDetail wit="Ch"><hi rend="italic">refrain abbreviato</hi> qu’avoir ne puet etc </witDetail></rdg>
                    </app>
                </listApp>
            </listApp>
            <!--listApp type="formal">
            </listApp-->
            <div type="metricalScheme">
                <p><hi rend="italic">Ballade</hi> 10’a 10b, 10’a 10b; 10b 10c 10C. <hi rend="italic">Coblas unissonans</hi>.</p>
                <p>Rima ricca ai vv. 4 : 5 : 12 : 16 : 19, 15 : 17, 6 : 13 : 20; rima identica ai vv. 6 : 20.</p>
            </div>
            <listBibl type="editions">
                <bibl corresp="#Apel-Rosenberg1970">
                    Apel-Rosenberg 1970, p. <hi rend="small-caps">LXIV</hi>.
                </bibl>
            </listBibl>
            <div type="commentary">
                <note target="#l18">
                    <num>18.</num>
                    <hi rend="italic">enter</hi>: l’emendamento tiene conto dell’uso del verbo <hi rend="italic">enter</hi> ‘innestare’ in relazione al cuore, cfr. <hi rend="italic">DMF</hi> s.v. <hi rend="italic">enter</hi>: «5. [À propos du coeur], a) Enter qqc. au/dans son coeur. “Introduire, fixer, enraciner qqc. (dans son coeur)”». In Apel-Rosenberg 1970 <hi rend="italic">en dier</hi> > <hi rend="italic">envier</hi> ‘inviare’, che però è di norma trisillabo, per cui genererebbe ipermetria.
                </note>
            </div>
            <listBibl type="editionsBibliography">
                <bibl xml:id="Apel-Rosenberg1970">
                    <hi rend="italic">French Secular Compositions of the Fourteenth Century, </hi>I. <hi rend="italic">Ascribed Compositions</hi>, ed. by W. Apel. Edition of the literary texts by S. N. Rosenberg., Roma, AIM, 1970 (CMM, 53/1)
                </bibl>
            </listBibl>
        </back>
    </text>
</TEI>
