<?xml version="1.0" encoding="UTF-8"?>
<?xml-model href="http://www.tei-c.org/release/xml/tei/custom/schema/relaxng/tei_all.rng" type="application/xml" schematypens="http://relaxng.org/ns/structure/1.0"?>
<?xml-model href="http://www.tei-c.org/release/xml/tei/custom/schema/relaxng/tei_all.rng" type="application/xml"
	schematypens="http://purl.oclc.org/dsdl/schematron"?>
<TEI xmlns="http://www.tei-c.org/ns/1.0">
   <teiHeader>
      <fileDesc>
         <titleStmt>
            <title>Per figura del cielo</title>
            <respStmt>
               <resp>Digital scholarly edition created within the </resp>
               <orgName><ref target="https://www.europeanarsnova.eu/">European Ars Nova</ref> ERC project.</orgName>
            </respStmt>
            <respStmt>
               <resp>Edited by</resp>
               <name>Maria Sofia Lannutti</name>
            </respStmt>
            <respStmt>
               <resp>Revised by</resp>
               <name>Luca Gatti</name>
            </respStmt>
            <respStmt>
               <resp>TEI-encoded by</resp>
               <name>Carla Congiu</name>
            </respStmt>
         </titleStmt>
         <publicationStmt>
            <p></p>
            <!--publisher>Edizioni del Galluzzo</publisher>
            <pubPlace>Firenze, Italia</pubPlace>
            <date>2021</date>
            <availability>
               <p>L'edizione è disponibile su licenza.</p>
            </availability>            
            <idno type="ISBN">ISBN</idno>
            <idno type="DOI">DOI</idno>
            <idno type="URI">permalink della scheda ANT</idno-->
         </publicationStmt>
         <sourceDesc>
            <p></p>
         </sourceDesc>
      </fileDesc>
      <encodingDesc>
         <variantEncoding method="double-end-point" location="internal"/>
      </encodingDesc>
   </teiHeader>
   <text>
      <!--front>
         <div>
            <p>
           </p>
         </div>         
      </front-->
      <body>
        <lg>
            <l xml:id="l1">
		      Per figura del cielo,
	        </l>
            <l xml:id="l2">
		      questa spera mortal a <anchor xml:id="l2a1"/>nullo<anchor xml:id="l2a2"/> celo,
	        </l>
        </lg>
        <lg>
            <l xml:id="l3">
		      ma <anchor xml:id="l3a1"/>mostr’ a<anchor xml:id="l3a2"/> <anchor xml:id="l3a3"/>tutti<anchor xml:id="l3a4"/> el <anchor xml:id="l3a5"/>suo<anchor xml:id="l3a6"/> corso celeste,
	        </l>
            <l xml:id="l4">
		      con grande spoglie ed ora in picciol veste,
	        </l>
            <l xml:id="l5" n="5">
              et muta doglia in feste,
	        </l>
            <l xml:id="l6">
		     et così occulta a tutti el suo bel velo.
	        </l>
        </lg>
        <lg>
            <l xml:id="l7">
		      O voglia sì o voglia no, ciascuno
	        </l>
            <l xml:id="l8">
		      dee viver sì ched e’ possa quel muno
	        </l>
            <l xml:id="l9">
		      di laude che digiuno
	        </l>
            <l xml:id="l10" n="10">
		      non sia, ma abbia memoria sança velo.
	        </l>
        </lg>
       </body>
      <back>
         <listWit>
            <witness xml:id="Sq">
               <ref type="siglum" target="#Sq">Sq</ref>
               cc. <locus>104v-105r</locus>, <abbr xml:id="SqC">C</abbr> (vv. 1-3), <abbr xml:id="SqT">T</abbr> (vv. 1-3), <hi rend="italic">resid</hi>. (vv. 4-10): <hi rend="italic">magister frater bartolinus de padua</hi>
            </witness>
            <witness xml:id="R">
               <ref type="siglum" target="#R">R</ref>
               c. <locus>16v</locus>, <abbr xml:id="RC">C</abbr> (vv. 1-3), <abbr xml:id="RT">T</abbr> (vv. 1-3)
            </witness>
          </listWit>
           <listApp type="substantial">
               <listApp>
                 <head>2</head>
                 <app from="#l2a1" to="#l2a2">
                  <lem>nullo</lem>
                  <rdg wit="#R">nulo io</rdg>
                 </app>
               </listApp>
               <listApp>
                 <head>3</head>
                 <app from="#l3a1" to="#l3a2">
                  <lem>mostr’ a</lem>
                  <rdg wit="#R">mosta</rdg>
                 </app>
               </listApp>            
         </listApp>
         <listApp type="formal">
            <listApp>
                 <head>3</head>
                 <app from="#l3a3" to="#l3a4">
                  <lem>tutti</lem>
                  <rdg>ttutti <wit><ref target="#SqT">Sq<hi rend="super">T</hi></ref></wit></rdg>
                 </app>
                 <app from="#l3a5" to="#l3a6">
                  <lem>suo</lem>
                  <rdg wit="#R">so</rdg>
                 </app>
            </listApp>
         </listApp>
         <div type="metricalScheme">
            <p>Ballata minore 6’z 10’z; 10’a, 10’a; 6’a 10’z.</p> 
            <p><hi rend="italic">Pagnotta</hi> 98 : 95.</p>
            <p>Rima equivoca ai vv. 1 : 2 (<hi rend="italic">c(i)elo</hi>); rima identica ai vv. 6 e 10.</p>
         </div>
         <listBibl type="editions">
            <bibl corresp="#Corsi1970">
               Corsi 1970, p. 253.
            </bibl>
         </listBibl>
         <div type="commentary">
            <note target="#l1">
               <num>1.</num>
               <hi rend="italic">figura del cielo</hi>: la fortuna intesa come spirito angelico.
            </note>
            <note target="#l4">
               <num>4.</num>
               <hi rend="italic">picciol veste</hi>: plurale.
            </note>
            <note target="#l6">
               <num>6.</num>
               Allusione alla fortuna che è cieca e rende ciechi coloro che abbraccia (Cicerone, <hi rend="italic">De amicitia</hi> 15 54: «Non enim solum ipsa Fortuna caeca est, sed eos etiam plerumque efficit caecos quos complexa est»).
            </note>
            <note target="#l7 #l8 #l9 #l10">
               <num>7-10.</num>
               ‘Voglia o non voglia, ciascuno deve vivere in modo tale che possa (far sì) che quel dono (ricevuto dalla fortuna che <hi rend="italic">muta doglia in feste</hi>) non rimanga senza lode, ma sia percepito dalla mente in modo nitido (come tale)’. In altri termini: bisogna riconoscere nella fortuna benevola la provvidenza divina, secondo l’insegnamento di Dante, <hi rend="italic">Inf</hi>., VII, vv. 67-96.
            </note>
         </div>
         <listBibl type="editionsBibliography">
            <bibl xml:id="Corsi1970">
               Giuseppe Corsi, <hi rend="italic">Poesie musicali del Trecento</hi>, Bologna, Commissione per i testi di lingua, 1970 (Collezione di opere inedite o rare, 131)
            </bibl>
         </listBibl>
      </back>
   </text>
</TEI>
