<?xml version="1.0" encoding="UTF-8"?>
<?xml-model href="http://www.tei-c.org/release/xml/tei/custom/schema/relaxng/tei_all.rng" type="application/xml" schematypens="http://relaxng.org/ns/structure/1.0"?>
<?xml-model href="http://www.tei-c.org/release/xml/tei/custom/schema/relaxng/tei_all.rng" type="application/xml"
	schematypens="http://purl.oclc.org/dsdl/schematron"?>
<TEI xmlns="http://www.tei-c.org/ns/1.0">
    <teiHeader>
        <fileDesc>
            <titleStmt>
                <title> Per riddʼ andando, ratto al terço cerchio</title>
                <!--<author><ref target="X"></ref></author>-->
                <respStmt>
                    <resp>Digital scholarly edition created within the ERC</resp>
                    <orgName><ref target="https://www.europeanarsnova.eu/">European Ars Nova</ref>
                        project.</orgName>
                </respStmt>
                <respStmt>
                    <resp>Edited by</resp>
                    <name>Maria Sofia Lannutti</name>
                </respStmt>
                <respStmt>
                    <resp>Revised by</resp>
                    <name>Luca Gatti</name>
                </respStmt>
                <respStmt>
                    <resp>TEI-encoded by</resp>
                    <name>Elvira Mercatanti</name>
                </respStmt>
            </titleStmt>
            <publicationStmt>
                <p/>
                <!--publisher>Edizioni del Galluzzo</publisher>
            <pubPlace>Firenze, Italia</pubPlace>
            <date>2021</date>
            <availability>
               <p>L'edizione è disponibile su licenza.</p>
            </availability>            
            <idno type="ISBN">ISBN</idno>
            <idno type="DOI">DOI</idno>
            <idno type="URI">permalink della scheda ANT</idno-->
            </publicationStmt>
            <sourceDesc>
                <p/>
            </sourceDesc>
        </fileDesc>
        <encodingDesc>
            <variantEncoding method="double-end-point" location="internal"/>
        </encodingDesc>
    </teiHeader>
    <text>
        <!--<front> 
         <div> 
            <p>
               Aggiungi qui l'INTRODUZIONE (se presente). Suddividila in paragrafi (<p>)
               e marca i corsivi (<hi rend="italic"> </hi> )
            </p> 
         </div>         
      </front> -->
        <body>
            <lg>
                <l xml:id="l1"> Per riddʼ andando, ratto al terço cerchio</l>
                <l xml:id="l2"> tanto menommi quel çentil pensiero,</l>
                <l xml:id="l3"> che giunto mi trovaʼ sottʼ un bel pero.</l>
                <l xml:id="l4">Su nʼavea assai, e sotto di cadute,</l>
                <l xml:id="l5" n="5">
                    <anchor xml:id="l5a1"/>onde<anchor xml:id="l5a2"/> mi fece ricordar sì come</l>
                <l xml:id="l6"> per tempo cade ciascun nato pome.</l>
            </lg>
            <lg>
                <l xml:id="l7">Poscia, più stando, pur immaginai</l>
                <l xml:id="l8">che chi ben face, quel non cade mai.</l>
            </lg>

        </body>



        <back>
            <listWit>

                <witness xml:id="Fp">
                    <ref type="siglum" target="#Fp">Fp</ref> cc. <locus>58v-59r</locus>, <abbr
                        xml:id="FpC">C</abbr> (vv. 1-3 e 7-8), <abbr xml:id="FpT">T</abbr> (vv. 1-3 e 7-8), <hi rend="italic">resid.</hi> (4-6): <hi rend="italic">
                        m(agister) giova(n)i</hi>
                </witness>

            </listWit>


            <!--<listApp type="substantial">
                

            </listApp>-->



            <listApp type="formal">
                <listApp>
                    <head>5</head>
                    <app from="#l5a1" to="#l5a2">
                        <lem>onde</lem>
                        <rdg wit="Fp"> honde </rdg>
                    </app>
                </listApp>
            </listApp>


            <div type="metricalScheme">
                <p>Madrigale 10ʼa 10ʼb 10ʼb, 10ʼc 10ʼd 10ʼd; 10ʼe 10ʼe.</p>
                <p><hi rend="italic">Capovilla</hi> XLVIII.</p>
            </div>


            <listBibl type="editions">
                <bibl corresp="#Corsi1959"> Corsi 1959, p. 80;</bibl>
                <bibl corresp="#Corsi1970"> Corsi 1970, pp. 19-20.</bibl>

            </listBibl>


            <!--<listBibl type="bibliography">
            <bibl corresp="#">
            </bibl>
         </listBibl>-->


            <div type="commentary">
                <note>Il poeta, coinvolto in una danza, si ritrova quasi inconsapevolmente e guidato
                    da un <hi rend="italic">çentil pensiero</hi>, sotto un pero. Qui riflette sulla brevità del ciclo di
                    vita dei frutti e degli esseri umani: chi agisce virtuosamente è come il frutto
                    che più si tiene attaccato allʼalbero (restando così in vita).</note>
                
                <note target="#l1">
                    <num>1.</num>
                    <p><hi rend="italic"> riddʼ</hi>: la ridda è ʻun ballo di più persone che giravano in tondo tenendosi per mano e cantandoʼ (Corsi 1970, <hi rend="italic">Glossario</hi>), ma vedi anche <hi rend="italic">GDLI</hi>, s.v. </p>
                    <p><hi rend="italic"> terço cerchio</hi>: il ʻterzo giroʼ del ballo in cui è coinvolto il poeta, ma potrebbe alludere anche al dantesco cielo di Venere, che accoglie gli spiriti degli amanti, evocato anche da Petrarca in <hi rend="italic">Rvf</hi> 302, vv. 3-4 «ivi, fra lor che ʼl terzo cerchio serra, / la rividi più bella et meno altera» (con racconto della visione di Laura).</p>
                </note>

                <note target="#l2">
                    <num>2.</num>
                    <p><hi rend="italic"> quel çentil pensiero</hi>: il pensiero amoroso.</p>
                </note>

                <note target="#l4">
                    <num>4.</num>
                    <p>ʻSopra ne aveva molti (di frutti), e sotto (ne aveva molti) di cadutiʼ.</p>
                </note>

                <note target="#l5">
                    <num>5.</num>
                    <p><hi rend="italic"> onde … ricordar</hi>: ʻper cui (la visione di questa cosa) mi fece ricordareʼ (con concordanza a senso). </p>
                </note>
            </div>


            <listBibl type="editionsBibliography">

                <bibl xml:id="Corsi1970"> Giuseppe Corsi, <hi rend="italic">Poesie musicali del
                        Trecento</hi>, Bologna, Commissione per i testi di lingua, 1970 (Collezione
                    di opere inedite o rare, 131) </bibl>

                <bibl xml:id="Corsi1959">Giuseppe Corsi, <hi rend="italic">Madrigali inediti</hi>,
                    in «Belfagor» XIV (1959), pp. 72-82</bibl>

            </listBibl>
        </back>
    </text>
</TEI>
