<?xml-model href="http://www.tei-c.org/release/xml/tei/custom/schema/relaxng/tei_all.rng" type="application/xml" schematypens="http://relaxng.org/ns/structure/1.0"?>
<?xml-model href="http://www.tei-c.org/release/xml/tei/custom/schema/relaxng/tei_all.rng" type="application/xml"
	schematypens="http://purl.oclc.org/dsdl/schematron"?>
<TEI xmlns="http://www.tei-c.org/ns/1.0">
    <teiHeader>
        <fileDesc>
            <titleStmt>
                <title>Per non far lieto alcun della mie doglia</title>
                <respStmt>
                    <resp>Digital scholarly edition created within the </resp>
                    <orgName><ref target="https://www.europeanarsnova.eu/">European Ars Nova</ref> ERC project.</orgName>
                </respStmt>
                <respStmt>
                    <resp>Edited by</resp>
                    <name>Maria Sofia Lannutti</name>
                </respStmt>
                <respStmt>
                    <resp>Revised by</resp>
                    <name>Alice Colantuoni</name>
                </respStmt>
                <respStmt>
                    <resp>TEI-encoded by</resp>
                    <name>Carla Congiu</name>
                </respStmt>
            </titleStmt>
            <publicationStmt>
                <p></p>
                <!--publisher>Edizioni del Galluzzo</publisher>
            <pubPlace>Firenze, Italia</pubPlace>
            <date>2021</date>
            <availability>
               <p>L'edizione è disponibile su licenza.</p>
            </availability>            
            <idno type="ISBN">ISBN</idno>
            <idno type="DOI">DOI</idno>
            <idno type="URI">permalink della scheda ANT</idno-->
            </publicationStmt>
            <sourceDesc>
                <p></p>
            </sourceDesc>
        </fileDesc>
        <encodingDesc>
            <variantEncoding method="double-end-point" location="internal"/>
        </encodingDesc>
    </teiHeader>
    <text>
        <!--front>
            <div>
                <p>
                </p>
            </div>         
        </front-->
        <body>
            <lg>
                <l xml:id="l1">
                    Per non far lieto alcun della mie doglia
                </l>
                <l xml:id="l2">
                    riddo∙ttalora c’ho di pianger voglia.
                </l>
            </lg>
            <lg>
                <l xml:id="l3">               
                    A∙ttal’ or rido et canto per mostrare
                </l>    
                <l xml:id="l4">
                    d’esser allegro, che col cor sospiro;
                </l>
                <l xml:id="l5" n="5">
                    et questo fo per no manifestare
                </l>
                <l xml:id="l6">
                    ad <anchor xml:id="l6a1"/>alcu<supplied>[n]</supplied><anchor xml:id="l6a2"/> le mie pene e ’l mio martiro,
                </l>
                <l xml:id="l7">
                    perché la gente à oggi el cor sì diro
                </l>
                <l xml:id="l8">
                    c’allor s’allegra, quand’ altri cordoglia.
                </l>
            </lg>
            <lg>
                <l xml:id="l10" n ="10">
                    Ai quant’ è ’l <anchor xml:id="l10a1"/>cacciator<anchor xml:id="l10a2"/> villan che prende
                </l>
                <l xml:id="l11">
                    preda c’altr’ à levata, et quant’ offende!
                </l>
            </lg>
        </body>
        <back>
            <listWit>
                <witness xml:id="Sq">
                    <ref type="siglum" target="#Sq">Sq</ref>
                    c. <locus>29r</locus>, <abbr xml:id="SqC">C</abbr> (vv. 1-4 e 7), <hi rend="italic">resid.</hi> (vv. 5-8): <hi rend="italic">magister s(er) ghirardellus de florentia</hi>
                </witness>
            </listWit>
            <listApp type="substantial">
                <listApp>
                    <head>6</head>
                    <app from="#l6a1" to="#l6a2">
                        <lem>alcun</lem>
                        <rdg wit="#Sq">alcur</rdg>
                    </app>
                </listApp>
            </listApp>
            <!--listApp type="formal">
            </listApp-->
            <div type="metricalScheme">
                <p>Madrigale 10’a 10’b 10’b, 10’c 10’d 10’d, 10’e 10’f 10’f; 10’g 10’g.</p>
                <p><hi rend="italic">Pagnotta</hi> 111: 162.</p>
                <p>Rima inclusiva ai vv. 1 : 8.</p>
            </div>
            <listBibl type="editions">
                <bibl corresp="#Corsi1969">
                    Corsi 1969, pp. 1052-53;
                </bibl>
                <bibl corresp="#Corsi1970">
                    Corsi 1970, p. 68.
                </bibl>
            </listBibl>
            <!--div type="commentary">
            </div-->
            <listBibl type="editionsBibliography">
                <bibl xml:id="Corsi1969">
                    G. Corsi, <hi rend="italic">Rimatori del Trecento</hi>, Torino, UTET, 1969
                </bibl>
                <bibl xml:id="Corsi1970">
                    Giuseppe Corsi, <hi rend="italic">Poesie musicali del Trecento</hi>, Bologna, Commissione per i testi di lingua, 1970 (Collezione di opere inedite o rare, 131)
                </bibl>
            </listBibl>
        </back>
    </text>
</TEI>