<?xml version="1.0" encoding="UTF-8"?>
<?xml-model href="http://www.tei-c.org/release/xml/tei/custom/schema/relaxng/tei_all.rng" type="application/xml" schematypens="http://relaxng.org/ns/structure/1.0"?>
<?xml-model href="http://www.tei-c.org/release/xml/tei/custom/schema/relaxng/tei_all.rng" type="application/xml"
	schematypens="http://purl.oclc.org/dsdl/schematron"?>
<TEI xmlns="http://www.tei-c.org/ns/1.0">
   <teiHeader>
      <fileDesc>
         <titleStmt>
            <title>Perché vendecta far or non si pò</title>
            <respStmt>
               <resp>Digital scholarly edition created within the ERC</resp>
               <orgName><ref target="https://www.europeanarsnova.eu/">European Ars Nova</ref> project.</orgName>
            </respStmt>
            <respStmt> 
               <resp>Edited by</resp> 
               <name>Maria Sofia Lannutti</name> 
            </respStmt> 
            <respStmt> 
               <resp>Revised by</resp> 
               <name>Luca Gatti</name> 
            </respStmt> 
            <respStmt> 
               <resp>TEI-encoded by</resp> 
               <name>Elvira Mercatanti</name> 
            </respStmt> 
         </titleStmt>
         <publicationStmt>
            <p></p>
            <!--publisher>Edizioni del Galluzzo</publisher>
            <pubPlace>Firenze, Italia</pubPlace>
            <date>2021</date>
            <availability>
               <p>L'edizione è disponibile su licenza.</p>
            </availability>            
            <idno type="ISBN">ISBN</idno>
            <idno type="DOI">DOI</idno>
            <idno type="URI">permalink della scheda ANT</idno-->
         </publicationStmt>
         <sourceDesc>
            <p></p>
         </sourceDesc>
      </fileDesc>
      <encodingDesc>
         <variantEncoding method="double-end-point" location="internal"/>
      </encodingDesc>
   </teiHeader>
   <text>
      <!--<front> 
         <div> 
            <p>
               Aggiungi qui l'INTRODUZIONE (se presente). Suddividila in paragrafi (<p>)
               e marca i corsivi (<hi rend="italic"> </hi> )
            </p> 
         </div>         
      </front> --> 
      <body>
         <lg>
            <l xml:id="l1">
               Perché vendecta far or non si pò,
            </l>
            <l xml:id="l2">
               aspecto tenpo ch’i’ farla potrò.
            </l>
         </lg>
         
         <lg>
            <l xml:id="l3">
               Di tal, che <anchor xml:id="l3a1"/>da me<anchor xml:id="l3a2"/> senpre ben sentì,
            </l>
            <l xml:id="l4">
               el contrario sarò di quel ch’i’ fu’,
            </l>
            <l xml:id="l5" n="5">
               perché·lla sua alla mie fé mentì,
            </l>
            <l xml:id="l6">
               con minacciando farmi quello o più.
            </l>
            <l xml:id="l7">
               Dunque non guarderò all’esser su’
            </l>
            <l xml:id="l8">
               di sopra in rota, ch’i’ pur sì farò.
            </l>
         </lg>
      </body>

      <back>
         <listWit>            
            <witness xml:id="Pit">
               <ref type="siglum" target="#Pit">Pit</ref>
               c. 83r. <abbr xml:id="PitC">C</abbr> (vv. 1-4),  <abbr xml:id="PitT">T</abbr> (vv. 1-4), <hi rend="italic"> resid.</hi> (vv. 5-8): <hi rend="italic">do(n) paolo</hi>               
            </witness>
         </listWit>


         <!--<listApp type="substantial">
         </listApp>-->
                     
         <listApp type="formal">
            <listApp>
               <head>3</head>
               <app from="#l3a1" to="#l3a2">
                  <lem>da me</lem>
                  <rdg> damme<wit><ref corresp="#PitT">Pit<hi rend="super">T</hi></ref></wit></rdg>
               </app>
            </listApp>
         </listApp>


         <div type="metricalScheme">
            <p>Ballata minore 10z 10z; 10a 10b, 10a 10b; 10b 10z.</p>
            <p><hi rend="italic"> Pagnotta</hi> 111 : 161.</p>
         </div>


         <listBibl type="editions">
            <bibl corresp="#LiGotti1952">
               Li Gotti 1952, p. 601;
            </bibl>

            <bibl corresp="#Corsi1970">
               Corsi 1970, p. 281.
            </bibl>
         </listBibl>


         <!--<listBibl type="bibliography">
            <bibl corresp="#">
            </bibl>
         </listBibl>-->


         <div type="commentary">
            <note target="#l7 #l8">
               <num>7-8.</num>
               <p><hi rend="italic">non guarderò:</hi>‘non mi curerò del fatto che lui è ora in auge (si trova nella parte superiore della ruota della Fortuna), farò comunque così’. </p>
            </note>
         </div>


         <listBibl type="editionsBibliography">
            <bibl xml:id="LiGotti1952">
               E. Li Gotti, <hi rend="italic">Paolo tenorista, fiorentino "extra moenia"</hi>, in <hi rend="italic">Estudios dedicados a Menéndez Pidal</hi>, tomo III, Madrid, C.S.I.C., 1952, pp. 577-606
            </bibl>

            <bibl xml:id="Corsi1970">
               Giuseppe Corsi, <hi rend="italic">Poesie musicali del Trecento</hi>, Bologna, Commissione per i testi di lingua, 1970 (Collezione di opere inedite o rare, 131)
            </bibl>
         </listBibl>
      </back>
   </text>
</TEI>
