<?xml version="1.0" encoding="UTF-8"?>
<?xml-model href="http://www.tei-c.org/release/xml/tei/custom/schema/relaxng/tei_all.rng" type="application/xml" schematypens="http://relaxng.org/ns/structure/1.0"?>
<?xml-model href="http://www.tei-c.org/release/xml/tei/custom/schema/relaxng/tei_all.rng" type="application/xml"
	schematypens="http://purl.oclc.org/dsdl/schematron"?>
<TEI xmlns="http://www.tei-c.org/ns/1.0">
   <teiHeader>
      <fileDesc>
         <titleStmt>
            <title>Perch’ i’ non sepi passar caut’ al varco</title>
            <respStmt>
               <resp>Digital scholarly edition created within the ERC</resp>
               <orgName><ref target="https://www.europeanarsnova.eu/">European Ars Nova</ref> project.</orgName>
            </respStmt>
            <respStmt> 
               <resp>Edited by</resp> 
               <name>Maria Sofia Lannutti</name> 
            </respStmt> 
            <respStmt> 
               <resp>Revised by</resp> 
               <name>Luca Gatti</name> 
            </respStmt> 
            <respStmt> 
               <resp>TEI-encoded by</resp> 
               <name>Elvira Mercatanti</name> 
            </respStmt> 
         </titleStmt>
         <publicationStmt>
            <p></p>
            <!--publisher>Edizioni del Galluzzo</publisher>
            <pubPlace>Firenze, Italia</pubPlace>
            <date>2021</date>
            <availability>
               <p>L'edizione è disponibile su licenza.</p>
            </availability>            
            <idno type="ISBN">ISBN</idno>
            <idno type="DOI">DOI</idno>
            <idno type="URI">permalink della scheda ANT</idno-->
         </publicationStmt>
         <sourceDesc>
            <p></p>
         </sourceDesc>
      </fileDesc>
      <encodingDesc>
         <variantEncoding method="double-end-point" location="internal"/>
      </encodingDesc>
   </teiHeader>
   <text>
      <!--<front> 
         <div> 
            <p>
               Aggiungi qui l'INTRODUZIONE (se presente). Suddividila in paragrafi (<p>)
               e marca i corsivi (<hi rend="italic"> </hi> )
            </p> 
         </div>         
      </front> --> 

      <body>
         <lg>
            <l xml:id="l1">
               <anchor xml:id="l1a1"/>[P]erch’ i’<anchor xml:id="l1a2"/> non sepi passar caut’ al varco
            </l>
            <l xml:id="l2">
               dov’ Amor tende l’arco,
            </l>
            <l xml:id="l3">
               lasso, sento quanto ’l suo stral martira.
            </l>
         </lg>

         <lg>
            <l xml:id="l4">
               Non dico «lasso» sol perch’ i’ duol senta,
            </l>
            <l xml:id="l5" n="5">
               ma perché l’arc’ alenta
            </l>
            <l xml:id="l6">
               verso l’<anchor xml:id="l6a1"/>oggett<supplied reason="illegible">[o]</supplied> ond’ entrass’ al<anchor xml:id="l6a2"/> core.
            </l>
            <l xml:id="l7">
               <supplied reason="illegible">[...]</supplied>
            </l>
            <l xml:id="l8">
               <supplied reason="illegible">[...]</supplied>
            </l>
            <l xml:id="l9">
               <supplied reason="illegible">[...]</supplied>
            </l>
            <l xml:id="l10" n="10">
               <supplied reason="illegible">[...]</supplied>
            </l>
            <l xml:id="l11">
               <supplied reason="illegible">[...]</supplied>
            </l>
            <l xml:id="l12">
               <supplied reason="illegible">[...]</supplied>
            </l>            
         </lg>
      </body>

      <back>
         <listWit>            
            <witness xml:id="R">
               <ref type="siglum" target="#R">R</ref>
               c. 25r, <abbr xml:id="RC">C</abbr> (vv. 1-6): <hi rend="italic">domnpi pauli</hi>
            </witness>
         </listWit>


         <listApp type="substantial">
            <listApp>
               <head>1</head>
               <app from="#l1a1" to="#l1a2">
                  <lem>Perch’ i’</lem>
                  <rdg wit="#R"> erchi</rdg>
               </app>
            </listApp>

            <listApp>
               <head>6</head>
               <app from="#l6a1" to="#l6a2">
                  <lem>oggetto ond’ entrass’ al</lem>
                  <rdg wit="#R">oggettondentrassal </rdg>
               </app>
            </listApp>
         </listApp>


         <!--<listApp type="formal">
            <listApp>-->
               
         <div type="metricalScheme">
            <p>Ballata mezzana 10’y 6’y 10’z; 10’a 6’a 10’b, [10’a 6’a 10’b; 10’m 6’m 10’z].</p>
         </div>


         <listBibl type="editions">
            <bibl corresp="#Corsi1970">
               Corsi 1970, p. 285;
            </bibl>

            <bibl corresp="#Fantini2021">
               Fantini 2021, pp. 348-9.
            </bibl>
         </listBibl>


         <!--<listBibl type="bibliography">
            <bibl corresp="#">
            </bibl>
         </listBibl>-->


         <!-- <div type="commentary"> 
         <note target="# #"> 
            <num></num> 
            <hi rend="italic"> </hi> 
         </note> 
      </div> --> 

         <listBibl type="editionsBibliography">
            <bibl xml:id="Corsi1970">
               Giuseppe Corsi, <hi rend="italic">Poesie musicali del Trecento</hi>, Bologna, Commissione per i testi di lingua, 1970 (Collezione di opere inedite o rare, 131)
            </bibl>

            <bibl xml:id="Fantini2021">
               S. M. Fantini, <hi rend="italic"> Il codice F-PN6771 (Reina): contenuto, struttura, generi</hi>, tesi di dottorato, Università di Siena, 2021
            </bibl>
         </listBibl>
      </back>
   </text>
</TEI>
