<?xml version="1.0" encoding="UTF-8"?>
<?xml-model href="http://www.tei-c.org/release/xml/tei/custom/schema/relaxng/tei_all.rng" type="application/xml" schematypens="http://relaxng.org/ns/structure/1.0"?>
<?xml-model href="http://www.tei-c.org/release/xml/tei/custom/schema/relaxng/tei_all.rng" type="application/xml"
	schematypens="http://purl.oclc.org/dsdl/schematron"?>
<TEI xmlns="http://www.tei-c.org/ns/1.0">
   <teiHeader>
      <fileDesc>
         <titleStmt>
            <title>Pescando in aqua dolce presso un’isola</title>
            <!--<author><ref target="X"></ref></author>-->
            <respStmt>
               <resp>Digital scholarly edition created within the ERC</resp>
               <orgName><ref target="https://www.europeanarsnova.eu/">European Ars Nova</ref>
                  project.</orgName>
            </respStmt>
            <respStmt>
               <resp>Edited by</resp>
               <name>Maria Sofia Lannutti</name>
            </respStmt>
            <respStmt>
               <resp>Revised by</resp>
               <name>Luca Gatti</name>
            </respStmt>
            <respStmt>
               <resp>TEI-encoded by</resp>
               <name>Elvira Mercatanti</name>
            </respStmt>
         </titleStmt>
         <publicationStmt>
            <p/>
            <!--publisher>Edizioni del Galluzzo</publisher>
            <pubPlace>Firenze, Italia</pubPlace>
            <date>2021</date>
            <availability>
               <p>L'edizione è disponibile su licenza.</p>
            </availability>            
            <idno type="ISBN">ISBN</idno>
            <idno type="DOI">DOI</idno>
            <idno type="URI">permalink della scheda ANT</idno-->
         </publicationStmt>
         <sourceDesc>
            <p/>
         </sourceDesc>
      </fileDesc>
      <encodingDesc>
         <variantEncoding method="double-end-point" location="internal"/>
      </encodingDesc>
   </teiHeader>
   <text>
      <!--<front> 
         <div> 
            <p>
               Aggiungi qui l'INTRODUZIONE (se presente). Suddividila in paragrafi (<p>)
               e marca i corsivi (<hi rend="italic"> </hi> )
            </p> 
         </div>         
      </front> -->
      <body>
         <lg>
            <l xml:id="l1"> Pescando in aqua dolce presso un’isola, </l>
            <l xml:id="l2"> donna si mosse, e cum viso magnanimo, </l>
            <l xml:id="l3"> <anchor xml:id="l3a1"/>nela rete<anchor xml:id="l3a2"/> d’amor ligomi l’animo.</l>
            <l xml:id="l4"> Negli ochi suoi parea la stella lucida</l>
            <l xml:id="l5" n="5"> che nel’aurora è aveça respiendere:</l>
            <l xml:id="l6"> poder non ebi algun di me defendere. </l>
         </lg>
         <lg>
            <l xml:id="l7"> Basòmi, sendo tuto fredo e palido,</l>
            <l xml:id="l8"> ma più di fuoco alor diveni <anchor xml:id="l8a1"/>calido<anchor xml:id="l8a2"/>. </l>
         </lg>
      </body>



      <back>
         <listWit>
            <witness xml:id="Rs">
               <ref type="siglum" target="#Rs">Rs</ref>  
               c. 25r, <abbr xml:id="RsC">C</abbr> (vv. 1-3 e 7), <abbr xml:id="RsT">T</abbr> (vv. 1-3 e 7), <hi rend="italic"> resid.</hi> (vv. 4-6 e 8) </witness>
         </listWit>


         <listApp type="substantial">
            <listApp>
               <head>3</head>
               <app from="#l3a1" to="#l3a2">
                  <lem>nela rete</lem>
                  <rdg> nella retta <wit><ref corresp="#RsT"> Rs<hi rend="super">T</hi></ref></wit></rdg>
               </app>
            </listApp>
            
            <listApp>
               <head>8</head>
               <app from="#l8a1" to="l8a2">
                  <lem>calido</lem>
                  <rdg wit="#Rs"> callido</rdg>
               </app>               
            </listApp>
         </listApp>



         <!--<listApp type="formal">
                   
         </listApp> -->


         <div type="metricalScheme">
            <p>Madrigale 10’’a 10’’b 10’’b, 10’’c 10’’d 10’’d; 10’’e 10’’e.</p>
            <p><hi rend="italic"> Capovilla </hi> XLVIII </p>
            <p>Rima inclusiva ai vv. 2 : 3.</p>
         </div>


         <listBibl type="editions">
            
            <bibl corresp="#Mischiati1966">Mischiati 1966, p. 73;</bibl>
            
            <bibl corresp="#Pirrotta1992">Pirrotta 1992, p. 36;</bibl>

            <bibl corresp="#Sucato2003">Sucato 2003, p. 85.</bibl>
         </listBibl>


         <!--<listBibl type="bibliography">
            <bibl corresp="#">
            </bibl>
         </listBibl>-->


         <div type="commentary">
            <note target="#l5">
               <num>5.</num>
               <p>A favore di un andamento più regolare nella scansione accentuativa del verso, al suo interno si potranno supporre sineresi (<hi rend="italic">aurora è aveça</hi>) e dialefe (<hi rend="italic">respïendere</hi>).</p>
            </note>
            
            <note target="#l8">
               <num>8.</num>
               <p><hi rend="italic"> calido</hi>: ‘caldo’, la forma <hi rend="italic">callido</hi> è ipercorretta.</p>
               
            </note>
         </div>


         <listBibl type="editionsBibliography">
            <bibl xml:id="Mischiati1966"> O. Mischiati, <hi rend="italic">Uno sconosciuto frammento appartenente al codice Vaticano Rossi 215</hi>, «Rivista italiana di musicologia», 1 (1966), pp. 68-76</bibl>

            <bibl xml:id="Pirrotta1992"> N. Pirrotta, <hi rend="italic">Il codice Rossi 215 della Biblioteca Apostolica Vaticana. Con i frammenti della fondazione Opera pia don Giuseppe Greggiati di Ostiglia</hi>, Lucca, LIM, 1992 </bibl>
            
            <bibl xml:id="Sucato2003"> Tiziana Sucato, <hi rend="italic">Il codice rossiano 215. Madrigali, ballate, una caccia, un rotondello</hi>, Pisa, ETS, 2003 («Diverse voci...» 1) </bibl>
         </listBibl>
      </back>
   </text>
</TEI>
