<?xml version="1.0" encoding="UTF-8"?>
<?xml-model href="http://www.tei-c.org/release/xml/tei/custom/schema/relaxng/tei_all.rng" type="application/xml" schematypens="http://relaxng.org/ns/structure/1.0"?>
<?xml-model href="http://www.tei-c.org/release/xml/tei/custom/schema/relaxng/tei_all.rng" type="application/xml"
	schematypens="http://purl.oclc.org/dsdl/schematron"?>
<TEI xmlns="http://www.tei-c.org/ns/1.0">
    <teiHeader>
        <fileDesc>
            <titleStmt>
                <title>Plus liés des liés, plus joieux et plus gay</title>
                <respStmt>
                    <resp>Digital scholarly edition created within the </resp>
                    <orgName><ref target="https://www.europeanarsnova.eu/">European Ars Nova</ref> ERC project.</orgName>
                </respStmt>
                <respStmt>
                    <resp>Edited by</resp>
                    <name>Maria Sofia Lannutti</name>
                </respStmt>
                <respStmt>
                    <resp>Revised by</resp>
                    <name>Luca Gatti</name>
                </respStmt>
                <respStmt>
                    <resp>TEI-encoded by</resp>
                    <name>Carla Congiu</name>
                </respStmt>
            </titleStmt>
            <publicationStmt>
                <p></p>
                <!--publisher>Edizioni del Galluzzo</publisher>
            <pubPlace>Firenze, Italia</pubPlace>
            <date>2021</date>
            <availability>
               <p>L'edizione è disponibile su licenza.</p>
            </availability>            
            <idno type="ISBN">ISBN</idno>
            <idno type="DOI">DOI</idno>
            <idno type="URI">permalink della scheda ANT</idno-->
            </publicationStmt>
            <sourceDesc>
                <p></p>
            </sourceDesc>
        </fileDesc>
        <encodingDesc>
            <variantEncoding method="double-end-point" location="internal"/>
        </encodingDesc>
    </teiHeader>
    <text>
        <!--front>
            <div>
                <p>
                </p>
            </div>         
        </front-->
        <body>
            <lg>
                <l xml:id="l1">
                    Plus liés des liés, plus joieux et plus gay
                </l>
                <l xml:id="l2">
                    doye bien estre a fin amour servir,
                </l>
                <l xml:id="l3">
                    cherir, cremir, doubter et obeïr
                </l>
                <l xml:id="l4">
                    a tous jours mes de corps et de cuer <anchor xml:id="l4a1"/><supplied>[vray]</supplied><anchor xml:id="l4a2"/>,
                </l>
            </lg>
            <lg>                
                <l xml:id="l5" n="5">
                    car la douchour, que dedens mon cuer ay,
                </l>
                <l xml:id="l6">
                    m’aprent et vuet que dïe sans fenir:
                </l>
                <l xml:id="l7">
                    <hi rend="italic">plus liés <supplied xml:id="suppl1">[des liés, plus joieux et plus gay</supplied></hi>
                </l>
                <l xml:id="l8">
                    <hi rend="italic"><supplied xml:id="suppl2">doye bien estre a fin amour servir.]</supplied></hi>
                </l>
                <l xml:id="l9">
                    <supplied>[…]</supplied>
                </l>
                <l xml:id="l10" n="10">
                    <supplied>[…]</supplied>
                </l>
                <l xml:id="l11">
                    <supplied>[…]</supplied>
                </l>
                <l xml:id="l12">
                    <supplied>[…]</supplied>
                </l>
                <l xml:id="l13">
                    <hi rend="italic"><supplied xml:id="suppl3">[Plus liés des liés, plus joieux et plus gay</supplied></hi>
                </l>
                <l xml:id="l14">
                    <hi rend="italic"><supplied xml:id="suppl4">doye bien estre a fin amour servir.</supplied></hi>
                </l>
                <l xml:id="l15" n="15">
                    <hi rend="italic"><supplied xml:id="suppl5">Cherir, cremir, doubter et obeïr</supplied></hi>
                </l>
                <l xml:id="l16">
                    <hi rend="italic"><supplied xml:id="suppl6">a tous jours mes de corps et de cuer vray.]</supplied></hi>
                </l>
            </lg>
        </body>
        <back>
            <listWit>
                <witness xml:id="MoA">
                    <ref type="siglum" target="#MoA">MoA</ref>
                    c. <locus>24r</locus>, <abbr xml:id="MoAC">C</abbr> (vv. 1-4), <hi rend="italic">resid. </hi>(vv. 5-6): [c. 23v: <hi rend="italic">de perusio</hi>]
                </witness>
            </listWit>
            <listApp type="substantial">
                <listApp>
                    <head>4</head>
                    <app from="#l4a1" to="#l4a2">
                        <lem>vray</lem>
                        <rdg wit="#MoA"></rdg>
                    </app>
                </listApp>
            </listApp>
            <!--listApp type="formal">
            </listApp-->
            <div type="metricalScheme">
                <p><hi rend="italic">Rondeau</hi> 10A 10B 10B 10A; 10a 10b, 10A 10B; [10a 10b 10b 10a]; 10A 10B 10B 10A.</p>
            </div>
            <listBibl type="editions">
                <bibl corresp="#Apel-Rosenberg1970">
                    Apel-Rosenberg 1970, p. <hi rend="small-caps">LXI</hi>.
                </bibl>
            </listBibl>
            <div type="commentary">
                <note target="#l4">
                    <num>4.</num>
                    <hi rend="italic">vray</hi>: l’integrazione è già in Apel-Rosenberg 1970.
                </note>
            </div>
            <listBibl type="editionsBibliography">
                <bibl xml:id="Apel-Rosenberg1970">
                    <hi rend="italic">French Secular Compositions of the Fourteenth Century, </hi>I. <hi rend="italic">Ascribed Compositions</hi>, ed. by W. Apel. Edition of the literary texts by S. N. Rosenberg., Roma, AIM, 1970 (CMM, 53/1)
                </bibl>
            </listBibl>
        </back>
    </text>
</TEI>