<?xml version="1.0" encoding="UTF-8"?>
<?xml-model href="http://www.tei-c.org/release/xml/tei/custom/schema/relaxng/tei_all.rng" type="application/xml" schematypens="http://relaxng.org/ns/structure/1.0"?>
<?xml-model href="http://www.tei-c.org/release/xml/tei/custom/schema/relaxng/tei_all.rng" type="application/xml"
	schematypens="http://purl.oclc.org/dsdl/schematron"?>
<TEI xmlns="http://www.tei-c.org/ns/1.0">
   <teiHeader>
      <fileDesc>
         <titleStmt>
            <title>Pour Dieu vous pri, haulte dame de honour</title>
            <respStmt>
               <resp>Digital scholarly edition created within the ERC</resp>
               <orgName><ref target="https://www.europeanarsnova.eu/">European Ars Nova</ref> project.</orgName>
            </respStmt>
            <respStmt>
                <resp>Edited by</resp>
                <name>Maria Sofia Lannutti</name> 
            </respStmt>
            <respStmt>
                <resp>Revised by</resp>
                <name>Luca Gatti</name>
            </respStmt>
             <respStmt>
                <resp>TEI-encoded by</resp>
                <name>Letizia Ricci</name>
            </respStmt>
         </titleStmt>
         <publicationStmt>
            <p></p>
            <!--publisher>Edizioni del Galluzzo</publisher>
            <pubPlace>Firenze, Italia</pubPlace>
            <date>2021</date>
            <availability>
               <p>L'edizione è disponibile su licenza.</p>
            </availability>
            <idno type="ISBN">ISBN</idno>
            <idno type="DOI">DOI</idno>
            <idno type="URI">permalink della scheda ANT</idno-->
         </publicationStmt>
         <sourceDesc>
            <p></p>
         </sourceDesc>
      </fileDesc>
      <encodingDesc>
         <variantEncoding method="double-end-point" location="internal"/>
      </encodingDesc>
   </teiHeader>
    <text>
        <!-- <front>
            <div>
            </div>
        </front> -->
      <body>
         <lg>
            <l xml:id="l1">
                Pour Dieu vous pri, haulte dame de honour,
            </l>
            <l xml:id="l2">
                enginer ne me vueiliés ne trufer,
            </l>
            <l xml:id="l3">
                ne vostre foy ne me vueiliés fauser,
            </l>
            <l xml:id="l4">
                par nul mauldit <anchor xml:id="l4a1"/>de mesdisan[t] traiteur<anchor xml:id="l4a2"/>,
            </l>
        </lg>
        <lg>
            <l xml:id="l5" n="5">
                quar sa nature est de haster nuit et <anchor xml:id="l5a1"/>jour<anchor xml:id="l5a2"/>
            </l>
            <l xml:id="l6">
                e tous maudir, sans verité trover.
            </l>
            <l xml:id="l7">
                <hi rend="italic">Pour Dieu vous pri, haulte dame [d’honour,</hi>
            </l>
            <l xml:id="l8">
                <hi rend="italic">enginer ne me vueiliés ne trufer],</hi>
            </l>
            <l xml:id="l9">
                pour <anchor xml:id="l9a1"/>c’amer<anchor xml:id="l9a2"/> me vueiliés de droit amour,
            </l>
            <l xml:id="l10" n="10">
                car loyaulment vous ayme et vueil amer.
            </l>
            <l xml:id="l11">
                Des mesdisans plus ne vueiliés fïer:
            </l>
            <l xml:id="l12">
                que jus taillié leur soit le chief du courps!
            </l>
            <l xml:id="l13">
                <hi rend="italic">Pour Dieu vous pri, haulte dame de honour,</hi>
            </l>
            <l xml:id="l14">
                <hi rend="italic">enginer ne me vueiliés ne trufer,</hi>
            </l>
            <l xml:id="l15" n="15">
                <hi rend="italic">ne vostre foy ne me vueiliés fauser,	</hi>
            </l>
            <l xml:id="l16">
                <hi rend="italic">par nul mauldit de mesdisan[t] traiteur.</hi>
            </l>
        </lg>
      </body>
      <back>
         <listWit>
            <witness xml:id="MoA">
                <ref type="siglum" target="#MoA">MoA</ref>
                c. <locus>42r</locus>, <abbr xml:id="MoAC">C</abbr> (vv. 1-4), <hi rend="italic">resid.</hi>(vv. 5-16): <hi rend="italic">m(attheus) de p(er)usio</hi>
            </witness>
         </listWit>
         <listApp type="substantial">
            <listApp>
                <head>4</head>
                <app from="#l4a1" to="#l4a2">
                    <lem>de mesdisant traiteur</lem>
                    <rdg wit="#MoA">des mesdisans traiteurs </rdg>
                </app>
            </listApp>
            <listApp>
                <head>5</head>
                <app from="#l5a1" to="#l5a2">
                    <lem>jour</lem>
                    <rdg wit="#MoA">jours </rdg>
                </app>
            </listApp>
            <listApp>
                <head>9</head>
                <app from="#l9a1" to="#l9a2">
                    <lem>c’amer</lem>
                    <rdg wit="#MoA">ce amer </rdg>
                </app>
            </listApp>
         </listApp>
         <div type="metricalScheme">
            <p>
                <hi rend="italic">Rondeau</hi> 10A 10B 10B 10A; 10a 10b, 10A 10B; 10a 10b 10b 10a; 10A 10B 10B 10A.
            </p>
         </div>
         <listBibl type="editions">
            <bibl corresp="#Apel-Rosenberg1970">
                Apel-Rosenberg 1970, p. <hi rend="small-caps">LIX</hi>.
            </bibl>
         </listBibl>
         <!--listBibl type="bibliography">
            <bibl>
               <relatedItem>
                  <bibl>Riferimento bibliografico completo</bibl>
               </relatedItem>
            </bibl>
         </listBibl-->
          <div type="commentary">
            <note target="#l4">
                <num>4.</num>
                <p><hi rend="italic">de mesdisant traiteur</hi>: il singolare è confermato dal sa al verso successivo.</p>
            </note>
            <note target="#l12">
                <num>12.</num>
                <p><hi rend="italic">courps</hi>: il rimante introduce una rima imperfetta, cfr. <hi rend="italic">Dame souvrayne de beauté, d’onour</hi>.</p>
            </note>
         </div> 
         <listBibl type="editionsBibliography">
            <bibl xml:id="Apel-Rosenberg1970">
                <hi rend="italic">French Secular Compositions of the Fourteenth Century: Vol. I, Ascribed Compositions</hi>, ed. by W. Apel, edition of the literary texts by S. N. Rosenberg, Roma, American Institute of Musicology, 1970 (CMM, 53/1)
            </bibl>
         </listBibl>
      </back>
   </text>
</TEI>
