<?xml version="1.0" encoding="UTF-8"?>
<?xml-model href="http://www.tei-c.org/release/xml/tei/custom/schema/relaxng/tei_all.rng" type="application/xml" schematypens="http://relaxng.org/ns/structure/1.0"?>
<?xml-model href="http://www.tei-c.org/release/xml/tei/custom/schema/relaxng/tei_all.rng" type="application/xml"
	schematypens="http://purl.oclc.org/dsdl/schematron"?>
<TEI xmlns="http://www.tei-c.org/ns/1.0">
   <teiHeader>
      <fileDesc>
         <titleStmt>
            <title>Puisque je sui, pour loyaulté tenir</title>
            <respStmt>
               <resp>Digital scholarly edition created within the ERC</resp>
               <orgName><ref target="https://www.europeanarsnova.eu/">European Ars Nova</ref> project.</orgName>
            </respStmt>
            <respStmt>
                <resp>Edited by</resp>
                <name>Maria Sofia Lannutti</name> 
            </respStmt>
            <respStmt>
                <resp>Revised by</resp>
                <name>Luca Gatti</name>
            </respStmt>
             <respStmt>
                <resp>TEI-encoded by</resp>
                <name>Letizia Ricci</name>
            </respStmt>
         </titleStmt>
         <publicationStmt>
            <p></p>
            <!--publisher>Edizioni del Galluzzo</publisher>
            <pubPlace>Firenze, Italia</pubPlace>
            <date>2021</date>
            <availability>
               <p>L'edizione è disponibile su licenza.</p>
            </availability>
            <idno type="ISBN">ISBN</idno>
            <idno type="DOI">DOI</idno>
            <idno type="URI">permalink della scheda ANT</idno-->
         </publicationStmt>
         <sourceDesc>
            <p></p>
         </sourceDesc>
      </fileDesc>
      <encodingDesc>
         <variantEncoding method="double-end-point" location="internal"/>
      </encodingDesc>
   </teiHeader>
    <text>
        <!-- <front>
            <div>
            </div>
        </front> -->
      <body>
         <lg>
            <l xml:id="l1">
                Puisque je sui, pour loyaulté tenir
            </l>
            <l xml:id="l2">
                et pour amer de vray cuer et servir,
            </l>
            <l xml:id="l3">
                hors de celle que j’ay loingtemps querie
            </l>
            <l xml:id="l4">
                et qu’ainsi m’est, par son vueil, anemie,
            </l>
            <l xml:id="l5" n="5">
                onques n’aura de moy nul sovenir.
            </l>
        </lg>
        <lg>
            <l xml:id="l6">
                Plaindre me puis assés plus que joïr,
            </l>
            <l xml:id="l7">
                car son dangier bien me fessoit veïr
            </l>
            <l xml:id="l8">
                ce que je voy en sa ciere peu lie.
            </l>
            <l xml:id="l9">
                Mes nul ne fu si sage, a mon sentir,
            </l>
            <l xml:id="l10" n="10">
                que son parler et son doulz acolir
            </l>
            <l xml:id="l11">
                ne deceüst, por qu’il faut que mauldie
            </l>
            <l xml:id="l12">
                le moment, <anchor xml:id="l12a1"/>l’heur<anchor xml:id="l12a2"/>, le lieu et le venir
            </l>
            <l xml:id="l13">
                de celui jour, quant primierment choisir
            </l>
            <l xml:id="l14">
                Fortune fist a mes eulx tel amie.
            </l>
            <l xml:id="l15" n="15">
                Ses beautés sont mesdire, orgueil, <anchor xml:id="l15a1"/>envie<anchor xml:id="l15a2"/>,
            </l>
            <l xml:id="l16">
                d’elle ne quier je point grace merir.
            </l>
        </lg>
      </body>
      <back>
         <listWit>
            <witness xml:id="MoA">
                <ref type="siglum" target="#MoA">MoA</ref>
                c. <locus>44v-45r</locus>, <abbr xml:id="MoAC">C</abbr> (vv. 1-11), <hi rend="italic">resid.</hi>(vv. 12-16): <hi rend="italic">idem [c. 42r m(attheus) de p(er)usio]</hi>
            </witness>
         </listWit>
         <listApp type="substantial">
            <listApp>
                <head>12</head>
                <app from="#l12a1" to="#l12a2">
                    <lem>l’heur</lem>
                    <rdg wit="#MoA">le heure </rdg>
                </app>
            </listApp>
            <listApp>
                <head>15</head>
                <app from="#l15a1" to="#l15a2">
                    <lem>envie</lem>
                    <rdg wit="#MoA">et envie </rdg>
                </app>
            </listApp>
        </listApp>
         <div type="metricalScheme">
            <p>
                <hi rend="italic">Virelai</hi> 10a 10a 10’b 10’b 10a; 10a 10a 10b, 10a 10a 10b; 10a 10a 10’b 10’b 10a.
            </p>
            <p>
                Rima derivativa ai vv. 4 : 14.
            </p>
         </div>
         <listBibl type="editions">
            <bibl corresp="#Apel-Rosenberg1970">
                Apel-Rosenberg 1970, p. <hi rend="small-caps">LIX</hi>.
            </bibl>
         </listBibl>
         <!--listBibl type="bibliography">
            <bibl>
               <relatedItem>
                  <bibl>Riferimento bibliografico completo</bibl>
               </relatedItem>
            </bibl>
         </listBibl-->
          <div type="commentary">
            <note target="#l7">
                <num>7.</num>
                <p><hi rend="italic">dangier</hi>: ‘orgoglio’.</p>
            </note>
         </div>
         <listBibl type="editionsBibliography">
            <bibl xml:id="Apel-Rosenberg1970">
                <hi rend="italic">French Secular Compositions of the Fourteenth Century: Vol. I, Ascribed Compositions</hi>, ed. by W. Apel, edition of the literary texts by S. N. Rosenberg, Roma, American Institute of Musicology, 1970 (CMM, 53/1)
            </bibl>
         </listBibl>
      </back>
   </text>
</TEI>
