<?xml version="1.0" encoding="UTF-8"?>
<?xml-model href="http://www.tei-c.org/release/xml/tei/custom/schema/relaxng/tei_all.rng" type="application/xml" schematypens="http://relaxng.org/ns/structure/1.0"?>
<?xml-model href="http://www.tei-c.org/release/xml/tei/custom/schema/relaxng/tei_all.rng" type="application/xml"
	schematypens="http://purl.oclc.org/dsdl/schematron"?>
<TEI xmlns="http://www.tei-c.org/ns/1.0">
   <teiHeader>
      <fileDesc>
         <titleStmt>
            <title>Qual novità cor duro ad amar move?</title>
            <respStmt>
               <resp>Digital scholarly edition created within the ERC</resp>
               <orgName><ref target="https://www.europeanarsnova.eu/">European Ars Nova</ref> project.</orgName>
            </respStmt>
            <respStmt>
                <resp>Edited by</resp>
                <name>Maria Sofia Lannutti</name> 
            </respStmt>
            <respStmt>
                <resp>Revised by</resp>
                <name>Luca Gatti</name>
            </respStmt>
             <respStmt>
                <resp>TEI-encoded by</resp>
                <name>Letizia Ricci</name>
            </respStmt>
         </titleStmt>
         <publicationStmt>
            <p></p>
            <!--publisher>Edizioni del Galluzzo</publisher>
            <pubPlace>Firenze, Italia</pubPlace>
            <date>2021</date>
            <availability>
               <p>L'edizione è disponibile su licenza.</p>
            </availability>            
            <idno type="ISBN">ISBN</idno>
            <idno type="DOI">DOI</idno>
            <idno type="URI">permalink della scheda ANT</idno-->
         </publicationStmt>
         <sourceDesc>
            <p></p>
         </sourceDesc>
      </fileDesc>
      <encodingDesc>
         <variantEncoding method="double-end-point" location="internal"/>
      </encodingDesc>
   </teiHeader>
    <text>
      <!-- <front>
         <div>
            <p>
            </p>
         </div>
      </front> -->
      <body>
         <lg>
            <l xml:id="l1">
                Qual novità cor duro ad amar move?
            </l>
        </lg>
        <lg>
            <l xml:id="l2">
                L’onesto render <anchor xml:id="l2a3"/>di salute, <anchor xml:id="l2a1"/>acceso<anchor xml:id="l2a2"/>
            </l>
            <l xml:id="l3">
                <anchor xml:id="l3a1"/>d’amoroso parlare<anchor xml:id="l3a2"/>
            </l>
            <l xml:id="l4">
                con intelletto, et benigno guardare
            </l>
            <l xml:id="l5" n="5">
                da dolci raçi acceso.		
            </l>
            <l xml:id="l6">
                Cotal virtù <anchor xml:id="l6a1"/>sentir<supplied reason="illegible">[e]</supplied><anchor xml:id="l6a2"/> d’amor move.
            </l>
         </lg>
      </body>
      <back>
         <listWit>
            <witness xml:id="Sq">
                <ref type="siglum" target="#Sq">Sq</ref>
                c. <locus>111r</locus>, <abbr xml:id="SqC">C</abbr> (vv. 1-3), <abbr xml:id="SqT">T</abbr> (vv. 1-3), <hi rend="italic">resid.</hi> (vv. 4-6): <hi rend="italic">magister frater bartolinus de padua</hi>
            </witness>
            <witness xml:id="SL">
                <ref type="siglum" target="#SL">SL</ref>
                c. <locus>36v</locus>, <abbr xml:id="SLC">C</abbr> (vv. 1-3), <abbr xml:id="SLT">T</abbr> (vv. 1-3)
            </witness>
         </listWit>
         <listApp type="substantial">
            <listApp>
                <head>2</head>
                <app from="#l2a1" to="#l2a2">
                   <lem>acceso</lem>
                   <rdg wit="#SL">accio</rdg>
                </app>
                <app from="#l2a3" to="#l2a2">
                   <lem>di <hi rend="italic">salute acceso</hi></lem>
                   <rdg><gap reason="illegible" rend="ill."/> <wit><ref corresp="#SLT">SL<hi rend="super">T</hi></ref></wit></rdg>
                </app>
            </listApp>
            <listApp>
                <head>3</head>
                <app from="#l3a1" to="#l3a2">
                   <lem>d'<hi rend="italic">amoroso parlare</hi></lem>
                   <rdg><gap reason="illegible" rend="ill."/> <wit><ref corresp="#SLT">SL<hi rend="super">T</hi></ref></wit></rdg>
                </app>
            </listApp>
            <listApp>
                <head>6</head>
                <app from="#l6a1" to="#l6a2">
                    <lem>sentire</lem>
                    <rdg wit="#Sq #SL">sentir fa</rdg>
                </app>
            </listApp>
         </listApp>
         <div type="metricalScheme">
            <p>
                Ballata piccola 10’z; 10’a 6’b, 10’b 6’a; 10’z. 
            </p>
            <p>
                <hi rend="italic">Pagnotta</hi> 168 : 2.
            </p>
            <p>
                Rima identica ai vv. 1 : 6, 2 : 5.
            </p>
         </div>
         <listBibl type="editions">
            <bibl corresp="#Corsi1970">
                Corsi 1970, p. 255.
            </bibl>
         </listBibl>
         <!--listBibl type="bibliography">
            <bibl>
               <relatedItem>
                  <bibl>Riferimento bibliografico completo</bibl>
               </relatedItem>
            </bibl>
         </listBibl-->
         <div type="commentary">
            <note target="#l6">
               <num>6.</num>
               <p>‘Tali virtù fanno innamorare’.</p>
            </note>
         </div>
         <listBibl type="editionsBibliography">
            <bibl xml:id="Corsi1970">
                Giuseppe Corsi, <hi rend="italic">Poesie musicali del Trecento</hi>, Bologna, Commissione per i testi di lingua, 1970 (Collezione di opere inedite o rare, 131).
            </bibl>
         </listBibl>
      </back>
   </text>
</TEI>
