<?xml version="1.0" encoding="UTF-8"?>
<?xml-model href="http://www.tei-c.org/release/xml/tei/custom/schema/relaxng/tei_all.rng" type="application/xml" schematypens="http://relaxng.org/ns/structure/1.0"?>
<?xml-model href="http://www.tei-c.org/release/xml/tei/custom/schema/relaxng/tei_all.rng" type="application/xml"
	schematypens="http://purl.oclc.org/dsdl/schematron"?>
<TEI xmlns="http://www.tei-c.org/ns/1.0">
    <teiHeader>
        <fileDesc>
            <titleStmt>
                <title> Quando la stella pressʼ alʼalba spira</title>
                <!--<author><ref target="X"></ref></author>-->
                <respStmt>
                    <resp>Digital scholarly edition created within the ERC</resp>
                    <orgName><ref target="https://www.europeanarsnova.eu/">European Ars Nova</ref>
                        project.</orgName>
                </respStmt>
                <respStmt>
                    <resp>Edited by</resp>
                    <name>Maria Sofia Lannutti</name>
                </respStmt>
                <respStmt>
                    <resp>Revised by</resp>
                    <name>Luca Gatti</name>
                </respStmt>
                <respStmt>
                    <resp>TEI-encoded by</resp>
                    <name>Elvira Mercatanti</name>
                </respStmt>
            </titleStmt>
            <publicationStmt>
                <p/>
                <!--publisher>Edizioni del Galluzzo</publisher>
            <pubPlace>Firenze, Italia</pubPlace>
            <date>2021</date>
            <availability>
               <p>L'edizione è disponibile su licenza.</p>
            </availability>            
            <idno type="ISBN">ISBN</idno>
            <idno type="DOI">DOI</idno>
            <idno type="URI">permalink della scheda ANT</idno-->
            </publicationStmt>
            <sourceDesc>
                <p/>
            </sourceDesc>
        </fileDesc>
        <encodingDesc>
            <variantEncoding method="double-end-point" location="internal"/>
        </encodingDesc>
    </teiHeader>
    <text>
        <!--<front> 
         <div> 
            <p>
               Aggiungi qui l'INTRODUZIONE (se presente). Suddividila in paragrafi (<p>)
               e marca i corsivi (<hi rend="italic"> </hi> )
            </p> 
         </div>         
      </front> -->
        <body>
            <lg>
                <l xml:id="l1"> Quando la stella pressʼ alʼalba spira,</l>
                <l xml:id="l2"> il sol si mostra in verso lʼorïente,</l>
                <l xml:id="l3"> Amor gentil mʼaparse nella mente.</l>
            </lg>
            <lg>
                <l xml:id="l4"> La vaga donna col benigno aspetto</l>
                <l xml:id="l5" n="5"> tenëa nele braçça per diletto.</l>
            </lg>
            <lg>
                <l xml:id="l6"> Poi la coperse di perfetta luce,</l>
                <l xml:id="l7"> e del suo raggio li fece vestita</l>
                <l xml:id="l8"> vermiglio e bianco di color partita.</l>
            </lg>

            <lg>
                <l xml:id="l9"> Una ghirlanda ʼn sule treççe bionde</l>
                <l xml:id="l10"> di foglie verdi pose con le fronde.</l>

            </lg>

        </body>



        <back>
            <listWit>

                <witness xml:id="Fp">
                    <ref type="siglum" target="#Fp">Fp</ref> c. 54v, <abbr xml:id="FpC">C</abbr> (vv.
                    1-5), <abbr xml:id="FpT">T</abbr> (vv. 1-5), <hi rend="italic">resid.</hi>
                    (6-10): <hi rend="italic"> m(agister) giova(nni)</hi>
                </witness>

            </listWit>


            <!--<listApp type="substantial">
                

            </listApp>-->



            <!--<listApp type="formal">
                
            </listApp>-->


            <div type="metricalScheme">
                <p>Madrigale pluristrofico 10ʼa 10ʼb 10ʼb; 10ʼc 10ʼc. </p>
                <p><hi rend="italic">Capovilla</hi> XLIII.</p>
            </div>


            <listBibl type="editions">
                <bibl corresp="#Corsi1959"> Corsi 1959, p. 80;</bibl>
                <bibl corresp="#Corsi1970"> Corsi 1970, pp. 20-1;</bibl>
                <bibl corresp="#Zenari2004"> Zenari 2004, pp. 136-7.</bibl>

            </listBibl>


            <!--<listBibl type="bibliography">
            <bibl corresp="#">
            </bibl>
         </listBibl>-->


            <div type="commentary">
                <p>Il madrigale sembra risentire del primo capitolo e del primo sonetto della <hi rend="italic">Vita
                    nova, A ciascun’ alma presa e gentil core</hi>, col racconto della visione di Amore
                    che «ne le bracciʼ avea / madonna involta in un drappo dormendo» (vv. 10-11). Si
                    noti che lʼapparizione di Amore anche nel sonetto dantesco segue una perifrasi
                    temporale: «Già eran quasi che aterzate lʼore / del tempo che onne stella né
                    lucente, / quando mʼaparve Amor subitamente» (vv. 6-8).</p>

                <note target="#l7 #l8">
                    <num>7-8.</num>
                    <p><hi rend="italic"> li fece… partita</hi>: ʻle fece una veste drappeggiata di colore rosso e biancoʼ, forse ʻuna veste divisa in parti rosse e biancheʼ.</p>
                </note>
                
                <note target="#l7">
                    <num>7.</num>
                    <p><hi rend="italic"> vestita</hi>: participio pass. sostantivato vale ʻabito, vesteʼ</p>
                </note>

                <note target="#l8">
                    <num>8.</num>
                    <p><hi rend="italic"> partita</hi>: vale ʻripartitaʼ, quindi forse ʻdrappeggiataʼ.</p>
                </note>
            </div>


            <listBibl type="editionsBibliography">

                <bibl xml:id="Corsi1970"> Giuseppe Corsi, <hi rend="italic">Poesie musicali del
                        Trecento</hi>, Bologna, Commissione per i testi di lingua, 1970 (Collezione
                    di opere inedite o rare, 131) </bibl>

                <bibl xml:id="Corsi1959">Giuseppe Corsi, <hi rend="italic">Madrigali inediti</hi>,
                    in «Belfagor» XIV (1959), pp. 72-82</bibl>

                <bibl xml:id="Zenari2004"> Massimo Zenari, <hi rend="italic">Undici madrigali a
                        testimone unico del Panciatichiano 26 (Firenze, Biblioteca Nazionale
                        Centrale)</hi>, «Studi di filologia italiana», 57 (2004), pp. 131-60</bibl>

            </listBibl>
        </back>
    </text>
</TEI>
