<?xml version="1.0" encoding="UTF-8"?>
<?xml-model href="http://www.tei-c.org/release/xml/tei/custom/schema/relaxng/tei_all.rng" type="application/xml" schematypens="http://relaxng.org/ns/structure/1.0"?>
<?xml-model href="http://www.tei-c.org/release/xml/tei/custom/schema/relaxng/tei_all.rng" type="application/xml"
	schematypens="http://purl.oclc.org/dsdl/schematron"?>
<TEI xmlns="http://www.tei-c.org/ns/1.0">
   <teiHeader>
      <fileDesc>
         <titleStmt>
            <title>Quel degno di memoria si può dire</title>
            <respStmt>
               <resp>Digital scholarly edition created within the </resp>
               <orgName><ref target="https://www.europeanarsnova.eu/">European Ars Nova</ref> ERC project.</orgName>
            </respStmt>
            <respStmt>
               <resp>Edited by</resp>
               <name>Maria Sofia Lannutti</name>
            </respStmt>
            <respStmt>
               <resp>Revised by</resp>
               <name>Luca Gatti</name>
            </respStmt>
            <respStmt>
               <resp>TEI-encoded by</resp>
               <name>Carla Congiu</name>
            </respStmt>
         </titleStmt>
         <publicationStmt>
            <p></p>
            <!--publisher>Edizioni del Galluzzo</publisher>
            <pubPlace>Firenze, Italia</pubPlace>
            <date>2021</date>
            <availability>
               <p>L'edizione è disponibile su licenza.</p>
            </availability>            
            <idno type="ISBN">ISBN</idno>
            <idno type="DOI">DOI</idno>
            <idno type="URI">permalink della scheda ANT</idno-->
         </publicationStmt>
         <sourceDesc>
            <p></p>
         </sourceDesc>
      </fileDesc>
      <encodingDesc>
         <variantEncoding method="double-end-point" location="internal"/>
      </encodingDesc>
   </teiHeader>
   <text>
      <!--front>
         <div>
            <p>
           </p>
         </div>         
      </front-->
      <body>
        <lg>
            <l xml:id="l1">
		      <anchor xml:id="l1a1"/>Quel<anchor xml:id="l1a2"/> <anchor xml:id="l1a3"/>degno di<anchor xml:id="l1a4"/> memoria si <anchor xml:id="l1a5"/>può<anchor xml:id="l1a6"/> dire
	        </l>
            <l xml:id="l2">
		      che con <anchor xml:id="l2a1"/>virtù<anchor xml:id="l2a2"/> vuol <anchor xml:id="l2a3"/>suo<anchor xml:id="l2a4"/> vita finire.
	        </l>
        </lg>
        <lg>
            <l xml:id="l3">
		      <anchor xml:id="l3a1"/>Lasciando<anchor xml:id="l3a2"/> ’l <anchor xml:id="l3a3"/>viçio<anchor xml:id="l3a4"/> <anchor xml:id="l3a5"/>et<anchor xml:id="l3a6"/> operar virtute,
	        </l>
            <l xml:id="l4">
		      <anchor xml:id="l4a3"/>come<anchor xml:id="l4a4"/> chiar vede chi ben <anchor xml:id="l4a1"/>ver<anchor xml:id="l4a2"/> diparte,
	        </l>
            <l xml:id="l5" n="5">
              conduce <anchor xml:id="l5a1"/>l’uom<anchor xml:id="l5a2"/> a <anchor xml:id="l5a3"/>perfetta<anchor xml:id="l5a4"/> salute
	        </l>
            <l xml:id="l6">
		      <anchor xml:id="l6a1"/>et il<anchor xml:id="l6a2"/> corso del ciel la vita inparte,
	        </l>
            <l xml:id="l7">
		      sì come Apollo o sì co’ ’l fiero Marte
	        </l>
            <l xml:id="l8">
		      <anchor xml:id="l8a1"/>l’un<anchor xml:id="l8a2"/> ’l fa <anchor xml:id="l8a3"/>coll’altro<anchor xml:id="l8a4"/> in più <anchor xml:id="l8a5"/>pregio<anchor xml:id="l8a6"/> salire.
	        </l>
        </lg>
       </body>
      <back>
         <listWit>
            <witness xml:id="Sq">
               <ref type="siglum" target="#Sq">Sq</ref>
               cc. <locus>113v-114r</locus>, <abbr xml:id="SqC">C</abbr> (vv. 1-3), <abbr xml:id="SqT">T</abbr> (vv. 1-3), <hi rend="italic">resid</hi>. (vv. 4-6): <hi rend="italic">magister frater bartolinus de padua</hi>
            </witness>
            <witness xml:id="R">
               <ref type="siglum" target="#R">R</ref>
               c. <locus>43r</locus>, <abbr xml:id="RC">C</abbr> (vv. 1-3), <abbr xml:id="RT">T</abbr> (vv. 1-3), <hi rend="italic">resid</hi>. (vv. 4-6)
            </witness>
            <witness xml:id="SL">
                <ref type="siglum" target="#SL">SL</ref>
               cc. <locus>38v-39r</locus>: illegibile.
            </witness>
            </listWit>
           <listApp type="substantial">
               <listApp>
                 <head>1</head>
                 <app from="#l1a1" to="#l1a2">
                  <lem>Quel</lem>
                  <rdg wit="#R">uel</rdg>
                 </app>
               </listApp>
              <listApp>
               <head>4</head>
               <app from="#l4a1" to="#l4a2">
                  <lem>ver</lem>
                  <rdg wit="#R">el</rdg>
               </app>
               </listApp>
               <listApp>
                 <head>6</head>
                 <app from="#l6a1" to="#l6a2">
                  <lem>et il</lem>
                  <rdg wit="#R">possa l</rdg>
                 </app>
               </listApp>
               <listApp>
                 <head>8</head>
                 <app from="#l8a1" to="#l8a2">
                  <lem>l’un</lem>
                  <rdgGrp>
                    <rdg wit="#Sq">luno</rdg>
                    <rdg wit="#R">lumil</rdg>
                  </rdgGrp>
                 </app>
               </listApp>
           </listApp>
         <listApp type="formal">
            <listApp>
               <head>1</head>
               <app from="#l1a1" to="#l1a2">
                  <lem>Quel</lem>
                  <rdg wit="#Sq">quel quel</rdg>
                </app>
                <app from="#l1a3" to="#l1a4">
                  <lem>degno di</lem>
                  <rdg wit="#R">digno de</rdg>
                </app>
                <app from="#l1a5" to="#l1a6">
                  <lem>può</lem>
                  <rdg wit="#R">po <wit><ref target="#SqT">Sq<hi rend="super">T</hi></ref></wit></rdg>
                </app>
            </listApp>
            <listApp>
               <head>2</head>
               <app from="#l2a1" to="#l2a2">
                  <lem>virtù</lem>
                  <rdg>vertu <wit><ref target="#RT">R<hi rend="super">T</hi></ref></wit></rdg>
               </app>
               <app from="#l2a3" to="#l2a4">
                  <lem>suo</lem>
                  <rdg wit="#R">soa</rdg>
                </app>
            </listApp>
            <listApp>
               <head>3</head>
               <app from="#l3a1" to="#l3a2">
                  <lem>Lasciando</lem>
                  <rdg wit="#R">lassando</rdg>
               </app>
               <app from="#l3a3" to="#l3a4">
                  <lem>viçio</lem>
                  <rdg wit="#R">vitio</rdg>
               </app>
               <app from="#l3a5" to="#l3a6">
                  <lem>et</lem>
                  <rdg wit="#R">e</rdg>
               </app>
            </listApp>
            <listApp>
               <head>4</head>
               <app from="#l4a3" to="#l4a4">
                  <lem>come</lem>
                  <rdg wit="#R">como</rdg>
               </app>
               <app from="#l4a5" to="#l4a6">
                  <lem>ver</lem>
                  <rdg wit="#R">el</rdg>
               </app>
            </listApp>
            <listApp>
               <head>5</head>
               <app from="#l5a1" to="#l5a2">
                  <lem>l’uom</lem>
                  <rdg wit="#R">lomo</rdg>
               </app>
               <app from="#l5a3" to="#l5a4">
                  <lem>perfetta</lem>
                  <rdg wit="#R">perfecta</rdg>
               </app>
            </listApp>
            <listApp>
               <head>8</head>
               <app from="#l8a3" to="#l8a4">
                  <lem>coll’altro</lem>
                  <rdg wit="#R">colatro</rdg>
               </app>
               <app from="#l8a5" to="#l8a6">
                  <lem>pregio</lem>
                  <rdg wit="#R">presio</rdg>
               </app>
            </listApp>
         </listApp>
         <div type="metricalScheme">
            <p>Ballata minore 10’z 10’z; 10’a 10’b, 10’a 10’b; 10’b 10’z.</p> 
            <p><hi rend="italic">Pagnotta</hi> 111 : 169.</p>
            <p>Rima derivativa ai vv. 4 : 6.</p>
         </div>
         <listBibl type="editions">
            <bibl corresp="#Corsi1970">
               Corsi 1970, p. 255.
            </bibl>
         </listBibl>
         <div type="commentary">
            <note target="#l4">
               <num>4.</num>
               <hi rend="italic">diparte</hi>: ‘divide, distingue’.
            </note>
            <note target="#l6">
               <num>6.</num>
               <hi rend="italic">inparte</hi>: ‘accorda, concede’.
            </note>
            <note target="#l7 #l8">
               <num>7-8</num>
               Probabile allusione al cielo di Marte nella <hi rend="italic">Commedia</hi>, governato dalle Virtù, mentre Apollo è tradizionalmente identificato con il sole, che dissipa l’oscurità e quindi il vizio. Il v. 8 riprende il v. 3: lasciare il vizio e agire secondo virtù, insieme, accrescono il pregio.
            </note>
         </div>
         <listBibl type="editionsBibliography">
            <bibl xml:id="Corsi1970">
               Giuseppe Corsi, <hi rend="italic">Poesie musicali del Trecento</hi>, Bologna, Commissione per i testi di lingua, 1970 (Collezione di opere inedite o rare, 131)
            </bibl>
         </listBibl>
      </back>
   </text>
</TEI>
