<?xml version="1.0" encoding="UTF-8"?>
<?xml-model href="http://www.tei-c.org/release/xml/tei/custom/schema/relaxng/tei_all.rng" type="application/xml" schematypens="http://relaxng.org/ns/structure/1.0"?>
<?xml-model href="http://www.tei-c.org/release/xml/tei/custom/schema/relaxng/tei_all.rng" type="application/xml"
	schematypens="http://purl.oclc.org/dsdl/schematron"?>
<TEI xmlns="http://www.tei-c.org/ns/1.0">
   <teiHeader>
      <fileDesc>
         <titleStmt>
            <title>S’en loyaulment servir on puist merir</title>
            <respStmt>
               <resp>Digital scholarly edition created within the ERC</resp>
               <orgName><ref target="https://www.europeanarsnova.eu/">European Ars Nova</ref> project.</orgName>
            </respStmt>
            <respStmt>
                <resp>Edited by</resp>
                <name>Maria Sofia Lannutti</name> 
            </respStmt>
            <respStmt>
                <resp>Revised by</resp>
                <name>Luca Gatti</name>
            </respStmt>
             <respStmt>
                <resp>TEI-encoded by</resp>
                <name>Letizia Ricci</name>
            </respStmt>
         </titleStmt>
         <publicationStmt>
            <p></p>
            <!--publisher>Edizioni del Galluzzo</publisher>
            <pubPlace>Firenze, Italia</pubPlace>
            <date>2021</date>
            <availability>
               <p>L'edizione è disponibile su licenza.</p>
            </availability>
            <idno type="ISBN">ISBN</idno>
            <idno type="DOI">DOI</idno>
            <idno type="URI">permalink della scheda ANT</idno-->
         </publicationStmt>
         <sourceDesc>
            <p></p>
         </sourceDesc>
      </fileDesc>
      <encodingDesc>
         <variantEncoding method="double-end-point" location="internal"/>
      </encodingDesc>
   </teiHeader>
    <text>
        <!-- <front>
            <div>
            </div>
        </front> -->
      <body>
         <lg>
            <l xml:id="l1">
                <anchor xml:id="l1a1"/>S’e[n]<anchor xml:id="l1a2"/> loyaulment servir on puist merir
            </l>
            <l xml:id="l2">
                si tres <anchor xml:id="l2a1"/>hault<anchor xml:id="l2a2"/> don come le nom d’amy,
            </l>
            <l xml:id="l3">
                je seray cil que du tout, sans demy,
            </l>
            <l xml:id="l4">
                vostre suy et seray jusqu’ au morir.
            </l>
        </lg>
        <lg>
            <l xml:id="l5" n="5">
                Pour mal <anchor xml:id="l5a1"/>[que je en]<anchor xml:id="l5a2"/> aye a soufrir
            </l>
            <l xml:id="l6">
                ne m’en <anchor xml:id="l6a1"/>retray<anchor xml:id="l6a2"/>, belle, je vous afy.
            </l>
            <l xml:id="l7">
                <hi rend="italic"><anchor xml:id="l7a1"/>S’e[n<anchor xml:id="l7a2"/> loyaulment servir on puist merir</hi>
            </l>
            <l xml:id="l8">
                <hi rend="italic">si tres hault don come le nom d’amy,]</hi>
            </l>
            <l xml:id="l9">
                chiere dame, vueilliés <anchor xml:id="l9a1"/>don<anchor xml:id="l9a2"/> proveïr
            </l>
            <l xml:id="l10" n="10">
                a mon grief mal, que m’a si afebly
            </l>
            <l xml:id="l11">
                que je muir, se merci n’avés de my,
            </l>
            <l xml:id="l12">
                <anchor xml:id="l12a1"/>qu[e]<anchor xml:id="l12a2"/> plus vous aim que moy, c’est sans mentir:
            </l>
            <l xml:id="l13">
                <hi rend="italic"><anchor xml:id="l13a1"/>S’e[n<anchor xml:id="l13a2"/> loyaulment servir on puist merir</hi>
            </l>
            <l xml:id="l14">
                <hi rend="italic">si tres hault don come le nom d’amy,</hi>
            </l>
            <l xml:id="l15" n="15">
                <hi rend="italic">je seray cil que du tout, sans demy,</hi>
            </l>
            <l xml:id="l16">
                <hi rend="italic">vostre suy et seray jusqu’ au morir].</hi>
            </l>
        </lg>
      </body>
      <back>
         <listWit>
            <witness xml:id="MoA">
                <ref type="siglum" target="#MoA">MoA</ref>
                c. <locus>44v</locus>, <abbr xml:id="MoAC">C</abbr> (vv. 1-4), <hi rend="italic">resid.</hi>(vv. 5-16): <hi rend="italic">idem [c. 42r: m(attheus) de p(er)usio]</hi>
            </witness>
         </listWit>
         <listApp type="substantial">
            <listApp>
                <head>1</head>
                <app from="#l1a1" to="#l1a2">
                    <lem>S’en</lem>
                    <rdg wit="#MoA">Se pour </rdg>
                </app>
            </listApp>
            <listApp>
                <head>2</head>
                <app from="#l2a1" to="#l2a2">
                    <lem>hault</lem>
                    <rdg wit="#MoA">haulte </rdg>
                </app>
            </listApp>
            <listApp>
                <head>5</head>
                <app from="#l5a1" to="#l5a2">
                    <lem>que je en</lem>
                    <rdg wit="#MoA">ne </rdg>
                </app>
            </listApp>
            <listApp>
                <head>6</head>
                <app from="#l6a1" to="#l6a2">
                    <lem>retray</lem>
                    <rdg wit="#MoA">rethray </rdg>
                </app>
            </listApp>
            <listApp>
                <head>7</head>
                <app from="#l7a1" to="#l7a2">
                    <lem>S’en</lem>
                    <rdg wit="#MoA">Se pour </rdg>
                </app>
            </listApp>
            <listApp>
                <head>9</head>
                <app from="#l9a1" to="#l9a2">
                    <lem>don</lem>
                    <rdg wit="#MoA">y don </rdg>
                </app>
            </listApp>
            <listApp>
                <head>12</head>
                <app from="#l12a1" to="#l12a2">
                    <lem>que</lem>
                    <rdg wit="#MoA">quases </rdg>
                </app>
            </listApp>
            <listApp>
                <head>13</head>
                <app from="#l13a1" to="#l13a2">
                    <lem>S’en</lem>
                    <rdg wit="#MoA">Se pour </rdg>
                </app>
            </listApp>
        </listApp>
         <div type="metricalScheme">
            <p>
                <hi rend="italic">Rondeau</hi> 10A 10B 10B 10A; 10a 10b, 10A 10B; 10a 10b 10b 10a; 10A 10B 10B 10A.
            </p>
            <p>
                Rima ricca ai vv. 1 : 4 : 5, 2 : 3 : 11; rima franta ai vv. 3 : 11.
            </p>
         </div>
         <listBibl type="editions">
            <bibl corresp="#Apel-Rosenberg1970">
                Apel-Rosenberg 1970, p. <hi rend="small-caps">LXI</hi>.
            </bibl>
         </listBibl>
         <!--listBibl type="bibliography">
            <bibl>
               <relatedItem>
                  <bibl>Riferimento bibliografico completo</bibl>
               </relatedItem>
            </bibl>
         </listBibl-->
          <div type="commentary">
            <note target="#l1">
                <num>1.</num>
                <p><hi rend="italic">S’en</hi>: l’emendamento è necessario alla misura del verso. Per il valore di <hi rend="italic">en</hi>, che qui introduce un complemento di mezzo, cfr. DMF, s.v., § 4 b.</p>
            </note>
         </div>
         <listBibl type="editionsBibliography">
            <bibl xml:id="Apel-Rosenberg1970">
                <hi rend="italic">French Secular Compositions of the Fourteenth Century: Vol. I, Ascribed Compositions</hi>, ed. by W. Apel, edition of the literary texts by S. N. Rosenberg, Roma, American Institute of Musicology, 1970 (CMM, 53/1)
            </bibl>
         </listBibl>
      </back>
   </text>
</TEI>
