<?xml version="1.0" encoding="UTF-8"?>
<?xml-model href="http://www.tei-c.org/release/xml/tei/custom/schema/relaxng/tei_all.rng" type="application/xml" schematypens="http://relaxng.org/ns/structure/1.0"?>
<?xml-model href="http://www.tei-c.org/release/xml/tei/custom/schema/relaxng/tei_all.rng" type="application/xml"
	schematypens="http://purl.oclc.org/dsdl/schematron"?>
<TEI xmlns="http://www.tei-c.org/ns/1.0">
    <teiHeader>
        <fileDesc>
            <titleStmt>
                <title> Se cuer d’amant, par soy humilïer</title>
                <!--<author><ref target="X"></ref></author>-->
                <respStmt>
                    <resp>Digital scholarly edition created within the ERC</resp>
                    <orgName><ref target="https://www.europeanarsnova.eu/">European Ars Nova</ref>
                        project.</orgName>
                </respStmt>
                <respStmt>
                    <resp>Edited by</resp>
                    <name>Maria Sofia Lannutti</name> 
                </respStmt>
                <respStmt>
                    <resp>Revised by</resp>
                    <name>Luca Gatti</name>
                </respStmt>
                <respStmt>
                    <resp>TEI-encoded by</resp>
                    <name>Elvira Mercatanti</name>
                </respStmt>
            </titleStmt>
            <publicationStmt>
                <p/>
                <!--publisher>Edizioni del Galluzzo</publisher>
            <pubPlace>Firenze, Italia</pubPlace>
            <date>2021</date>
            <availability>
               <p>L'edizione è disponibile su licenza.</p>
            </availability>            
            <idno type="ISBN">ISBN</idno>
            <idno type="DOI">DOI</idno>
            <idno type="URI">permalink della scheda ANT</idno-->
            </publicationStmt>
            <sourceDesc>
                <p/>
            </sourceDesc>
        </fileDesc>
        <encodingDesc>
            <variantEncoding method="double-end-point" location="internal"/>
        </encodingDesc>
    </teiHeader>
    <text>
        <!--<front> 
         <div> 
            <p>
               Aggiungi qui l'INTRODUZIONE (se presente). Suddividila in paragrafi (<p>)
               e marca i corsivi (<hi rend="italic"> </hi> )
            </p> 
         </div>         
      </front> -->
        <body>
            <lg>
                <l xml:id="l1"> Se cuer d’amant, par soy humilïer,</l>
                <l xml:id="l2"> peut deservir merchy quant a mespris,</l>
                <l xml:id="l3"> il m’est avis que ma dame de pris</l>
                <l xml:id="l4"> me <anchor xml:id="l4a1"/>deveroit<anchor xml:id="l4a2"/> de mes maulx deslïer.</l>
            </lg>
            <lg>
                <l xml:id="l5" n="5"> <anchor xml:id="l5a1"/>E<supplied reason="illegible">[u]</supplied>vre<anchor xml:id="l5a2"/> ne fais fors merencolïer,</l>
                <l xml:id="l6"> mais nonporquant ne doy estre repris,</l>
                <l xml:id="l7"> <hi rend="italic"> se cuer <supplied xml:id="suppl1" reason="illegible">[d’amant, par soy humilïer,</supplied></hi></l>
                <l xml:id="l8"> <hi rend="italic"> <supplied xml:id="suppl2" corresp="#suppl1" reason="illegible">peut desservir merchy quant a mespris,]</supplied></hi></l>
                <l xml:id="l9"> car les plus grans voit on bien <anchor xml:id="l9a1"/>fol<supplied reason="illegible">[oi]</supplied>er<anchor xml:id="l9a2"/></l>
                <l xml:id="l10" n="10"> aucune fois, et tous les mieux apris,</l>
                <l xml:id="l11"> dont puisque n’ay esté que ung peu soupris,</l>
                <l xml:id="l12">je puis trop mieulx dire sans devïer:</l>
                <l xml:id="l13"><hi rend="italic"> se cuer <supplied xml:id="suppl3" reason="illegible">[d’amant, par soy humilïer,</supplied></hi></l>
                <l xml:id="l14"> <hi rend="italic"> <supplied xml:id="suppl4" corresp="#suppl3" reason="illegible">peut desservir merchy quant a mespris,</supplied></hi></l>
                <l xml:id="l15" n="15"> <hi rend="italic"> <supplied xml:id="suppl5" corresp="#suppl3" reason="illegible">il m’est avis que ma dame de pris</supplied></hi></l>
                <l xml:id="l16"> <supplied xml:id="suppl6" corresp="#suppl3" reason="illegible"> me deveroit de mes maulx deslier].</supplied></l>
            </lg>

        </body>



        <back>
            <listWit>
                <witness xml:id="Ox2">
                    <ref type="siglum" target="#Ox2">Ox2</ref>  c. 181v-182r [CLIXr-CLXv], <abbr xml:id="Ox2C">C</abbr> (vv. 1-4), <hi rend="italic">resid.</hi> (vv. 5-16):<hi rend="italic"> baudet cordier </hi>
                </witness>
            </listWit>


            <listApp type="substantial">
                <listApp>
                    <head>4</head>
                    <app from="#l4a1" to="#l4a2">
                        <lem>deveroit</lem>
                        <rdg wit="#Ox2"> devueroit</rdg>
                    </app>
                </listApp>
                
                <listApp>
                    <head>5</head>
                    <app from="#l5a1" to="#l5a2">
                        <lem>Euvre</lem>
                        <rdg wit="#Ox2"> enure </rdg>
                    </app>
                </listApp>
                
                <listApp> 
                    <head>9</head>
                    <app from="#l9a1" to="#l9a2">
                        <lem>foloier</lem>
                        <rdg wit="#Ox2"> folicer</rdg>
                    </app>
                </listApp>
            </listApp>



            <!--<listApp type="formal">
                
            </listApp>-->


            <div type="metricalScheme">
                <p><hi rend="italic">Rondeau</hi> 10A 10B 10B 10A; 10a 10b, 10A 10B; 10a 10b 10b 10a; 10A 10B 10B 10A.</p>
                <p>Rima identica ai vv. 1 : 7 : 13, 2 : 8 : 14, 3 : 15, rima derivativa e inclusiva ai vv. 2 : 3 : 6 : 8 : 10 : 14 : 15.</p>
            </div>


            <listBibl type="editions">                
                <bibl corresp="#Reaney1955"> Reaney 1955, p. <hi rend="small-caps">II</hi>.</bibl>
            </listBibl>
            
            
            <!--<listBibl type="bibliography">
            <bibl corresp="#">
            </bibl>
         </listBibl>-->
            
            
            <div type="commentary">
                <note target="#l2">
                    <num>2.</num>
                    <p>‘può meritare pietà quando ha commesso un errore’. </p>
                </note>   
                
                <note target="#l5">
                    <num>5.</num>
                    <p>‘Non faccio altro che essere triste’.</p>
                </note>
                
                <note target="#l6">
                    <num>6.</num>
                    <p><hi rend="italic"> repris</hi>: ‘biasimato’.</p>
                </note>
                
                <note target="#l11">
                    <num>11.</num>
                    <p><hi rend="italic">soupris</hi>:  ‘sedotto (da un’altra?)’.</p>
                </note>
            </div>
            
            
            <listBibl type="editionsBibliography">
                
                <bibl xml:id="Reaney1955"><hi rend="italic">Early Fifteenth-Century Music, I. Baude Cordier, Johannis Cesaris, Johannis
                    Carmen, Johannis Tapissier</hi>, ed. by G. Reaney, Roma, AIM, 1955 (CMM, 11/1)</bibl>
                
            </listBibl>
        </back>
    </text>
</TEI>
