<?xml version="1.0" encoding="UTF-8"?>
<?xml-model href="http://www.tei-c.org/release/xml/tei/custom/schema/relaxng/tei_all.rng" type="application/xml" schematypens="http://relaxng.org/ns/structure/1.0"?>
<?xml-model href="http://www.tei-c.org/release/xml/tei/custom/schema/relaxng/tei_all.rng" type="application/xml"
	schematypens="http://purl.oclc.org/dsdl/schematron"?>
<TEI xmlns="http://www.tei-c.org/ns/1.0">
    <teiHeader>
        <fileDesc>
            <titleStmt>
                <title> Se j’estoye aseuree</title>
                <!--<author><ref target="X"></ref></author>-->
                <respStmt>
                    <resp>Digital scholarly edition created within the ERC</resp>
                    <orgName><ref target="https://www.europeanarsnova.eu/">European Ars Nova</ref>
                        project.</orgName>
                </respStmt>
                <respStmt>
                    <resp>Edited by</resp>
                    <name>Alice Colantuoni</name> 
                </respStmt>
                <respStmt>
                    <resp>Revised by</resp>
                    <name>Luca Gatti</name>
                </respStmt>
                <respStmt>
                    <resp>TEI-encoded by</resp>
                    <name>Elvira Mercatanti</name>
                </respStmt>
            </titleStmt>
            <publicationStmt>
                <p/>
                <!--publisher>Edizioni del Galluzzo</publisher>
            <pubPlace>Firenze, Italia</pubPlace>
            <date>2021</date>
            <availability>
               <p>L'edizione è disponibile su licenza.</p>
            </availability>            
            <idno type="ISBN">ISBN</idno>
            <idno type="DOI">DOI</idno>
            <idno type="URI">permalink della scheda ANT</idno-->
            </publicationStmt>
            <sourceDesc>
                <p/>
            </sourceDesc>
        </fileDesc>
        <encodingDesc>
            <variantEncoding method="double-end-point" location="internal"/>
        </encodingDesc>
    </teiHeader>
    <text>
        <!--<front> 
         <div> 
            <p>
               Aggiungi qui l'INTRODUZIONE (se presente). Suddividila in paragrafi (<p>)
               e marca i corsivi (<hi rend="italic"> </hi> )
            </p> 
         </div>         
      </front> -->
        <body>
            <lg>
                <l xml:id="l1">Se j’estoye aseuree</l>
                <l xml:id="l2">que tant que j’avray duree</l>
                <l xml:id="l3">je demourai vostre amie,</l>
                <l xml:id="l4">ne me jugeroy ge mie</l>
                <l xml:id="l5" n="5">sur toutes bien ëuree?</l>
           </lg>
           <lg>
                <l xml:id="l6">Certainement si feroie,</l>
                <l xml:id="l7">n’autre bien je ne voudroye</l>
                <l xml:id="l8">en ce monde desirer,</l>
                <l xml:id="l9">que vous, qui estes la voye</l>
                <l xml:id="l10" n="10">de tenir mon cuer en joye</l>
                <l xml:id="l11">ou de le faire <anchor xml:id="l11a1"/>emp<supplied reason="illegible">[ire]</supplied>r<anchor xml:id="l11a2"/>;</l>
                <l xml:id="l12">car vo bonne rennomee</l>
                <l xml:id="l13">devers mon cuer enfermee</l>
                <l xml:id="l14">a vous amer si me lie</l>
                <l xml:id="l15" n="15">qu’<anchor xml:id="l15a1"/>on<supplied reason="illegible">[c]</supplied><anchor xml:id="l15a2"/> amoureuse si lïe</l>
                <l xml:id="l16">ne fu en ce monde nee.</l>
            </lg>
            
        </body>



        <back>
            <listWit>
                <witness xml:id="Ox2">
                    <ref type="siglum" target="#Ox2">Ox2</ref>  c. 82v, <abbr xml:id="Ox2C">C</abbr> (vv. 1-11), <hi rend="italic"> resid.</hi> (vv. 12-16): <hi rend="italic">haucourt</hi>                    
                </witness>
            </listWit>


            <listApp type="substantial">                
                <listApp>
                    <head>11</head>
                    <app from="#l11a1" to="#l11a2">
                        <lem>empirer</lem>
                        <rdg wit="#Ox2">empreer</rdg>
                    </app>
                </listApp>
                
                <listApp>
                    <head>15</head>
                    <app from="#l15a1" to="#l15a2">
                        <lem>onc</lem>
                        <rdg wit="#Ox2">onques</rdg>
                    </app>
                </listApp>
            </listApp>

            <!--<listApp type="formal">                
            </listApp>-->
            


            <div type="metricalScheme">
                <p><hi rend="italic">Virelai </hi> 7’a 7’a 7’b 7’b 7’a; 7’c 7’c 7d, 7’c 7’c 7d; 7’a 7’a 7’b 7’b 7’a.</p>
                <p>Rima ricca ai vv. 1 : 2 : 5, 6 : 7, 8 : 11, 12 : 13; rima inclusiva ai vv. 3 : 4; rima equivoca ai vv. 14 : 15.</p>
            </div>


            <listBibl type="editions">
                <bibl corresp="#Reaney1959">Reaney 1959, p. <hi rend="small-caps">LXVI</hi>.</bibl>
            </listBibl>


            <!--<listBibl type="bibliography">
            <bibl corresp="#">
            </bibl>
            </listBibl>-->


            <div type="commentary">
                <note target="#l12">
                    <num>12.</num>
                    <p><hi rend="italic">en bon point</hi>: ‘in buona forma’, ‘in salute’, cf. <hi rend="italic">DMF</hi> s.v. <hi rend="italic">point <hi rend="super">1</hi></hi>.</p>
                </note>
            </div>


            <listBibl type="editionsBibliography">
                <bibl xml:id="Reaney1959">Reaney 1959 <hi rend="italic">Early Fifteenth Century Music</hi>, edited by Gilbert Reaney, American Institute of Musicology, 1959 <hi rend="italic">(Corpus Mensurabilis Musicae 11/II)</hi>.</bibl>
            </listBibl>
        </back>
    </text>
</TEI>
