<?xml version="1.0" encoding="UTF-8"?>
<?xml-model href="http://www.tei-c.org/release/xml/tei/custom/schema/relaxng/tei_all.rng" type="application/xml" schematypens="http://relaxng.org/ns/structure/1.0"?>
<?xml-model href="http://www.tei-c.org/release/xml/tei/custom/schema/relaxng/tei_all.rng" type="application/xml"
	schematypens="http://purl.oclc.org/dsdl/schematron"?>
<TEI xmlns="http://www.tei-c.org/ns/1.0">
   <teiHeader>
      <fileDesc>
         <titleStmt>
            <title>Se non ti piaque in ingrat’ abitare</title>
            <respStmt>
               <resp>Digital scholarly edition created within the </resp>
               <orgName><ref target="https://www.europeanarsnova.eu/">European Ars Nova</ref> ERC project.</orgName>
            </respStmt>
            <respStmt>
               <resp>Edited by</resp>
               <name>Maria Sofia Lannutti</name>
            </respStmt>
            <respStmt>
               <resp>Revised by</resp>
               <name>Luca Gatti</name>
            </respStmt>
            <respStmt>
               <resp>TEI-encoded by</resp>
               <name>Carla Congiu</name>
            </respStmt>
         </titleStmt>
         <publicationStmt>
            <p></p>
            <!--publisher>Edizioni del Galluzzo</publisher>
            <pubPlace>Firenze, Italia</pubPlace>
            <date>2021</date>
            <availability>
               <p>L'edizione è disponibile su licenza.</p>
            </availability>            
            <idno type="ISBN">ISBN</idno>
            <idno type="DOI">DOI</idno>
            <idno type="URI">permalink della scheda ANT</idno-->
         </publicationStmt>
         <sourceDesc>
            <p></p>
         </sourceDesc>
      </fileDesc>
      <encodingDesc>
         <variantEncoding method="double-end-point" location="internal"/>
      </encodingDesc>
   </teiHeader>
   <text>
      <!--front>
         <div>
            <p>
           </p>
         </div>         
      </front-->
      <body>
        <lg>
            <l xml:id="l1">
		      Se non ti piaque <anchor xml:id="l1a3"/><anchor xml:id="l1a1"/>in<anchor xml:id="l1a2"/> ingrat’ abitare<anchor xml:id="l1a4"/>,
	        </l>
            <l xml:id="l2">
		      ’nanç’ al <anchor xml:id="l2a1"/>crear<anchor xml:id="l2a2"/> del mondo <anchor xml:id="l2a3"/>i<anchor xml:id="l2a4"/> qua’ <anchor xml:id="l2a5"/>dannasti<anchor xml:id="l2a6"/>,
	        </l>
            <l xml:id="l3">
		      <anchor xml:id="l3a3"/>Idio giusto, <anchor xml:id="l3a1"/>non basti<anchor xml:id="l3a2"/><anchor xml:id="l3a4"/>:
	        </l>
            <l xml:id="l4">
		      <anchor xml:id="l4a1"/>qua vegiam buon’ <anchor xml:id="l4a3"/>lor<anchor xml:id="l4a4"/> <anchor xml:id="l4a5"/>colpi<anchor xml:id="l4a6"/> <anchor xml:id="l4a7"/>sterminare<anchor xml:id="l4a8"/><anchor xml:id="l4a2"/>.
	        </l>
            <l xml:id="l5" n="5">
            <anchor xml:id="l5a1"/>Mundissimo<anchor xml:id="l5a2"/>, se sdegni <anchor xml:id="l5a3"/>e’ maculati<anchor xml:id="l5a4"/>
	        </l>
            <l xml:id="l6">
		      <anchor xml:id="l6a1"/>carmi<anchor xml:id="l6a2"/> superbi, <anchor xml:id="l6a3"/>ambiçiosi<anchor xml:id="l6a4"/> et <anchor xml:id="l6a5"/><supplied>[d]</supplied>iri<anchor xml:id="l6a6"/>,
	        </l>
            <l xml:id="l7">
		      mova i nostri sospiri
	        </l>
            <l xml:id="l8">
		      te a <anchor xml:id="l8a1"/>vendicar<anchor xml:id="l8a2"/> già l’onte d’isforçati.
	        </l>
        </lg>
        <lg>
            <l xml:id="l9">
		      <anchor xml:id="l9a1"/><anchor xml:id="l9a5"/>Chi falso monta<anchor xml:id="l9a6"/>, <anchor xml:id="l9a3"/>folminando<anchor xml:id="l9a4"/> <anchor xml:id="l9a7"/>piove<anchor xml:id="l9a8"/>,<anchor xml:id="l9a2"/>
	        </l>
            <l xml:id="l10" n="10">
		      chi tosto ’ngrassa tosto si disolve.
	        </l><anchor xml:id="l10a1"/>
        </lg>
       </body>
      <back>
         <listWit>
            <witness xml:id="Pit">
               <ref type="siglum" target="#Pit">Pit</ref>
               cc. <locus>35v-36r</locus>, <abbr xml:id="PitC">C</abbr> (vv. 1-4 e 9-10), <abbr xml:id="PitT">T</abbr> (vv. 1-4 e 9), <hi rend="italic">resid</hi>. (vv. 5-8): <hi rend="italic">do(n) paolo</hi>
            </witness>
            <witness xml:id="Lo">
               <ref type="siglum" target="#Lo">Lo</ref>
               cc. <locus>50v-51r</locus>, <abbr xml:id="LoC">C</abbr> (vv. 1-4 e 9), <abbr xml:id="LoT">T</abbr> (vv. 1-4 e 9), <hi rend="italic">resid</hi>. (vv. 5-8 e 10): <hi rend="italic">m(agister) didonpaghollo</hi>
            </witness>
            </listWit>
           <listApp type="substantial">
            <listApp>
               <listApp>
                 <head>1</head>
                 <app from="#l1a1" to="#l1a2">
                  <lem>in</lem>
                  <rdg><wit><ref target="#LoC">Lo<hi rend="super">C</hi></ref></wit></rdg>
                 </app>
                 <app from="#l1a3" to="#l1a4">
                  <lem>in ingrat’ abitare</lem>
                  <rdgGrp>
                     <rdg><wit><ref target="#LoC">Lo<hi rend="super">C</hi></ref></wit></rdg>
                     <rdg>iragia ta bi ta re <wit><ref target="#LoT">Lo<hi rend="super">T</hi></ref></wit></rdg>
                  </rdgGrp>  
                 </app>
               </listApp>
               <listApp>
                 <head>2</head>
                 <app from="#l2a1" to="#l2a2">
                  <lem>crear</lem>
                  <rdg>crar <wit><ref target="#LoC">Lo<hi rend="super">C</hi></ref></wit></rdg>
                 </app>
                 <app from="#l2a3" to="#l2a4">
                  <lem>i</lem>
                  <rdg>in <wit><ref target="#LoT">Lo<hi rend="super">T</hi></ref></wit></rdg>
                 </app>
               </listApp>
               <listApp>
                 <head>3</head>
                 <app from="#l3a1" to="#l3a2">
                  <lem>non basti</lem>
                  <rdg wit="#Lo">nbasti</rdg>
                 </app>
                 <app from="#l3a3" to="#l3a4">
                  <lem>Idio giusto, non basti</lem>
                  <rdg>mdio gusto no basti <wit><ref target="#LoT">Lo<hi rend="super">T</hi></ref></wit></rdg>
               </app>
               </listApp>
               <listApp>
                 <head>4</head>
                 <app from="#l4a1" to="#l4a2">
                  <lem>qua vegiam buon’ lor colpi sterminare</lem>
                  <rdg>qua vegian buon biachapi stermina a a a a a a le <wit><ref target="#LoT">Lo<hi rend="super">T</hi></ref></wit></rdg>
                 </app>
                 <app from="#l4a3" to="#l4a4">
                  <lem>lor</lem>
		  <rdg><add place="above">/olor/</add> <wit><ref target="#LoC">Lo<hi rend="super">C</hi></ref></wit></rdg>
                 </app>
                 <app from="#l4a5" to="#l4a6">
                  <lem>colpi</lem>
                  <rdg wit="#Pit">corpi</rdg>
                 </app>
               </listApp>
               <listApp>
                 <head>6</head>
                 <app from="#l6a1" to="#l6a2">
                  <lem>carmi</lem>
                  <rdg wit="#Lo">chairay</rdg>
                 </app>
                 <app from="#l6a3" to="#l6a4">
                  <lem>ambiçiosi</lem>
                  <rdg wit="#Lo">abitiosi</rdg>
                 </app>
                 <app from="#l6a5" to="#l6a6">
                  <lem>diri</lem>
                  <rdg wit="#Pit #Lo">tiri</rdg>
               </app>
               </listApp>
               <listApp>
                 <head>8</head>
                 <app from="#l8a1" to="#l8a2">
                  <lem>vendicar</lem>
                  <rdg wit="#Lo">vendicare</rdg>
                 </app>
               </listApp>
               <listApp>
                 <head>9</head>
                 <app from="#l9a1" to="#l9a2">
                  <lem>Chi falso monta, folminando piove</lem>
			 <rdg>chifalsomonta <del rend="overstrike">‹chifalsomonta›</del> folminando pio <wit><ref target="#PitT">Lo<hi rend="super">T</hi></ref></wit></rdg>
                 </app>
                 <app from="#l9a3" to="#l9a4">
                  <lem>folminando</lem>
                  <rdgGrp>
                     <rdg>solminando <wit><ref target="#LoC">Lo<hi rend="super">C</hi></ref></wit></rdg>
                     <rdg>solmirando <wit><ref target="#LoT">Lo<hi rend="super">T</hi></ref></wit></rdg>
                  </rdgGrp>
               </app>
               </listApp>
               </listApp>
            </listApp>
         <listApp type="formal">
            <listApp>
               <head>2</head>
               <app from="#l2a5" to="#l2a6">
                  <lem>dannasti</lem>
                  <rdg>dana a a a a a a a a sti <wit><ref target="#LoT">Lo<hi rend="super">T</hi></ref></wit></rdg>
               </app>
            </listApp>
            <listApp>
               <head>4</head>
               <app from="#l4a7" to="#l4a8">
                  <lem>sterminare</lem>
                  <rdg wit="#Lo">stermina r r r r r r r r re</rdg>
               </app>
            </listApp>
            <listApp>
               <head>5</head>
               <app from="#l5a1" to="#l5a2">
                  <lem>Mundissimo</lem>
                  <rdg wit="#Lo">mondisimo</rdg>
               </app>
               <app from="#l5a3" to="#l5a4">
                  <lem>e’ maculati</lem>
                  <rdg wit="#Lo">i maculatti</rdg>
               </app>
            </listApp>
            <listApp>
               <head>9</head>
               <app from="#l9a5" to="#l9a6">
                  <lem>Chi falso monta</lem>
                  <rdg><hi rend="italic">rip.</hi> <wit><ref target="#LoT">Lo<hi rend="super">T</hi></ref></wit></rdg>
               </app>
               <app from="#l9a7" to="#l9a8">
                  <lem>piove</lem>
                  <rdg wit="#Lo">pio o o ve</rdg>
               </app>
            </listApp>
         </listApp>
         <div type="metricalScheme">
            <p>Madrigale 10’a 10’b 6’b 10’a, 10’c 10’d 6’d 10’c; 10’e 10’e.</p> 
            <p><hi rend="italic">Capovilla</hi> XXXII.</p>
            <p>Rima imperfetta (assonanza) ai vv. 9 : 10.</p>
            <p>Punti sottoscritti: v. 2 (<hi rend="italic">i</hi>) Pit; v. 3 (<hi rend="italic">Idio</hi>) Pit<hi rend="super">C</hi>; v. 7 (<hi rend="italic">i</hi>) Pit.</p>
            </div>
         <listBibl type="editions">
            <bibl corresp="#LiGotti1952">
               Li Gotti 1952, p. 602;
            </bibl>
            <bibl corresp="#Corsi1970">
               Corsi 1970, p. 271.
            </bibl>
         </listBibl>
         <div type="commentary">
            <note target="#l1">
               <num>1.</num>
               <hi rend="italic">ingrat’</hi>: è plurale (‘creature ingrate’), ripreso da <hi rend="italic">i qua’</hi> al verso successivo. Cfr. l’antonimo <hi rend="italic">buon’</hi> al v. 4. Ci si riferisce probabilmente agli angeli ribelli, dannati da Dio prima della creazione del mondo (Corsi).
            </note>
            <note target="#l2">
               <num>2.</num>
               <hi rend="italic">i qua’</hi>: si riferisce a <hi rend="italic">ingrat’</hi>.
            </note>
            <note target="#l6">
               <num>6.</num>
               <hi rend="italic">diri</hi>: ‘spietati’. L’emendamento è già in Li Gotti e Corsi.
            </note>
            <note target="#l7">
               <num>7.</num>
               <hi rend="italic">mova</hi>: il soggetto sono i <hi rend="italic">sospiri</hi>.
            </note>
            <note target="#l8">
               <num>8.</num>
               <hi rend="italic">isforçati</hi>: ‘violati, offesi con violenza’, cfr. <hi rend="italic">TLIO</hi> s.v. <hi rend="italic">sforzare</hi>, § 3. Ci si riferisce ai <hi rend="italic">buon’</hi> del v. 4.
            </note>
            <note target="#l9">
               <num>9.</num>
               <hi rend="italic">folminando</hi>: con significato traslato ‘in modo fulmineo’. Cfr. <hi rend="italic">TLIO</hi> s.v. <hi rend="italic">fulminare</hi>, § 1.2.
            </note>
         </div>
         <listBibl type="editionsBibliography">
            <bibl xml:id="LiGotti1952">
               E. Li Gotti, <hi rend="italic">Paolo tenorista, fiorentino "extra moenia"</hi>, in <hi rend="italic">Estudios dedicados a Menéndez Pidal</hi>, tomo III, Madrid, C.S.I.C., 1952, pp. 577-606
            </bibl>
            <bibl xml:id="Corsi1969">
               G. Corsi, <hi rend="italic">Rimatori del Trecento</hi>, Torino, UTET, 1969
            </bibl>
            <bibl xml:id="Corsi1970">
               Giuseppe Corsi, <hi rend="italic">Poesie musicali del Trecento</hi>, Bologna, Commissione per i testi di lingua, 1970 (Collezione di opere inedite o rare, 131)
            </bibl>
         </listBibl>
      </back>
   </text>
</TEI>
