<?xml version="1.0" encoding="UTF-8"?>
<?xml-model href="http://www.tei-c.org/release/xml/tei/custom/schema/relaxng/tei_all.rng" type="application/xml" schematypens="http://relaxng.org/ns/structure/1.0"?>
<?xml-model href="http://www.tei-c.org/release/xml/tei/custom/schema/relaxng/tei_all.rng" type="application/xml"
	schematypens="http://purl.oclc.org/dsdl/schematron"?>
<TEI xmlns="http://www.tei-c.org/ns/1.0">
   <teiHeader>
      <fileDesc>
         <titleStmt>
            <title>Sempre se trova in alta donna Amore</title>
            <respStmt>
               <resp>Digital scholarly edition created within the ERC</resp>
               <orgName><ref target="https://www.europeanarsnova.eu/">European Ars Nova</ref> project.</orgName>
            </respStmt>
            <respStmt>
                <resp>Edited by</resp>
                <name>Maria Sofia Lannutti</name> 
            </respStmt>
            <respStmt>
                <resp>Revised by</resp>
                <name>Luca Gatti</name>
            </respStmt>
             <respStmt>
                <resp>TEI-encoded by</resp>
                <name>Letizia Ricci</name>
            </respStmt>
         </titleStmt>
         <publicationStmt>
            <p></p>
            <!--publisher>Edizioni del Galluzzo</publisher>
            <pubPlace>Firenze, Italia</pubPlace>
            <date>2021</date>
            <availability>
               <p>L'edizione è disponibile su licenza.</p>
            </availability>            
            <idno type="ISBN">ISBN</idno>
            <idno type="DOI">DOI</idno>
            <idno type="URI">permalink della scheda ANT</idno-->
         </publicationStmt>
         <sourceDesc>
            <p></p>
         </sourceDesc>
      </fileDesc>
      <encodingDesc>
         <variantEncoding method="double-end-point" location="internal"/>
      </encodingDesc>
   </teiHeader>
    <text>
      <!-- <front>
         <div>
            <p>
            </p>
         </div>
      </front> -->
      <body>
         <lg>
            <l xml:id="l1">
                Sempre <anchor xml:id="l1a1"/>se<anchor xml:id="l1a2"/> trova in alta donna Amore,
            </l>
        </lg>
        <lg>
            <l xml:id="l2">
                né <anchor xml:id="l2a1"/>fo<anchor xml:id="l2a2"/> senza virtute né mai fia,
            </l>
            <l xml:id="l3">
                <anchor xml:id="l3a1"/>tanto è<anchor xml:id="l3a2"/> so gran poter <anchor xml:id="l3a3"/>e<anchor xml:id="l3a4"/> cortesia,
            </l>
            <l xml:id="l4">
                <anchor xml:id="l4a1"/>che <anchor xml:id="l4a3"/>merta<anchor xml:id="l4a4"/> ogn’ om che li serve de core.<anchor xml:id="l4a2"/>
            </l>
        </lg>
        <lg>
            <l xml:id="l5" n="5">
                <anchor xml:id="l5a1"/>Perch’ el se vede en ti quel ch’ora io canto<anchor xml:id="l5a2"/>,
            </l>
            <l xml:id="l6">
                <anchor xml:id="l6a5"/>madona<anchor xml:id="l6a6"/>, io <anchor xml:id="l6a1"/>deo<anchor xml:id="l6a2"/> sperar <anchor xml:id="l6a7"/>e<anchor xml:id="l6a8"/> spero <anchor xml:id="l6a3"/>el manto<anchor xml:id="l6a4"/>
            </l>
            <l xml:id="l7">
                che vest’ <anchor xml:id="l7a1"/>e<anchor xml:id="l7a2"/> copre ogni <anchor xml:id="l7a3"/>bon servitore<anchor xml:id="l7a4"/>.
            </l>
         </lg>
      </body>
      <back>
         <listWit>
            <witness xml:id="R">
                <ref type="siglum" target="#R">R</ref>
                c. <locus>15r</locus>, <abbr xml:id="RC">C</abbr> (vv. 1-2), <abbr xml:id="RT">T</abbr> (vv. 1-2), <hi rend="italic">resid.</hi> (vv. 3-7)
            </witness>
            <witness xml:id="Sq">
                <ref type="siglum" target="#Sq">Sq</ref>
                c. <locus>103r</locus>, <abbr xml:id="SqC">C</abbr> (vv. 1-2), <abbr xml:id="SqT">T</abbr> (vv. 1-2), <hi rend="italic">resid.</hi> (vv. 3 e 6-7): <hi rend="italic">magister frater bartolinus de padua</hi>
            </witness>
         </listWit>
         <listApp type="substantial">
            <listApp>
                <head>4</head>
                <app from="#l4a1" to="#l4a2">
                   <lem>che merta ogn’ om che li serve de core.</lem>
                   <rdg wit="#Sq"/>
                </app>
                <app from="#l4a3" to="#l4a4">
                    <lem>merta</lem>
                    <rdg wit="#R">merita</rdg>
                </app>
            </listApp>
            <listApp>
                <head>5</head>
                <app from="#l5a1" to="#l5a2">
                   <lem>Perch’ el se vede en ti quel ch’ora io canto</lem>
                   <rdg wit="#Sq">perche si vede in quel che ora canto</rdg>
                </app>
            </listApp>
            <listApp>
                <head>6</head>
                <app from="#l6a1" to="#l6a2">
                    <lem>deo</lem>
                    <rdg  wit="#R">de</rdg>
                    <rdg  wit="#Sq">debbo </rdg>
                </app>
                <app from="#l6a3" to="#l6a3">
                    <lem>el manto</lem>
                    <rdg wit="#Sq">lamanto</rdg>
                </app>
            </listApp>
         </listApp>
         <listApp type="formal">
            <listApp>
               <head>1</head>
               <app from="#l1a1" to="#l1a2">
                  <lem>se</lem>
                  <rdg wit="#Sq">si</rdg>
               </app>
            </listApp>
            <listApp>
                <head>2</head>
                <app from="#l2a1" to="#l2a2">
                   <lem>fo</lem>
                   <rdg wit="#Sq">fu</rdg>
                </app>
            </listApp>
            <listApp>
                <head>3</head>
                <app from="#l3a1" to="#l3a2">
                   <lem>tanto è</lem>
                   <rdg wit="#Sq">tante </rdg>
                </app>
                <app from="#l3a3" to="#l3a4">
                    <lem>e</lem>
                    <rdg wit="#Sq">et</rdg>
                </app>
            </listApp>
            <listApp>
                <head>6</head>
                <app from="#l6a5" to="#l6a6">
                   <lem>madona</lem>
                   <rdg wit="#Sq">madonna</rdg>
                </app>
                <app from="#l6a1" to="#l6a2">
                    <lem>deo</lem>
                    <rdg wit="#Sq">debbo </rdg>
                </app>
                <app from="#l6a7" to="#l6a7">
                    <lem>e</lem>
                    <rdg wit="#Sq">et</rdg>
                </app>
            </listApp>
            <listApp>
                <head>7</head>
                <app from="#l7a1" to="#l7a2">
                    <lem>e</lem>
                    <rdg wit="#Sq">et</rdg>
                </app>
                <app from="#l7a3" to="#l7a4">
                    <lem>bon servitore</lem>
                    <rdg wit="#Sq">buon servidor</rdg>
                </app>
            </listApp>
         </listApp>
         <div type="metricalScheme">
            <p>
                Ballata piccola 10’z; 10’a, 10’a; 10’z. 
            </p>
            <p>
                <hi rend="italic">Pagnotta</hi> 49 : 13.
            </p>
            <p>
                Punti sottoscritti: v. 2 (mai) Sq<hi rend="super">C</hi>.
            </p>
         </div>
         <listBibl type="editions">
            <bibl corresp="#Corsi1970">
                Corsi 1970, pp. 257-8.
            </bibl>
         </listBibl>
         <!--listBibl type="bibliography">
            <bibl>
               <relatedItem>
                  <bibl>Riferimento bibliografico completo</bibl>
               </relatedItem>
            </bibl>
         </listBibl-->
        <div type="commentary">
            <note target="#l4">
                <num>4.</num>
                <p><hi rend="italic">merta</hi>: ‘ricompensa’.</p>
            </note>
         </div>
         <listBibl type="editionsBibliography">
            <bibl xml:id="Corsi1970">
                Giuseppe Corsi, <hi rend="italic">Poesie musicali del Trecento</hi>, Bologna, Commissione per i testi di lingua, 1970 (Collezione di opere inedite o rare, 131).
            </bibl>
         </listBibl>
      </back>
   </text>
</TEI>
