<?xml version="1.0" encoding="UTF-8"?>
<?xml-model href="http://www.tei-c.org/release/xml/tei/custom/schema/relaxng/tei_all.rng" type="application/xml" schematypens="http://relaxng.org/ns/structure/1.0"?>
<?xml-model href="http://www.tei-c.org/release/xml/tei/custom/schema/relaxng/tei_all.rng" type="application/xml"
	schematypens="http://purl.oclc.org/dsdl/schematron"?>
<TEI xmlns="http://www.tei-c.org/ns/1.0">
   <teiHeader>
      <fileDesc>
         <titleStmt>
            <title>Sento dʼamor la fiamma e ʼl gran podere</title>
            <respStmt>
               <resp>Digital scholarly edition created within the ERC</resp>
               <orgName><ref target="https://www.europeanarsnova.eu/">European Ars Nova</ref> project.</orgName>
            </respStmt>
            <respStmt>
                <resp>Edited by</resp>
                <name>Maria Sofia Lannutti</name> 
            </respStmt>
            <respStmt>
                <resp>Revised by</resp>
                <name>Luca Gatti</name>
            </respStmt>
             <respStmt>
                <resp>TEI-encoded by</resp>
                <name>Letizia Ricci</name>
            </respStmt>
         </titleStmt>
         <publicationStmt>
            <p></p>
            <!--publisher>Edizioni del Galluzzo</publisher>
            <pubPlace>Firenze, Italia</pubPlace>
            <date>2021</date>
            <availability>
               <p>L'edizione è disponibile su licenza.</p>
            </availability>            
            <idno type="ISBN">ISBN</idno>
            <idno type="DOI">DOI</idno>
            <idno type="URI">permalink della scheda ANT</idno-->
         </publicationStmt>
         <sourceDesc>
            <p></p>
         </sourceDesc>
      </fileDesc>
      <encodingDesc>
         <variantEncoding method="double-end-point" location="internal"/>
      </encodingDesc>
   </teiHeader>
    <text>
        <!-- <front>
            <div>
            </div>
        </front> -->
      <body>
         <lg>
            <l xml:id="l1">
                Sento dʼamor la fiamma e ʼl gran podere,
            </l>
            <l xml:id="l2">
                e <anchor xml:id="l2a1"/>veggio<anchor xml:id="l2a2"/> che temere
            </l>
            <l xml:id="l3">
                non si convien chi vuol vincer la prova.
            </l>
        </lg>
        <lg>
            <l xml:id="l4">
                Ma·<anchor xml:id="l4a1"/>sse<anchor xml:id="l4a2"/> fiereça in questa ognor si trova,
            </l>
            <l xml:id="l5" n="5">
                dè, che farò? 
            </l>
            <l xml:id="l6">
                Iʼ tel dirò!
            </l>
            <l xml:id="l7">
                Perseverando vincerò la guerra.
            </l>
            <l xml:id="l8">
                <anchor xml:id="l8a1"/>Non fu dʼamor giamai donna sì nova,
            </l>
             <l xml:id="l9">
                che sʼiʼ vorrò
            </l>
            <l xml:id="l10" n="10">
                e seguirò,
            </l>
                <l xml:id="l11">
                con suo potença amor no·lla diserra.	
            </l>
            <l xml:id="l12">
                Non sia però lʼardir contrʼal dovere,
            </l>
            <l xml:id="l13">
                ançi si vuol calere 
            </l>
            <l xml:id="l14">
                che sdegno da pietà no·lla rimova.<anchor xml:id="l14a1"/>
            </l>
        </lg>
      </body>
      <back>
         <listWit>
            <witness xml:id="Rc1">
                <ref type="siglum" target="#Rc1">Rc1</ref>
                c. <locus>68v</locus>: <hi rend="italic"> ballata di mess(er) greghorio calonista di firenze</hi>
            </witness>
            <witness xml:id="Sq">
                <ref type="siglum" target="#Sq">Sq</ref>
                c. <locus>50r</locus>, <abbr xml:id="SqC">C</abbr> (vv. 1-7): <hi rend="italic">magister laurenius | de florentia</hi>
            </witness>
         </listWit>
         <listApp type="substantial">
            <listApp>
                <head>8-14</head>
                <app from="#l8a1" to="#l14a1">
                   <rdg wit="#Sq"/>
                </app>
            </listApp>
         </listApp>
         <listApp type="formal">
            <listApp>
                <head>2</head>
                <app from="#l2a1" to="#l2a2">
                    <lem>veggio</lem>
                    <rdg wit="#Sq">vegio </rdg>
                </app>
            </listApp>
            <listApp>
                <head>4</head>
                <app from="#l4a1" to="#l4a2">
                    <lem>sse</lem>
                    <rdg wit="#Sq">se </rdg>
                </app>
            </listApp>
         </listApp>
         <div type="metricalScheme">
            <p>
                Ballata mezzana 10ʼy 6ʼy 10ʼz; 10ʼz 4a 4a 10ʼb, 10ʼz 4a 4a 10ʼb; 10ʼy 6ʼy 10ʼz.
            </p>
            <p>
                <hi rend="italic">Pagnotta</hi> 385 : 1.
            </p>
            <p>
                Rima ricca ai vv. 3 : 4, 5 : 6 : 9 : 10.
            </p>
         </div>
         <listBibl type="editions">
            <bibl corresp="#Fantini2015-2016">
                Fantini 2015-2016, pp. 124-6.
            </bibl>
         </listBibl>
         <!--listBibl type="bibliography">
            <bibl>
               <relatedItem>
                  <bibl>Riferimento bibliografico completo</bibl>
               </relatedItem>
            </bibl>
         </listBibl-->
        <!-- <div type="commentary">
            <note target="#l">
                <num></num>
                <p></p>
            </note>
         </div> -->
         <listBibl type="editionsBibliography">
            <bibl xml:id="Fantini2015-2016">
                <hi rend="italic">Lorenzo da Firenze, Opera completa: edizione critica commentata dei testi intonati e delle musiche</hi>, tesi di laurea magistrale, Università degli Studi di Pavia, Musicologia e Beni Culturali, 2015-2016
            </bibl>
         </listBibl>
      </back>
   </text>
</TEI>
