<?xml version="1.0" encoding="UTF-8"?>
<?xml-model href="http://www.tei-c.org/release/xml/tei/custom/schema/relaxng/tei_all.rng" type="application/xml" schematypens="http://relaxng.org/ns/structure/1.0"?>
<?xml-model href="http://www.tei-c.org/release/xml/tei/custom/schema/relaxng/tei_all.rng" type="application/xml"
	schematypens="http://purl.oclc.org/dsdl/schematron"?>
<TEI xmlns="http://www.tei-c.org/ns/1.0">
    <teiHeader>
        <fileDesc>
            <titleStmt>
                <title> Serà quel zorno mai</title>
                <!--<author><ref target="X"></ref></author>-->
                <respStmt>
                    <resp>Digital scholarly edition created within the ERC</resp>
                    <orgName><ref target="https://www.europeanarsnova.eu/">European Ars Nova</ref>
                        project.</orgName>
                </respStmt>
                <respStmt>
                    <resp>Edited by</resp>
                    <name>Maria Sofia Lannutti</name> 
                </respStmt>
                <respStmt>
                    <resp>Revised by</resp>
                    <name>Luca Gatti</name>
                </respStmt>
                <respStmt>
                    <resp>TEI-encoded by</resp>
                    <name>Elvira Mercatanti</name>
                </respStmt>
            </titleStmt>
            <publicationStmt>
                <p/>
                <!--publisher>Edizioni del Galluzzo</publisher>
            <pubPlace>Firenze, Italia</pubPlace>
            <date>2021</date>
            <availability>
               <p>L'edizione è disponibile su licenza.</p>
            </availability>            
            <idno type="ISBN">ISBN</idno>
            <idno type="DOI">DOI</idno>
            <idno type="URI">permalink della scheda ANT</idno-->
            </publicationStmt>
            <sourceDesc>
                <p/>
            </sourceDesc>
        </fileDesc>
        <encodingDesc>
            <variantEncoding method="double-end-point" location="internal"/>
        </encodingDesc>
    </teiHeader>
    <text>
        <!--<front> 
         <div> 
            <p>
               Aggiungi qui l'INTRODUZIONE (se presente). Suddividila in paragrafi (<p>)
               e marca i corsivi (<hi rend="italic"> </hi> )
            </p> 
         </div>         
      </front> -->
        <body>
            <lg>
                <l xml:id="l1"> Serà quel zorno mai,</l>
                <l xml:id="l2"> dolze madonna mia, </l>
                <l xml:id="l3"> che per toa cortesia</l>
                <l xml:id="l4"> prenda el mio cor, <anchor xml:id="l4a1"/>che vive in tanti guai<anchor xml:id="l4a2"/>?</l>
            </lg>
            <lg>
                <l xml:id="l5" n="5"> Certo non ben convensi</l>
                <l xml:id="l6"> zentil cosa trovar <anchor xml:id="l6a1"/>sença pietate<anchor xml:id="l6a2"/>,</l>
                <l xml:id="l7"> né che in summa beltate</l>
                <l xml:id="l8"> cortesia manchi ai lassi spirti accensi. </l>
                <l xml:id="l9"> Dunque, perché non pensi</l>
                <l xml:id="l10" n="10"> al mio grave dolore?</l>
                <l xml:id="l11"> Non vedi tu ch’el core </l>
                <l xml:id="l12"> per ti si struze et manca in pianti omai?</l>
            </lg>

        </body>



        <back>
            <listWit>
                <witness xml:id="MoA">
                    <ref type="siglum" target="#MoA">MoA</ref> cc. <locus>48v-49r</locus>, <abbr xml:id="MoAC">C</abbr> (vv. 1-6), <abbr xml:id="MoAT">T</abbr> (vv. 1-6), <hi rend="italic">resid.</hi> (6-12): <hi rend="italic">idem</hi>[c. 47r: <hi rend="italic">m(attheus) de p(er)usio</hi>]
                </witness>
            </listWit>


            <!--<listApp type="substantial">
            </listApp>-->



            <listApp type="formal">
                <listApp>
                    <head>4</head>
                    <app from="#l4a1" to="#l4a2">
                        <lem>che vive in tanti guai</lem>
                        <rdg wit="#MoA"><hi rend="italic">rip.</hi></rdg>
                    </app>
                </listApp>
                
                <listApp>
                    <head>6</head>
                    <app from="#l6a1" to="#l6a2">
                        <lem>sença pietate</lem>
                        <rdg><hi rend="italic">rip.</hi> <wit><ref corresp="#MoAC">MoA<hi rend="super">C</hi></ref></wit></rdg>
                        <rdg> sença pieta zentil cosa trovar sença pietate sença pietate <wit><ref corresp="#MoAT">MoA<hi rend="super">T</hi></ref></wit></rdg>
                    </app>
                </listApp>
            </listApp>
            


            <div type="metricalScheme">
                <p>Ballata grande 6’z 6’y 6’y 10’z; 6’a 10’b, 6’a 10’b; 6’b 6’c 6’c 10’z.</p>
                <p><hi rend="italic">Pagnotta </hi>150 : 5.</p>
                <p>Rima inclusiva e derivativa ai vv. 1 : 12; rima ricca ai vv. 6 : 7.</p>
            </div>


            <!--<listBibl type="editions">
            </listBibl>-->


            <!--<listBibl type="bibliography">
            <bibl corresp="#">
            </bibl>
            </listBibl>-->


            <!--<div type="commentary">
            </div>-->


            <!--<listBibl type="editionsBibliography">
            </listBibl>-->
        </back>
    </text>
</TEI>
