<?xml version="1.0" encoding="UTF-8"?>
<?xml-model href="http://www.tei-c.org/release/xml/tei/custom/schema/relaxng/tei_all.rng" type="application/xml" schematypens="http://relaxng.org/ns/structure/1.0"?>
<?xml-model href="http://www.tei-c.org/release/xml/tei/custom/schema/relaxng/tei_all.rng" type="application/xml"
	schematypens="http://purl.oclc.org/dsdl/schematron"?>
<TEI xmlns="http://www.tei-c.org/ns/1.0">
   <teiHeader>
      <fileDesc>
         <titleStmt>
            <title>Sie mill'e mille volte benedecta</title>
            <respStmt>
               <resp>Digital scholarly edition created within the </resp>
               <orgName><ref target="https://www.europeanarsnova.eu/">European Ars Nova</ref> ERC project.</orgName>
            </respStmt>
            <respStmt>
               <resp>Edited by</resp>
               <name>Maria Sofia Lannutti</name>
            </respStmt>
            <respStmt>
               <resp>Revised by</resp>
               <name>Luca Gatti</name>
            </respStmt>
            <respStmt>
               <resp>TEI-encoded by</resp>
               <name>Carla Congiu</name>
            </respStmt>
         </titleStmt>
         <publicationStmt>
            <p></p>
            <!--publisher>Edizioni del Galluzzo</publisher>
            <pubPlace>Firenze, Italia</pubPlace>
            <date>2021</date>
            <availability>
               <p>L'edizione è disponibile su licenza.</p>
            </availability>            
            <idno type="ISBN">ISBN</idno>
            <idno type="DOI">DOI</idno>
            <idno type="URI">permalink della scheda ANT</idno-->
         </publicationStmt>
         <sourceDesc>
            <p></p>
         </sourceDesc>
      </fileDesc>
      <encodingDesc>
         <variantEncoding method="double-end-point" location="internal"/>
      </encodingDesc>
   </teiHeader>
   <text>
      <!--front>
         <div>
            <p>
           </p>
         </div>         
      </front-->
      <body>
        <lg>
            <l xml:id="l1">
		        Sie <anchor xml:id="l1a1"/>mill’ e<anchor xml:id="l1a2"/> mille volte <anchor xml:id="l1a3"/>benedecta<anchor xml:id="l1a4"/>
	        </l>
            <l xml:id="l2">
		        quell’ alma che m’à l’anima <anchor xml:id="l2a1"/>costrecta<anchor xml:id="l2a2"/>.
	        </l>
        </lg>
        <lg>
            <l xml:id="l3">
		        Sie <anchor xml:id="l3a1"/>benedecto<anchor xml:id="l3a2"/> <anchor xml:id="l3a3"/>’l viso<anchor xml:id="l3a4"/>, che dipinto
	        </l>
            <l xml:id="l4">
		        porto sempre nel core;
	        </l>
            <l xml:id="l5" n="5">
		        <anchor xml:id="l5a1"/>i’<anchor xml:id="l5a2"/> benedico <anchor xml:id="l5a3"/>el loco<anchor xml:id="l5a4"/>, ov’ io fu’ vinto
	        </l>
            <l xml:id="l6">
		        dal mio <anchor xml:id="l6a1"/>dolçe<anchor xml:id="l6a2"/> signore;
	        </l>
            <l xml:id="l7">
		        <anchor xml:id="l7a1"/>i’<anchor xml:id="l7a2"/> benedico <anchor xml:id="l7a3"/>el<anchor xml:id="l7a4"/> tempo, el punto <anchor xml:id="l7a5"/>et l’ore<anchor xml:id="l7a6"/>
	        </l>
            <l xml:id="l8">
		        che giunto fu’ da sì dolce <anchor xml:id="l8a1"/>saetta<anchor xml:id="l8a2"/>. 
	        </l>
        </lg>
       </body>
      <back>
         <listWit>
            <witness xml:id="Pit">
               <ref type="siglum" target="#Pit">Pit</ref>
               c. <locus>98v</locus>, <abbr xml:id="PitC">C</abbr> (vv. 1-4), <abbr xml:id="PitT">T</abbr> (vv. 1-4), <hi rend="italic">resid</hi>. (vv. 5-8): <hi rend="italic">d(minus) p(aulus)</hi>(eraso)
            </witness>
            <witness xml:id="Cil">
               <ref type="siglum" target="#Cil">Cil</ref> 
               c. <locus>94v</locus>, <abbr xml:id="CilC">C</abbr> (vv. 1-4), <abbr xml:id="CilT">T</abbr> (vv. 1-4), <hi rend="italic">resid</hi>. (vv. 5-8): <hi rend="italic">d(ominus) p(aulus)</hi>
            </witness>
            <witness xml:id="SL">
                <ref type="siglum" target="#SL">SL</ref>
               c. <locus>108r</locus>, <abbr xml:id="SLC">C</abbr> (vv. 1-4), <abbr xml:id="SLT">T</abbr> (vv. 1-4), <hi rend="italic">resid</hi>. (vv. 5-8): <hi rend="italic">a(bbas) paulus</hi>.
            </witness>
            </listWit>
           <listApp type="substantial">
            <listApp>
               <head>2</head>
               <app from="#l2a1" to="#l2a2">
                  <lem>costrecta</lem>
                  <rdg>costrecto <wit><ref target="#CilC">Cil</ref><hi rend="super">C</hi></wit></rdg>
               </app>
            </listApp>
            <listApp>
               <head>7</head>
               <app from="#l7a5" to="#l7a6">
                  <lem>et l’ore</lem>
                  <rdg wit="#SL">ellora</rdg>
               </app>
            </listApp>
         </listApp>
         <listApp type="formal">
            <listApp>
               <head>1</head>
               <app from="#la1" to="#l1a2">
                  <lem>mill’ e</lem>
                  <rdg wit="#SL">mille et</rdg>
               </app>
               <app from="#la3" to="#l1a4">
                  <lem>benedecta</lem>
                  <rdg wit="#SL">benedetta</rdg>
               </app>
            </listApp>
            <listApp>
               <head>2</head>
               <app from="#l2a1" to="#l2a2">
                  <lem>costrecta</lem>
                  <rdg wit="#SL">costretta</rdg>
               </app>
            </listApp>
            <listApp>
               <head>3</head>
               <app from="#l3a1" to="#l3a2">
                  <lem>benedecto</lem>
                  <rdg wit="#SL">benedetto</rdg>
               </app>
               <app from="#l3a3" to="#l3a4">
                  <lem>’l viso</lem>
                  <rdg wit="#SL">il viso</rdg>
               </app>
            </listApp>
            <listApp>
               <head>5</head>
               <app from="#l5a1" to="#l5a2">
                  <lem>i’</lem>
                  <rdg wit="#Cil">io</rdg>
               </app>
               <app from="#l5a3" to="#l5a4">
                  <lem>el loco</lem>
                  <rdg wit="#SL">illoco</rdg>
               </app>
            </listApp>
            <listApp>
               <head>6</head>
               <app from="#l6a1" to="#l6a2">
                  <lem>dolçe</lem>
                  <rdg wit="#Cil #SL">dolce</rdg>
               </app>
            </listApp>
            <listApp>
               <head>7</head>
               <app from="#l7a1" to="#7a2">
                  <lem>i’</lem>
                  <rdg wit="#SL">io</rdg>
               </app>
               <app from="#l7a3" to="#l7a4">
                  <lem>el</lem>
                  <rdg wit="#SL">il</rdg>
               </app>
               <app from="#l7a5" to="#l7a6">
                  <lem>et l’ore</lem>
                  <rdg wit="#Cil">ellore</rdg>
               </app>
            </listApp>
            <listApp>
               <head>8</head>
               <app from="#l8a1" to="#l8a2">
                  <lem>saetta</lem>
                  <rdg wit="#Cil">saecta</rdg>
               </app>
            </listApp>
         </listApp>
         <div type="metricalScheme">
            <p>Ballata minore 10’z 10’z; 10’a 6’b, 10’a 6’b; 10’b 10’z.</p> 
            <p><hi rend="italic">Pagnotta</hi> 111 : 201.</p>
            </div>
         <listBibl type="editions">
            <bibl corresp="#Corsi1970">
               Corsi 1970, p. 357.
            </bibl>
         </listBibl>
         <div type="commentary">
         </div>
         <listBibl type="editionsBibliography">
            <bibl xml:id="Corsi1970">
               Giuseppe Corsi, <hi rend="italic">Poesie musicali del Trecento</hi>, Bologna, Commissione per i testi di lingua, 1970 (Collezione di opere inedite o rare, 131)
            </bibl>
         </listBibl>
      </back>
   </text>
</TEI>
