<?xml version="1.0" encoding="UTF-8"?>
<?xml-model href="http://www.tei-c.org/release/xml/tei/custom/schema/relaxng/tei_all.rng" type="application/xml" schematypens="http://relaxng.org/ns/structure/1.0"?>
<?xml-model href="http://www.tei-c.org/release/xml/tei/custom/schema/relaxng/tei_all.rng" type="application/xml"
	schematypens="http://purl.oclc.org/dsdl/schematron"?>
<TEI xmlns="http://www.tei-c.org/ns/1.0">
    <teiHeader>
        <fileDesc>
            <titleStmt>
                <title>Spesse fïate à preso un sotil laço</title>
                <respStmt>
                    <resp>Digital scholarly edition created within the </resp>
                    <orgName><ref target="https://www.europeanarsnova.eu/">European Ars Nova</ref> ERC project.</orgName>
                </respStmt>
                <respStmt>
                    <resp>Edited by</resp>
                    <name>Maria Sofia Lannutti</name>
                </respStmt>
                <respStmt>
                    <resp>Revised by</resp>
                    <name>Vittoria Brancato</name>
                </respStmt>
                <respStmt>
                    <resp>TEI-encoded by</resp>
                    <name>Carla Congiu</name>
                </respStmt>
            </titleStmt>
            <publicationStmt>
                <p></p>
                <!--publisher>Edizioni del Galluzzo</publisher>
            <pubPlace>Firenze, Italia</pubPlace>
            <date>2021</date>
            <availability>
               <p>L'edizione è disponibile su licenza.</p>
            </availability>            
            <idno type="ISBN">ISBN</idno>
            <idno type="DOI">DOI</idno>
            <idno type="URI">permalink della scheda ANT</idno-->
            </publicationStmt>
            <sourceDesc>
                <p></p>
            </sourceDesc>
        </fileDesc>
        <encodingDesc>
            <variantEncoding method="double-end-point" location="internal"/>
        </encodingDesc>
    </teiHeader>
    <text>
        <!--front>
            <div>
                <p>
                </p>
            </div>         
        </front-->
        <body>
            <lg>
                <l xml:id="l1">
                    <anchor xml:id="l1a1"/><supplied>[S]</supplied>pesse<anchor xml:id="l1a2"/> fïate à preso un sotil laço
                </l>
                <l xml:id="l2">
                    cum <anchor xml:id="l2a3"/>poco<anchor xml:id="l2a4"/> d’artesela un gran <anchor xml:id="l2a1"/><supplied>[s]</supplied>degnoso<anchor xml:id="l2a2"/>, 
                </l>
                <l xml:id="l3">
                    et à più volt’ el sol <anchor xml:id="l3a1"/>desfatto el<anchor xml:id="l3a2"/> giaço. 
                </l>
                <l xml:id="l4">
                    Ogni futuro tempo è dubïoxo: 
                </l>
                <l xml:id="l5" n="5">
                    non pensi, donqua, alcun cun forte braço
                </l>
                <l xml:id="l6">
                    stato segur tegnir e glorïoxo, 
                </l>
            </lg>
            <lg>
                <l xml:id="l7">
                    ché, volvendos’, el ciel senpre revolve 
                </l>
                <l xml:id="l8">
                    gli stati, e gli gran saxi torna en polve. 
                </l>
            </lg>
        </body>
        <back>
            <listWit>
                <witness xml:id="R">
                    <ref type="siglum" target="#R">R</ref>
                    c. <locus>35r</locus>, <abbr xml:id="RC">C</abbr> (vv. 1-3 e 7-8), <abbr xml:id="RT">T</abbr> (vv. 1-3 e 7-8), <hi rend="italic">resid. (vv. 4-6)</hi>
                </witness>
            </listWit>
            <listApp type="substantial">
                <listApp>
                    <head>1</head>
                    <app from="#l1a1" to="#l1a2">
                        <lem>Spesse</lem>
                        <rdg wit="#R">pesse</rdg>
                    </app>
                </listApp>
                <listApp>
                    <head>2</head>
                    <app from="#l2a1" to="#l2a2">
                        <lem>sdegnoso</lem>
                        <rdg wit="#R">desgnoso</rdg>
                    </app>
                </listApp>
            </listApp>
            <listApp type="formal">
                <listApp>
                    <head>2</head>
                    <app from="#l2a3" to="#l2a4">
                        <lem>poco</lem>
                        <rdg>pocha <wit><ref target="#RT">R<hi rend="super">T</hi></ref></wit></rdg>
                    </app>
                </listApp>
                <listApp>
                    <head>3</head>
                    <app from="#l3a1" to="#l3a2">
                        <lem>desfatto el</lem>
                        <rdg>desfatel <wit><ref target="#RT">R<hi rend="super">T</hi></ref></wit></rdg>
                    </app>
                </listApp>
            </listApp>
            <div type="metricalScheme">
                <p>Madrigale 10’a 10’b 10’a, 10’b 10’a 10’b; 10’c 10’c.</p>
                <p><hi rend="italic">Capovilla</hi> IV.</p>
            </div>
            <listBibl type="editions">
                <bibl corresp="#Pirrotta1960">
                    Pirrotta 1960, p. XI;
                </bibl>
                <bibl corresp="#Corsi1970">
                    Corsi 1970, p. 340;
                </bibl>
                <bibl corresp="#Fantini2021">
                    Fantini 2021, pp. 376-8.
                </bibl>
            </listBibl>
            <div type="commentary">
                <note target="#l1">
                    <num>1.</num>
                    <hi rend="italic">sotil laço</hi>: è soggetto.
                </note>
                <note target="#l2">
                    <num>2.</num>
                    <hi rend="italic">sdegnoso</hi>: l’emendamento è già in Corsi 1970 e Fantini 2021.
                </note>
                <note target="#l3">
                    <num>3.</num>
                    <hi rend="italic">giaço</hi>: ‘ghiaccio’.
                </note>
                <note target="#l8">
                    <num>8.</num>
                    <hi rend="italic">torna</hi>: il soggetto potrebbe essere sia <hi rend="italic">el ciel</hi> (‘trasforma’) sia, più probabilmente, <hi rend="italic">gli gran saxi</hi> (‘si trasformano’).
                </note>
            </div>
            <listBibl type="editionsBibliography">
                <bibl xml:id="Pirrotta1960">
                    Nino Pirrotta, <hi rend="italic">The Music of Fourteenth Century Italy II. Maestro Piero; Codex Vatican Rossi 215; Anonymous Madrigals and Cacce from Other Manuscripts</hi>, Amsterdam, American Institute of Musicology, 1960 (CMM, 8/2)</bibl>
                <bibl xml:id="Corsi1970">
                    Giuseppe Corsi, <hi rend="italic">Poesie musicali del Trecento</hi>, Bologna, Commissione per i testi di lingua, 1970 (Collezione di opere inedite o rare, 131)
                </bibl>
                <bibl xml:id="Fantini2021">
                    S. M. Fantini, <hi rend="italic"> Il codice F-PN6771 (Reina): contenuto, struttura, generi</hi>, tesi di dottorato, Università di Siena, 2021
                </bibl>
            </listBibl>
        </back>
    </text>
</TEI>
