<?xml version="1.0" encoding="UTF-8"?>
<?xml-model href="http://www.tei-c.org/release/xml/tei/custom/schema/relaxng/tei_all.rng" type="application/xml" schematypens="http://relaxng.org/ns/structure/1.0"?>
<?xml-model href="http://www.tei-c.org/release/xml/tei/custom/schema/relaxng/tei_all.rng" type="application/xml"
	schematypens="http://purl.oclc.org/dsdl/schematron"?>
<TEI xmlns="http://www.tei-c.org/ns/1.0">
   <teiHeader>
      <fileDesc>
         <titleStmt>
            <title>Su la rivera, dove ’l sol agiaça</title>
            <!--<author><ref target="X"></ref></author>-->
            <respStmt>
               <resp>Digital scholarly edition created within the ERC</resp>
               <orgName><ref target="https://www.europeanarsnova.eu/">European Ars Nova</ref> project.</orgName>
            </respStmt>
            <respStmt> 
               <resp> Edited by</resp> 
               <name>Maria Sofia Lannutti</name> 
            </respStmt> 
            <respStmt> 
               <resp> Revised by</resp> 
               <name>Luca Gatti</name> 
            </respStmt> 
            <respStmt> 
               <resp> TEI-encoded by</resp> 
               <name>Elvira Mercatanti</name> 
            </respStmt> 
         </titleStmt>
         <publicationStmt>
            <p></p>
            <!--publisher>Edizioni del Galluzzo</publisher>
            <pubPlace>Firenze, Italia</pubPlace>
            <date>2021</date>
            <availability>
               <p>L'edizione è disponibile su licenza.</p>
            </availability>            
            <idno type="ISBN">ISBN</idno>
            <idno type="DOI">DOI</idno>
            <idno type="URI">permalink della scheda ANT</idno-->
         </publicationStmt>
         <sourceDesc>
            <p></p>
         </sourceDesc>
      </fileDesc>
      <encodingDesc>
         <variantEncoding method="double-end-point" location="internal"/>
      </encodingDesc>
   </teiHeader>
   <text>
      <!--<front> 
         <div> 
            <p>
               Aggiungi qui l'INTRODUZIONE (se presente). Suddividila in paragrafi (<p>)
               e marca i corsivi (<hi rend="italic"> </hi> )
            </p> 
         </div>         
      </front> --> 
      <body>
         <lg>
            <l xml:id="l1">
               Su la rivera, dove ’l sol agiaça
            </l>
            <l xml:id="l2">
               l’aqua salata per la gran calura,
            </l>
            <l xml:id="l3">
               Amor <anchor xml:id="l3a1"/>più<anchor xml:id="l3a2"/> che çamai de mi s’<anchor xml:id="l3a3"/>enpaça<anchor xml:id="l3a4"/>.
            </l>
            <l xml:id="l4">
               <anchor xml:id="l4a1"/><supplied reason="illegible">[...]</supplied>
            </l>
            <l xml:id="l5" n="5">
               <supplied reason="illegible">[...]</supplied>
            </l>
            <l xml:id="l6">
               <supplied reason="illegible">[...]</supplied><anchor xml:id="l6a1"/>
            </l>
         </lg>
         <lg>
            <l xml:id="l7">
               Sì m’à ferù lo cor de soa saçita,
            </l>
            <l xml:id="l8">
               che par che tuto quanto me <anchor xml:id="l8a1"/>desfaça<anchor xml:id="l8a2"/>.
            </l>
         </lg>
         
      </body>



      <back>
         <listWit>            
            <witness xml:id="Rs">
               <ref type="siglum" target="#Rs">Rs</ref> 
               c. 6r, <abbr xml:id="RsC">C</abbr> (vv. 1-3 e 7-8), <abbr xml:id="RsT">T</abbr> (vv. 1-3 e 7-8). Il <hi rend="italic">residuum </hi> riporta nuovamente i vv. 4-6 e 7 di <hi rend="italic">Levandome ’l maitin</hi>, che precede <hi rend="italic">Su la rivera in Rs</hi>.
            </witness>
         </listWit>


         <listApp type="substantial">
            <listApp>
               <head>3</head>
               <app from="#l3a1" to="#l3a2">
                  <lem> più</lem>
                  <rdg wit="#Rs">pin </rdg>
               </app>  

               <app from="#l3a3" to="#l3a4">
                  <lem> enpaça</lem>
                  <rdg> enpaca <wit><ref corresp="#RsC">Rs <hi rend="super">C</hi></ref></wit></rdg>
               </app>
            </listApp>

            <listApp>
               <head>4-6</head>
               <app from="#l4a1" to="#l6a1">
                  
                  <rdg wit="#Rs"><gap reason="illegible" rend="lac."/></rdg>
               </app>           
            </listApp>
         
            <listApp>
               <head>8</head>
               <app from="#l8a1" to="#l8a2">
                  <lem>desfaça</lem>
                  <rdg>desfaço <wit><ref corresp="#RsT">Rs <hi rend="super">T</hi></ref></wit></rdg>
               </app>
            
            </listApp>
         </listApp>



         <!--<listApp type="formal">
         </listApp>-->


         <div type="metricalScheme">
            <p>Madrigale 10’a 10’b 10’a, [10’? 10’? 10’?]; 10’m 10’a. </p>
         </div>


         <listBibl type="editions">
            <bibl corresp="#LiGotti1944"> 
               Li Gotti 1944, p. 127;
            </bibl>            

            <bibl corresp="#Sesini1943-1950"> 
              Sesini 1943-1950, p. 223;
            </bibl>

            <bibl corresp="#Corsi1970"> 
              Corsi 1970, p. 364;
            </bibl>

            <bibl corresp="#Pirrotta1992"> 
              Pirrotta 1992, p. 29;
            </bibl>

            <bibl corresp="#Sucato2003">
               Sucato 2003, p. 75.
            </bibl>
         </listBibl>


         <!--<listBibl type="bibliography">
            <bibl corresp="#">
            </bibl>
         </listBibl>-->


         <div type="commentary">
            <note target="#l1">
               <num>1.</num>
               <p><hi rend="italic">agiaça</hi>: ‘agghiaccia’ (una volta che l’acqua salata sia stata prosciugata dal sole, il sale che rimane risulta simile al ghiaccio).</p>
            </note>
         </div>


         <listBibl type="editionsBibliography">

            <bibl xml:id="LiGotti1944">
               E. Li Gotti, <hi rend="italic">Poesie musicali italiane del sec. XIV</hi>, «Atti della Reale Accademia di scienze, lettere e arti di Palermo», IV/2 (1944), pp. 99-167
            </bibl>

            <bibl xml:id="Sesini1943-1950">
               U. Sesini, <hi rend="italic">Il canzoniere musicale trecentesco del codice Vatic. Rossiano 215</hi>, «Studi medievali», n.s., 16 (1943-1950), pp. 212-236
            </bibl>         

            <bibl xml:id="Corsi1970">
              Giuseppe Corsi, <hi rend="italic">Poesie musicali del Trecento</hi>, Bologna, Commissione per i testi di lingua, 1970 (Collezione di opere inedite o rare, 131)
            </bibl>

            <bibl xml:id="Pirrotta1992">
               N. Pirrotta, <hi rend="italic">Il codice Rossi 215 della Biblioteca Apostolica Vaticana. Con i frammenti della fondazione Opera pia don Giuseppe Greggiati di Ostiglia</hi>, Lucca, LIM, 1992
            </bibl>

            <bibl xml:id="Sucato2003">
               Tiziana Sucato, <hi rend="italic">Il codice rossiano 215. Madrigali, ballate, una caccia, un rotondello</hi>, Pisa, ETS, 2003 («Diverse voci...» 1)
            </bibl>
         </listBibl>
      </back>
   </text>
</TEI>
