<?xml version="1.0" encoding="UTF-8"?>
<?xml-model href="http://www.tei-c.org/release/xml/tei/custom/schema/relaxng/tei_all.rng" type="application/xml" schematypens="http://relaxng.org/ns/structure/1.0"?>
<?xml-model href="http://www.tei-c.org/release/xml/tei/custom/schema/relaxng/tei_all.rng" type="application/xml"
	schematypens="http://purl.oclc.org/dsdl/schematron"?>
<TEI xmlns="http://www.tei-c.org/ns/1.0">
   <teiHeader>
      <fileDesc>
         <titleStmt>
            <title>Tanto di mio cor doglio</title>
            <respStmt>
               <resp>Digital scholarly edition created within the ERC</resp>
               <orgName><ref target="https://www.europeanarsnova.eu/">European Ars Nova</ref> project.</orgName>
            </respStmt>
            <respStmt>
                <resp>Edited by</resp>
                <name>Maria Sofia Lannutti</name> 
            </respStmt>
            <respStmt>
                <resp>Revised by</resp>
                <name>Luca Gatti</name>
            </respStmt>
             <respStmt>
                <resp>TEI-encoded by</resp>
                <name>Letizia Ricci</name>
            </respStmt>
         </titleStmt>
         <publicationStmt>
            <p></p>
            <!--publisher>Edizioni del Galluzzo</publisher>
            <pubPlace>Firenze, Italia</pubPlace>
            <date>2021</date>
            <availability>
               <p>L'edizione è disponibile su licenza.</p>
            </availability>            
            <idno type="ISBN">ISBN</idno>
            <idno type="DOI">DOI</idno>
            <idno type="URI">permalink della scheda ANT</idno-->
         </publicationStmt>
         <sourceDesc>
            <p></p>
         </sourceDesc>
      </fileDesc>
      <encodingDesc>
         <variantEncoding method="double-end-point" location="internal"/>
      </encodingDesc>
   </teiHeader>
    <text>
      <!-- <front>
         <div>
            <p>
            </p>
         </div>
      </front> -->
      <body>
         <lg>
            <l xml:id="l1">
                Tanto di mio cor doglio,
            </l>
            <l xml:id="l2">
                ch’i’ non so ben voler quel ch’i’ mi voglio.
            </l>
        </lg>
        <lg>
            <l xml:id="l3">
                L’uon dice pur fortuna
            </l>
            <l xml:id="l4">
                et a me par <anchor xml:id="l4a1"/>destino<anchor xml:id="l4a2"/>
            </l>
            <l xml:id="l5" n="5">
                del sole et della luna,
            </l>
            <l xml:id="l6">
                d’ogni poter divino:
            </l>
            <l xml:id="l7">
                dall’altro all’un mattino,
            </l>
            <l xml:id="l8">
                m’ingana el tempo et non so ch’io mi <anchor xml:id="l8a1"/>voglio<anchor xml:id="l8a2"/>.
            </l>
        </lg>
        <lg>
            <l xml:id="l9">
                Poco mi val pensare
            </l>
            <l xml:id="l10" n="10">
                d’alcun bene o diletto,
            </l>
            <l xml:id="l11">
                né di quell’ operare
            </l>
            <l xml:id="l12">
                mai conchiudo l’effetto,
            </l>
            <l xml:id="l13">
                ch’a forza <anchor xml:id="l13a1"/>e<anchor xml:id="l13a2"/> a mio dispecto,
            </l>
            <l xml:id="l14">
                quanto più mi rivesto, più mi spoglio.
            </l>
         </lg>
      </body>
      <back>
         <listWit>
            <witness xml:id="Sq">
                <ref type="siglum" target="#Sq">Sq</ref>
                c. <locus>117v</locus>, <abbr xml:id="SqC">C</abbr> (vv. 1-4), <abbr xml:id="SqT">T</abbr> (vv. 1-4), <hi rend="italic">resid.</hi> (vv. 5-14): <hi rend="italic">magister frater bartolinus de padua</hi>
            </witness>
            <witness xml:id="SL">
                <ref type="siglum" target="#SL">SL</ref>
                c. <locus>34v</locus>, <abbr xml:id="SLC">C</abbr> (vv. 1-4), <abbr xml:id="SLT">T</abbr> (vv. 1-4), <hi rend="italic">resid.</hi> (vv. 5-14). Nel <hi rend="italic">residuum</hi> si distinguono <hi rend="italic">dice pur fortu</hi> (v. 3), <hi rend="italic">sole</hi> (v. 5), il resto è illeggibile.
            </witness>
         </listWit>
         <listApp type="substantial">
            <listApp>
                <head>8</head>
                <app from="#l8a1" to="#l8a2">
                   <lem>voglio</lem>
                   <rdg wit="#Sq">voglia</rdg>
                </app>
            </listApp>
            <listApp>
                <head>13</head>
                <app from="#l13a1" to="#l13a2">
                   <lem>e</lem>
                   <rdg wit="#Sq">et</rdg>
                </app>
            </listApp>
         </listApp>
         <listApp type="formal">
                <listApp>
                    <head>4</head>
                    <app from="#l4a1" to="#l1a2">
                        <lem>destino</lem>
                        <rdg>distino <wit><ref corresp="#SqT">Sq<hi rend="super">T</hi></ref></wit></rdg>
                    </app>
                </listApp>
             </listApp>
         <div type="metricalScheme">
            <p>
                Ballata minore 6’z 10’z; 6’a 6’b, 6’a 6’b; 6’b 10’z.
            </p>
            <p>
                <hi rend="italic">Pagnotta</hi> 111 : 216.
            </p>
            <p>
                Rima identica ai vv. 2 : 8.
            </p>
         </div>
         <listBibl type="editions">
            <bibl corresp="#Corsi1969">
                Corsi 1969, p. 1081;
            </bibl>
            <bibl corresp="#Corsi1970">
                Corsi 1970, pp. 259-60.
            </bibl>
         </listBibl>
         <!--listBibl type="bibliography">
            <bibl>
               <relatedItem>
                  <bibl>Riferimento bibliografico completo</bibl>
               </relatedItem>
            </bibl>
         </listBibl-->
        <div type="commentary">
            <note target="#l12">
                <num>12.</num>
                <p><hi rend="italic">conchiudo</hi>: ‘comprendo’.</p>
            </note>
         </div>
         <listBibl type="editionsBibliography">
            <bibl xml:id="Corsi1969">
                G. Corsi, <hi rend="italic">Rimatori del Trecento</hi>, Torino, UTET, 1969
            </bibl>
            <bibl xml:id="Corsi1970">
                Giuseppe Corsi, <hi rend="italic">Poesie musicali del Trecento</hi>, Bologna, Commissione per i testi di lingua, 1970 (Collezione di opere inedite o rare, 131).
            </bibl>
         </listBibl>
      </back>
   </text>
</TEI>
