<?xml version="1.0" encoding="UTF-8"?>
<?xml-model href="http://www.tei-c.org/release/xml/tei/custom/schema/relaxng/tei_all.rng" type="application/xml" schematypens="http://relaxng.org/ns/structure/1.0"?>
<?xml-model href="http://www.tei-c.org/release/xml/tei/custom/schema/relaxng/tei_all.rng" type="application/xml"
	schematypens="http://purl.oclc.org/dsdl/schematron"?>
<TEI xmlns="http://www.tei-c.org/ns/1.0">
   <teiHeader>
      <fileDesc>
         <titleStmt>
            <title>Tanto soavemente</title>
            <respStmt>
               <resp>Digital scholarly edition created within the ERC</resp>
               <orgName><ref target="https://www.europeanarsnova.eu/">European Ars Nova</ref> project.</orgName>
            </respStmt>
            <respStmt>
                <resp>Edited by</resp>
                <name>Maria Sofia Lannutti</name> 
            </respStmt>
            <respStmt>
                <resp>Revised by</resp>
                <name>Luca Gatti</name>
            </respStmt>
             <respStmt>
                <resp>TEI-encoded by</resp>
                <name>Letizia Ricci</name>
            </respStmt>
         </titleStmt>
         <publicationStmt>
            <p></p>
            <!--publisher>Edizioni del Galluzzo</publisher>
            <pubPlace>Firenze, Italia</pubPlace>
            <date>2021</date>
            <availability>
               <p>L'edizione è disponibile su licenza.</p>
            </availability>            
            <idno type="ISBN">ISBN</idno>
            <idno type="DOI">DOI</idno>
            <idno type="URI">permalink della scheda ANT</idno-->
         </publicationStmt>
         <sourceDesc>
            <p></p>
         </sourceDesc>
      </fileDesc>
      <encodingDesc>
         <variantEncoding method="double-end-point" location="internal"/>
      </encodingDesc>
   </teiHeader>
    <text>
        <!-- <front>
            <div>
            </div>
        </front> -->
      <body>
         <lg>
            <l xml:id="l1">
                Tanto soavemente
            </l>
            <l xml:id="l2">
                volando <anchor xml:id="l2a1"/>[vien]<anchor xml:id="l2a2"/> costeʼ sì <anchor xml:id="l2a3"/>bellʼ e bianca<anchor xml:id="l2a4"/>,
            </l>
            <l xml:id="l3">
                <anchor xml:id="l3a1"/>che<anchor xml:id="l3a2"/> non si può sentir chi non la branca.
            </l>
            <l xml:id="l4">
                Et per disdegno manca,
            </l>
            <l xml:id="l5" n="5">
                tal chi·lla toca, tutto si distrugge,	
            </l>
            <l xml:id="l6">
                et per la sua biancheçça el sol si fugge.
            </l>
        </lg>
        <lg>
            <l xml:id="l7">
                <anchor xml:id="l7a1"/>Ba[ci]onmi<anchor xml:id="l7a2"/> per la <anchor xml:id="l7a3"/>bocca<anchor xml:id="l7a4"/> esta donçella,
            </l>
            <l xml:id="l8">
                sì che, tremando, perdeʼ la favella.
            </l>
        </lg>
      </body>
      <back>
         <listWit>
            <witness xml:id="Sq">
                <ref type="siglum" target="#Sq">Sq</ref>
                cc. <locus>16v-17r</locus>, <abbr xml:id="SqC">C</abbr> (vv. 1-3 e 7-8), <abbr xml:id="SqT">T</abbr> (vv. 1-3 e 7-8), <hi rend="italic">resid.</hi> (vv. 4-6): <hi rend="italic">magister iachob(us) de bononia</hi>
            </witness>
         </listWit>
         <listApp type="substantial">
            <listApp>
                <head>2</head>
                <app from="#l2a1" to="#l2a2">
                   <lem>vien</lem>
                   <rdg wit="#Sq">in uer </rdg>
                </app>
            </listApp>
            <listApp>
                <head>3</head>
                <app from="#l3a1" to="#l3a2">
                    <lem>che</lem>
                    <rdg>chel <wit><ref corresp="#SqC">Sq<hi rend="super">C</hi></ref></wit></rdg>
                </app>
            </listApp>
            <listApp>
                <head>7</head>
                <app from="#l7a1" to="#l7a2">
                    <lem>Bacionmi</lem>
                    <rdg>baronmi <wit><ref corresp="#SqC">Sq<hi rend="super">C</hi></ref></wit></rdg>
                    <rdg>baromi <wit><ref corresp="#SqT">Sq<hi rend="super">T</hi></ref></wit></rdg>
                </app>
            </listApp>
         </listApp>
         <listApp type="formal">
            <listApp>
                <head>2</head>
                <app from="#l2a3" to="#l2a4">
                    <lem>bellʼ e bianca</lem>
                    <rdg>bella et biancha <wit><ref corresp="#SqT">Sq<hi rend="super">T</hi></ref></wit></rdg>
                </app>
            </listApp>
            <listApp>
                <head>7</head>
                <app from="#l7a3" to="#l7a4">
                    <lem>bocca</lem>
                    <rdg>bocha <wit><ref corresp="#SqT">Sq<hi rend="super">T</hi></ref></wit></rdg>
                </app>
            </listApp>
         </listApp>
         <div type="metricalScheme">
            <p>
                Madrigale 6ʼa 10ʼb 10ʼb, 6ʼb 10ʼc 10ʼc; 10ʼd 10ʼd. 
            </p>
            <p>
                <hi rend="italic">Capovilla</hi> <hi rend="small-caps">XXXV</hi>.
            </p>
         </div>
         <listBibl type="editions">
            <bibl corresp="#LiGotti1944">
                Li Gotti 1944, p. 141;
            </bibl>
             <bibl corresp="#Corsi1970">Corsi 1970, p. 49.</bibl>
         </listBibl>
         <!--listBibl type="bibliography">
            <bibl>
               <relatedItem>
                  <bibl>Riferimento bibliografico completo</bibl>
               </relatedItem>
            </bibl>
         </listBibl-->
        <div type="commentary">
            <note>
                <p>Il madrigale parrebbe descrivere lʼarrivo della neve, quindi sembra da mettere in relazione con un altro madrigale intonato da Jacopo, <hi rend="italic">Stracciasʼ i pannʼ in dosso</hi>. Anche qui non è da escludere che <hi rend="italic">bianca</hi> costituisca un <hi rend="italic">senhal</hi>.</p>
            </note>
            <note target="#l3">
                <num>3.</num>
                <p>ʻche non si può sentire, tranne per chi non la branchiʼ (con anacoluto).</p>
            </note>
            <note target="#l5">
                <num>5.</num>
                <p>Con un altro anacoluto, il verso va inteso: ʻin modo tale che appena qualcuno la tocchi, quella interamente (<hi rend="italic">tutto</hi>, avv.) si disintegraʼ. </p>
            </note>
            <note target="#l7">
                <num>7.</num>
                <p>Il ms. reca <hi rend="italic">baronmi</hi> (<hi rend="italic">baromi</hi> al <hi rend="italic">tenor</hi>), lezione conservata da Corsi ma forse incongrua. Li Gotti stampava invece <hi rend="italic">baxònmi</hi>, che per il senso è preferibile. Accoglierei <hi rend="italic">bacionmi</hi> ipotizzando fraintendimento paleografico del gruppo consonantico <hi rend="italic">-cio-</hi> con <hi rend="italic">-ro-</hi>. </p>
            </note>
         </div>
         <listBibl type="editionsBibliography">
            <bibl xml:id="LiGotti1944">
                E. Li Gotti, <hi rend="italic">Poesie musicali italiane del sec. XIV</hi>, in «Atti della Reale Accademia di scienze, lettere e arti di Palermo», IV/2 (1944), pp. 99-167
            </bibl>
         </listBibl>
      </back>
   </text>
</TEI>
