<?xml version="1.0" encoding="UTF-8"?>
<?xml-model href="http://www.tei-c.org/release/xml/tei/custom/schema/relaxng/tei_all.rng" type="application/xml" schematypens="http://relaxng.org/ns/structure/1.0"?>
<?xml-model href="http://www.tei-c.org/release/xml/tei/custom/schema/relaxng/tei_all.rng" type="application/xml"
	schematypens="http://purl.oclc.org/dsdl/schematron"?>
<TEI xmlns="http://www.tei-c.org/ns/1.0">
    <teiHeader>
        <fileDesc>
            <titleStmt>
                <title>Toute clarté m’est obscure</title>
                <respStmt>
                    <resp>Digital scholarly edition created within the </resp>
                    <orgName><ref target="https://www.europeanarsnova.eu/">European Ars Nova</ref> ERC project.</orgName>
                </respStmt>
                <respStmt>
                    <resp>Edited by</resp>
                    <name>Maria Sofia Lannutti</name>
                </respStmt>
                <respStmt>
                    <resp>Revised by</resp>
                    <name>Vittoria Brancato</name>
                </respStmt>
                <respStmt>
                    <resp>TEI-encoded by</resp>
                    <name>Carla Congiu</name>
                </respStmt>
            </titleStmt>
            <publicationStmt>
                <p></p>
                <!--publisher>Edizioni del Galluzzo</publisher>
            <pubPlace>Firenze, Italia</pubPlace>
            <date>2021</date>
            <availability>
               <p>L'edizione è disponibile su licenza.</p>
            </availability>            
            <idno type="ISBN">ISBN</idno>
            <idno type="DOI">DOI</idno>
            <idno type="URI">permalink della scheda ANT</idno-->
            </publicationStmt>
            <sourceDesc>
                <p></p>
            </sourceDesc>
        </fileDesc>
        <encodingDesc>
            <variantEncoding method="double-end-point" location="internal"/>
        </encodingDesc>
    </teiHeader>
    <text>
        <!--front>
            <div>
                <p>
                </p>
            </div>         
        </front-->
        <body>
            <lg>
                <l xml:id="l1">
                    Toute clarté m’est obscure,
                </l>
                <l xml:id="l2">
                    et toute biauté laydure,
                </l>
                <l xml:id="l3">
                    et toute joye tristour.
                </l>
                <l xml:id="l4">
                    Je n’ay d’esbatement cure
                </l>
                <l xml:id="l5" n="5">
                    quant je ne voy la figure
                </l>
                <l xml:id="l6">
                    <anchor xml:id="l6a1"/><supplied>[d]</supplied>ont<anchor xml:id="l6a2"/> m’espoir est sans retour.  
                </l>
                <l xml:id="l7">
                    Ma fortune trop contrayre 
                </l>
                <l xml:id="l8">
                    <anchor xml:id="l8a1"/>me<anchor xml:id="l8a2"/> fus, dont ne me puis trayre, 
                </l>
                <l xml:id="l9">
                    car quant je <anchor xml:id="l9a1"/>d<supplied>[ois]</supplied><anchor xml:id="l9a2"/> joye avoyr, 
                </l>
                <l xml:id="l10" n="10">
                    tout me mis a la <anchor xml:id="l10a1"/>re<supplied>[v]</supplied>erse<anchor xml:id="l10a2"/>: 
                </l>
                <l xml:id="l11">
                    <hi rend="italic">Amours, a vous m’en plaing voir.</hi>
                </l>
            </lg>
        </body>
        <back>
            <listWit>
                <witness xml:id="Ch">
                    <ref type="siglum" target="#Ch">Ch</ref>
                    c. <locus>13r</locus>, <abbr xml:id="ChC">C</abbr> (vv. 1-11)
                </witness>
            </listWit>
            <listApp type="substantial">
                <listApp>
                    <head>6</head>
                    <app from="#l6a1" to="#l6a2">
                        <lem>dont</lem>
                        <rdg wit="#Ch">ont</rdg>
                    </app>
                </listApp>
                <listApp>
                    <head>8</head>
                    <app from="#l8a1" to="#l8a2">
                        <lem>me</lem>
                        <rdg wit="#Ch">mes</rdg>
                    </app>
                </listApp>
                <listApp>
                    <head>9</head>
                    <app from="#l9a1" to="#l9a2">
                        <lem>dois</lem>
                        <rdg wit="#Ch">deu</rdg>
                    </app>
                </listApp>
                <listApp>
                    <head>10</head>
                    <app from="#l10a1" to="#l10a2">
                        <lem>reverse</lem>
                        <rdg wit="#Ch">renerse</rdg>
                    </app>
                </listApp>
            </listApp>
            <!--listApp type="formal">
            </listApp-->
            <div type="metricalScheme">
                <p><hi rend="italic">Ballade</hi> 7’a 7’a 7b, 7’a 7’a 7b; 7’c 7’c 7d 7’e 7D.</p>
            </div>
            <listBibl type="editions">
                <bibl corresp="#Apel-Rosenberg1971">
                    Apel-Rosenberg 1971, p. XXXIII.
                </bibl>
            </listBibl>
            <div type="commentary">
                <note target="#l11">
                    <num>11.</num>
                    <hi rend="italic">voir</hi>: ‘veramente’, cioè ‘sinceramente’, per cui si veda  <hi rend="italic">DMF</hi>, s. v.  <hi rend="italic">voir <hi rend="super">2</hi></hi> § II.A.
                </note>
            </div>
            <listBibl type="editionsBibliography">
                <bibl xml:id="Apel-Rosenberg1971">
                    Willi Apel, <hi rend="italic">French Secular Compositions of the Fourteenth Century II. Anonymous Ballades</hi>, edition of the Literary Texts by Samuel Rosenberg, Rome, American Institute of Musicology, 1971 (CMM, 53/2).
                </bibl>
            </listBibl>
        </back>
    </text>
</TEI>