<?xml version="1.0" encoding="UTF-8"?>
<?xml-model href="http://www.tei-c.org/release/xml/tei/custom/schema/relaxng/tei_all.rng" type="application/xml" schematypens="http://relaxng.org/ns/structure/1.0"?>
<?xml-model href="http://www.tei-c.org/release/xml/tei/custom/schema/relaxng/tei_all.rng" type="application/xml"
	schematypens="http://purl.oclc.org/dsdl/schematron"?>
<TEI xmlns="http://www.tei-c.org/ns/1.0">
   <teiHeader>
      <fileDesc>
         <titleStmt>
            <title>Tra sperança et fortuna io pur m’agiro</title>
            <respStmt>
               <resp>Digital scholarly edition created within the </resp>
               <orgName><ref target="https://www.europeanarsnova.eu/">European Ars Nova</ref> ERC project.</orgName>
            </respStmt>
            <respStmt>
               <resp>Edited by</resp>
               <name>Maria Sofia Lannutti</name>
            </respStmt>
            <respStmt>
               <resp>Revised by</resp>
               <name>Luca Gatti</name>
            </respStmt>
            <respStmt>
               <resp>TEI-encoded by</resp>
               <name>Carla Congiu</name>
            </respStmt>
         </titleStmt>
         <publicationStmt>
            <p></p>
            <!--publisher>Edizioni del Galluzzo</publisher>
            <pubPlace>Firenze, Italia</pubPlace>
            <date>2021</date>
            <availability>
               <p>L'edizione è disponibile su licenza.</p>
            </availability>            
            <idno type="ISBN">ISBN</idno>
            <idno type="DOI">DOI</idno>
            <idno type="URI">permalink della scheda ANT</idno-->
         </publicationStmt>
         <sourceDesc>
            <p></p>
         </sourceDesc>
      </fileDesc>
      <encodingDesc>
         <variantEncoding method="double-end-point" location="internal"/>
      </encodingDesc>
   </teiHeader>
   <text>
      <!--front>
         <div>
            <p>
           </p>
         </div>         
      </front-->
      <body>
        <lg>
            <l xml:id="l1">
		    <anchor xml:id="l1a1"/>Tra<anchor xml:id="l1a2"/> sperança et fortuna <anchor xml:id="l1a3"/>io<anchor xml:id="l1a4"/> pur m’agiro
	    </l>
            <l xml:id="l2">
		    et rimedio non trov’ al mie <anchor xml:id="l2a1"/>martiro<anchor xml:id="l2a2"/>.
	    </l>
        </lg>
        <lg>
            <l xml:id="l3">
		    Et quanto più mi sforço, <anchor xml:id="l3a1"/>più m’aretra<anchor xml:id="l3a2"/>
	    </l>
            <l xml:id="l4">
		    <anchor xml:id="l4a1"/>da sé<anchor xml:id="l4a2"/> quel volto che mi <anchor xml:id="l4a3"/>prese all’esca<anchor xml:id="l4a4"/>
	    </l>
            <l xml:id="l5" n="5">
		    di <anchor xml:id="l5a1"/>due begli<anchor xml:id="l5a2"/> ochi più duri che petra,
	    </l>
            <l xml:id="l6">
		    <anchor xml:id="l6a1"/>per che invano<anchor xml:id="l6a2"/> la mie lença pesca.
	    </l>
            <l xml:id="l7">
		    <anchor xml:id="l7a1"/>Ma io non<anchor xml:id="l7a2"/> finirò <anchor xml:id="l7a3"/>però<anchor xml:id="l7a4"/> la tresca
	    </l>
            <l xml:id="l8">
		    <anchor xml:id="l8a1"/>d’Amor<anchor xml:id="l8a2"/> seguire <anchor xml:id="l8a3"/>pel<anchor xml:id="l8a4"/> viso ch’i’ miro. 
	    </l>
        </lg>
       </body>
      <back>
         <listWit>
            <witness xml:id="Pit">
               <ref type="siglum" target="#Pit">Pit</ref>
               cc. <locus>130v-131r</locus>, <abbr xml:id="PitC">C</abbr> (vv. 1-4), <abbr xml:id="PitT">T</abbr> (vv. 1-4), <hi rend="italic">resid</hi>. (vv. 5-8): <hi rend="italic">do(n) pa(olo)</hi>(eraso)
            </witness>
            <witness xml:id="Lu">
                <ref type="siglum" target="#Lu">Lu</ref>
               c. <locus>44v</locus>, <abbr xml:id="LuC">C</abbr> (vv. 1-4), <abbr xml:id="LuT">T</abbr> (vv. 1-4), <hi rend="italic">resid</hi>. (vv. 5-8).
            </witness>
            </listWit>
           <listApp type="substantial">
            <listApp>
               <head>1</head>
               <app from="#l1a1" to="#l1a2">
                  <lem>Tra</lem>
                  <rdg>ra <gap reason="illegible" rend="per l.m."/> <wit><ref target="#LuT">Lu</ref><hi rend="super">T</hi></wit></rdg>
               </app>
               <app from="#l1a3" to="#l1a4">
                  <lem>io</lem>
                  <rdg><wit><ref target="#LuC">Lu</ref><hi rend="super">C</hi></wit></rdg>
               </app>
              </listApp>
            <listApp>
               <head>2</head>
               <app from="#l2a1" to="#l2a2">
                  <lem>martiro</lem>
                  <rdg>mar ro <gap reason="illegible" rend="per l.m."/> <wit><ref target="#LuC">Lu</ref><hi rend="super">C</hi></wit></rdg>
               </app>
              </listApp>
              <listApp>
                 <head>3</head>
                 <app from="#l3a1" to="#l3a2">
                    <lem>più m’aretra</lem>
                    <rdg>iu maretra <gap reason="illegible" rend="per l.m."/> <wit><ref target="#SLT">SL<hi rend="super">T</hi></ref></wit></rdg>
                 </app>
                 <app from="#l3a3" to="#l3a4">
                    <lem>da sé</lem>
                    <rdg>asse <gap reason="illegible" rend="per l.m."/> <wit><ref target="#LuT">Lu<hi rend="super">T</hi></ref></wit></rdg>
                 </app>
              </listApp>
              <listApp>
                 <head>6</head>
                 <app from="#l6a1" to="#l6a2">
                  <lem>per che invano</lem>
                  <rdg wit="#Lu"><gap reason="illegible" rend="ill."/></rdg>
                 </app>
              </listApp>
              <listApp>
               <head>7</head>
               <app from="#l7a1" to="#l7a2">
                  <lem>Ma io non</lem>
                  <rdg wit="#Lu"><gap reason="illegible" rend="ill."/></rdg>
               </app>
               <app from="#l7a3" to="#l7a4">
                  <lem>però</lem>
                  <rdg wit="#Lu">per</rdg>
               </app>
              </listApp>
              <listApp>
               <head>8</head>
               <app from="#l8a1" to="#l8a2">
                  <lem>d’Amor</lem>
                  <rdg wit="#Lu"><gap reason="illegible" rend="ill."/></rdg>
               </app>
               <app from="#l8a3" to="#l8a4">
                  <lem>pel</lem>
                  <rdg wit="#Lu">per quel</rdg>
               </app>
              </listApp>
            </listApp>
         <listApp type="formal">
            <listApp>
               <head>1</head>
               <app from="#l1a3" to="#l1a4">
                  <lem>io</lem>
                  <rdg>i <wit><ref target="#LuT">Lu<hi rend="super">T</hi></ref></wit></rdg>
               </app>
            </listApp>
            <listApp>
               <head>4</head>
               <app from="#l4a1" to="#l4a2">
                  <lem>da sé</lem>
                  <rdg>dasse <wit><ref target="#LuT">Lu<hi rend="super">T</hi></ref></wit></rdg>
               </app>
               <app from="#l4a3" to="#l4a4">
                  <lem>prese all’esca</lem>
                  <rdg wit="#Lu">presallesca</rdg>
               </app>
            </listApp>
            <listApp>
               <head>5</head>
               <app from="#l5a1" to="#l5a2">
                  <lem>due begli</lem>
                  <rdg wit="#Lu">duo belli</rdg>
               </app>
            </listApp>
         </listApp>
         <div type="metricalScheme">
            <p>Ballata minore 10’z 10’z; 10’a 10’b, 10’a 10’b; 10’b 10’z.</p> 
            <p><hi rend="italic">Pagnotta</hi> 111 : 183.</p>
            <p>Punti sottoscritti: v. 1 (<hi rend="italic">sperança</hi>) Lu, (<hi rend="italic">fortuna</hi>) Pit<hi rend="super">T</hi> Lu, (<hi rend="italic">io</hi>) Pit<hi rend="super">C</hi>.
            </p>
            </div>
         <listBibl type="editions">
            <bibl corresp="#LiGotti1950">
               Li Gotti 1950, p. 147;
            </bibl>
            <bibl corresp="#LiGotti1952">
               Li Gotti 1952, p. 603;
            </bibl>
            <bibl corresp="#Corsi1970">
               Corsi 1970, p. 285.
            </bibl>
         </listBibl>
         <div type="commentary">
         </div>
         <listBibl type="editionsBibliography">
            <bibl xml:id="LiGotti1950">
               N. Pirrotta-E. Li Gotti, <hi rend="italic">Il Codice di Lucca: II. Testi letterari</hi>, «Musica Disciplina», 4 (1950), pp. 111-152
            </bibl>
            <bibl xml:id="LiGotti1952">
               E. Li Gotti, <hi rend="italic">Paolo tenorista, fiorentino "extra moenia"</hi>, in <hi rend="italic">Estudios dedicados a Menéndez Pidal</hi>, tomo III, Madrid, C.S.I.C., 1952, pp. 577-606
            </bibl>
            <bibl xml:id="Corsi1970">
               Giuseppe Corsi, <hi rend="italic">Poesie musicali del Trecento</hi>, Bologna, Commissione per i testi di lingua, 1970 (Collezione di opere inedite o rare, 131)
            </bibl>
         </listBibl>
      </back>
   </text>
</TEI>
