<?xml version="1.0" encoding="UTF-8"?>
<?xml-model href="http://www.tei-c.org/release/xml/tei/custom/schema/relaxng/tei_all.rng" type="application/xml" schematypens="http://relaxng.org/ns/structure/1.0"?>
<?xml-model href="http://www.tei-c.org/release/xml/tei/custom/schema/relaxng/tei_all.rng" type="application/xml"
	schematypens="http://purl.oclc.org/dsdl/schematron"?>
<TEI xmlns="http://www.tei-c.org/ns/1.0">
   <teiHeader>
      <fileDesc>
         <titleStmt>
            <title>Tra verdi frond’ in isola ’n sul fonte</title>
            <respStmt>
               <resp>Digital scholarly edition created within the </resp>
               <orgName><ref target="https://www.europeanarsnova.eu/">European Ars Nova</ref> ERC project.</orgName>
            </respStmt>
            <respStmt>
               <resp>Edited by</resp>
               <name>Maria Sofia Lannutti</name>
            </respStmt>
            <respStmt>
               <resp>Revised by</resp>
               <name>Luca Gatti</name>
            </respStmt>
            <respStmt>
               <resp>TEI-encoded by</resp>
               <name>Carla Congiu</name>
            </respStmt>
         </titleStmt>
         <publicationStmt>
            <p></p>
            <!--publisher>Edizioni del Galluzzo</publisher>
            <pubPlace>Firenze, Italia</pubPlace>
            <date>2021</date>
            <availability>
               <p>L'edizione è disponibile su licenza.</p>
            </availability>            
            <idno type="ISBN">ISBN</idno>
            <idno type="DOI">DOI</idno>
            <idno type="URI">permalink della scheda ANT</idno-->
         </publicationStmt>
         <sourceDesc>
            <p></p>
         </sourceDesc>
      </fileDesc>
      <encodingDesc>
         <variantEncoding method="double-end-point" location="internal"/>
      </encodingDesc>
   </teiHeader>
   <text>
      <!--front>
         <div>
            <p>
           </p>
         </div>         
      </front-->
      <body>
        <lg>
            <l xml:id="l1">
		    Tra verdi frond’ in isola ’n sul fonte
	    </l>
            <l xml:id="l2">
		    <anchor xml:id="l2a1"/>vidi<anchor xml:id="l2a2"/> un’orsa c’odorav’ un fiore,
	    </l>
            <l xml:id="l3">
		    che fu già donna <anchor xml:id="l3a1"/>infiammata<anchor xml:id="l3a2"/> d’amore.
	    </l>
            <l xml:id="l4">
		    <supplied reason="illegible">[…]</supplied>
	    </l>
            <l xml:id="l5" n="5">
		    <supplied reason="illegible">[…]</supplied>
	    </l>
            <l xml:id="l6">
		    <supplied reason="illegible">[…]</supplied>
	    </l>
        </lg>
        <lg>
            <l xml:id="l7">
		    Trassemi Venus al ciel dilectoso,
	    </l>
            <l xml:id="l8">
		    sì c’ancor tremo di fred’ amoroso.
	    </l>
        </lg>
       </body>
      <back>
         <listWit>
            <witness xml:id="Pit">
               <ref type="siglum" target="#Pit">Pit</ref>
               cc. <locus>36v-37r</locus>, <abbr xml:id="PitC">C</abbr> (vv. 1-5), <abbr xml:id="PitT">T</abbr> (vv. 1-3 e 7): <hi rend="italic">do(n) paolo</hi>.
            </witness>
            </listWit>
         <listApp type="formal">
            <listApp>
               <head>2</head>
               <app from="#l2a1" to="#l2a2">
                  <lem>vidi</lem>
                  <rdg>vi vidi <wit><ref target="#PitT">Pit<hi rend="super">T</hi></ref></wit></rdg>
               </app>
            </listApp>
            <listApp>
               <head>3</head>
               <app from="#l3a1" to="#l3a2">
                  <lem>infiammata</lem>
                  <rdg>nfiamata <wit><ref target="#PitT">Pit<hi rend="super">T</hi></ref></wit></rdg>
               </app>
            </listApp>
         </listApp>
         <div type="metricalScheme">
            <p>Madrigale 10’a 10’b 10’b, […]; 10’m 10’m.</p> 
            <p><hi rend="italic">Capovilla</hi> LVIII.</p>
            <p>Punti sottoscritti: v. 3 (<hi rend="italic">infiammata</hi>) Pit<hi rend="super">C</hi>
            </p>
            </div>
         <listBibl type="editions">
            <bibl corresp="#Corsi1969">
               Corsi 1969, p. 1044;
            </bibl>
            <bibl corresp="#Corsi1970">
               Corsi 1970, p. 268.
            </bibl>
         </listBibl>
         <div type="commentary">
         </div>
         <listBibl type="editionsBibliography">
            <bibl xml:id="Corsi1969">
               G. Corsi, <hi rend="italic">Rimatori del Trecento</hi>, Torino, UTET, 1969
            </bibl>
            <bibl xml:id="Corsi1970">
               Giuseppe Corsi, <hi rend="italic">Poesie musicali del Trecento</hi>, Bologna, Commissione per i testi di lingua, 1970 (Collezione di opere inedite o rare, 131)
            </bibl>
         </listBibl>
      </back>
   </text>
</TEI>
