<?xml version="1.0" encoding="UTF-8"?>
<?xml-model href="http://www.tei-c.org/release/xml/tei/custom/schema/relaxng/tei_all.rng" type="application/xml" schematypens="http://relaxng.org/ns/structure/1.0"?>
<?xml-model href="http://www.tei-c.org/release/xml/tei/custom/schema/relaxng/tei_all.rng" type="application/xml"
	schematypens="http://purl.oclc.org/dsdl/schematron"?>
<TEI xmlns="http://www.tei-c.org/ns/1.0">
    <teiHeader>
        <fileDesc>
            <titleStmt>
                <title> Trover ne puis aucunemant confort</title>
                <!--<author><ref target="X"></ref></author>-->
                <respStmt>
                    <resp>Digital scholarly edition created within the ERC</resp>
                    <orgName><ref target="https://www.europeanarsnova.eu/">European Ars Nova</ref>
                        project.</orgName>
                </respStmt>
                <respStmt>
                    <resp>Edited by</resp>
                    <name>Maria Sofia Lannutti</name> 
                </respStmt>
                <respStmt>
                    <resp>Revised by</resp>
                    <name>Luca Gatti</name>
                </respStmt>
                <respStmt>
                    <resp>TEI-encoded by</resp>
                    <name>Elvira Mercatanti</name>
                </respStmt>
            </titleStmt>
            <publicationStmt>
                <p/>
                <!--publisher>Edizioni del Galluzzo</publisher>
            <pubPlace>Firenze, Italia</pubPlace>
            <date>2021</date>
            <availability>
               <p>L'edizione è disponibile su licenza.</p>
            </availability>            
            <idno type="ISBN">ISBN</idno>
            <idno type="DOI">DOI</idno>
            <idno type="URI">permalink della scheda ANT</idno-->
            </publicationStmt>
            <sourceDesc>
                <p/>
            </sourceDesc>
        </fileDesc>
        <encodingDesc>
            <variantEncoding method="double-end-point" location="internal"/>
        </encodingDesc>
    </teiHeader>
    <text>
        <!--<front> 
         <div> 
            <p>
               Aggiungi qui l'INTRODUZIONE (se presente). Suddividila in paragrafi (<p>)
               e marca i corsivi (<hi rend="italic"> </hi> )
            </p> 
         </div>         
      </front> -->
        <body>
            <lg>
                <l xml:id="l1"> Trover ne puis aucunemant confort,</l>
                <l xml:id="l2"> si tres fort point l’amere departie,</l>
                <l xml:id="l3"> dont je me plaing sovant, soupire et crie,</l>
                <l xml:id="l4"> querant, helas, <anchor xml:id="l4a1"/>de ma dolour<anchor xml:id="l4a2"/>, la mort.</l>
            </lg>
            <lg>
                <l xml:id="l5" n="5"> Fenir me faut, hemi dolent, a tort,</l>
                <l xml:id="l6"> se resort n’ay pour ma dame jolie,</l>
                <l xml:id="l7"> <hi rend="italic">trover ne puis <supplied xml:id="suppl1" reason="illegible">[aucunemant confort,</supplied></hi></l>
                <l xml:id="l8"> <hi rend="italic"><supplied xml:id="suppl2" corresp="#suppl1" reason="illegible">si tres fort point l’amere departie.]</supplied></hi></l>
                <l xml:id="l9"> Hors suy de joye, <anchor xml:id="l9a1"/>trist<supplied reason="illegible">[e]</supplied><anchor xml:id="l9a2"/>, et de deport,</l>
                <l xml:id="l10" n="10"> par l’esfort de Fortune, que m’envie</l>
                <l xml:id="l11">tel bien avoir: Amour, je te supplie,</l>
                <l xml:id="l12"><anchor xml:id="l12a1"/><supplied reason="illegible">[si]</supplied><anchor xml:id="l12a2"/> ayde moy, car se ce n’est de cort,</l>
                <l xml:id="l13"><hi rend="italic">trover ne puis <supplied xml:id="suppl3" reason="illegible">[aucunemant confort,</supplied></hi></l>
                <l xml:id="l14"> <hi rend="italic"><supplied xml:id="suppl4" corresp="#suppl3" reason="illegible">si tres fort point l’amere departie,</supplied></hi></l>
                <l xml:id="l15" n="15"> <hi rend="italic"><supplied xml:id="suppl5" corresp="#suppl3" reason="illegible">dont je me plaing sovant, soupire et crie,</supplied></hi></l>
                <l xml:id="l16"><hi rend="italic"><supplied xml:id="suppl6" corresp="#suppl3" reason="illegible">querant, helas, de ma dolour, la mort.]</supplied></hi></l>
            </lg>

        </body>



        <back>
            <listWit>
                <witness xml:id="MoA">
                    <ref type="siglum" target="#MoA">MoA</ref> c. 47r, <abbr xml:id="MoAC">C</abbr> (vv. 1-4), <abbr xml:id="MoAT">T</abbr> (vv. 1-4), <hi rend="italic">resid.</hi> (5-16): <hi rend="italic">  m(attheus) d(e) p(erusio)</hi>
                </witness>
            </listWit>


            <listApp type="substantial">
                <listApp>
                    <head>9</head>
                    <app from="#l9a1" to="#l9a2">
                        <lem>triste</lem>
                        <rdg wit="#MoA">trist</rdg>
                    </app>
                </listApp>
                
                <listApp>
                    <head>12</head>
                    <app from="#l12a1" to="#l12a2">
                        <lem>si</lem>
                        <rdg wit="#MoA"/>
                    </app>
                </listApp>

            </listApp>



            <listApp type="formal">
                <listApp>
                    <head>4</head>
                    <app from="#l4a1" to="#l4a2">
                        <lem>de ma dolour</lem>
                        <rdg wit="#MoA"><hi rend="italic">rip.</hi></rdg>
                    </app>
                </listApp>
            </listApp>
            


            <div type="metricalScheme">
                <p><hi rend="italic">Rondeau </hi>10A 10’B 10’B 10A; 10a 10’b, 10’A 10’B; 10a 10’b 10’b 10a; 10A 10’B 10’B 10A.</p>
            </div>


            <listBibl type="editions">
                <bibl corresp="#ApelRosenberg1970"> Apel-Rosenberg 1970, p. LXII.</bibl>
            </listBibl>


            <!--<listBibl type="bibliography">
            <bibl corresp="#">
            </bibl>
         </listBibl>-->


            <div type="commentary">
                <note target="#l10">
                    <num>10.</num>
                    <p><hi rend="italic">m’envie</hi>: ‘mi impedisce’, per latinismo semantico.</p>
                </note>
                
                <note target="#l12">
                    <num>12.</num>
                    <p><hi rend="italic">si</hi>: l’integrazione è già in Apel-Rosenberg 1970.</p>
                </note>
            </div>


            <listBibl type="editionsBibliography">
                
                <bibl xml:id="ApelRosenberg1970"><hi rend="italic">French Secular Compositions of the Fourteenth Century: Vol. I, Ascribed Compositions</hi>, ed. by W. Apel, edition of the literary texts by S. N. Rosenberg, Roma, American Institute of Musicology, 1970 (CMM, 53/1)</bibl>

            </listBibl>
        </back>
    </text>
</TEI>
