<?xml version="1.0" encoding="UTF-8"?>
<?xml-model href="http://www.tei-c.org/release/xml/tei/custom/schema/relaxng/tei_all.rng" type="application/xml" schematypens="http://relaxng.org/ns/structure/1.0"?>
<?xml-model href="http://www.tei-c.org/release/xml/tei/custom/schema/relaxng/tei_all.rng" type="application/xml"
	schematypens="http://purl.oclc.org/dsdl/schematron"?>
<TEI xmlns="http://www.tei-c.org/ns/1.0">
   <teiHeader>
      <fileDesc>
         <titleStmt>
            <title>Un pellegrin’ uccel gentil’ e bello</title>
            <respStmt>
               <resp>Digital scholarly edition created within the </resp>
               <orgName><ref target="https://www.europeanarsnova.eu/">European Ars Nova</ref> ERC project.</orgName>
            </respStmt>
            <respStmt>
               <resp>Edited by</resp>
               <name>Maria Sofia Lannutti</name>
            </respStmt>
            <respStmt>
               <resp>Revised by</resp>
               <name>Luca Gatti</name>
            </respStmt>
            <respStmt>
               <resp>TEI-encoded by</resp>
               <name>Carla Congiu</name>
            </respStmt>
         </titleStmt>
         <publicationStmt>
            <p></p>
            <!--publisher>Edizioni del Galluzzo</publisher>
            <pubPlace>Firenze, Italia</pubPlace>
            <date>2021</date>
            <availability>
               <p>L'edizione è disponibile su licenza.</p>
            </availability>            
            <idno type="ISBN">ISBN</idno>
            <idno type="DOI">DOI</idno>
            <idno type="URI">permalink della scheda ANT</idno-->
         </publicationStmt>
         <sourceDesc>
            <p></p>
         </sourceDesc>
      </fileDesc>
      <encodingDesc>
         <variantEncoding method="double-end-point" location="internal"/>
      </encodingDesc>
   </teiHeader>
   <text>
      <!--front>
         <div>
            <p>
           </p>
         </div>         
      </front-->
      <body>
        <lg>
            <l xml:id="l1">
		    Un pellegrin’ uccel gentil’ e bello
	    </l>
            <l xml:id="l2">
		    seguie uno sparver di pugn’ uscito
	    </l>
            <l xml:id="l3">
		    a una donna. Richiamando <anchor xml:id="l3a1"/>quello<anchor xml:id="l3a2"/>
	    </l>
            <l xml:id="l4">
		    la bella donna, che non sie rapito
	    </l>
            <l xml:id="l5" n="5">
		    da sì rapace uccel, qual era quello
	    </l>
            <l xml:id="l6">
		    che seguie lo sparver da·llei partito,
	    </l>
        </lg>
        <lg>
            <l xml:id="l7">
		    <anchor xml:id="l7a1"/>força<anchor xml:id="l7a2"/> d’amor, che in quel’ uccel s’accolse,
	    </l>
            <l xml:id="l8">
		    lo <anchor xml:id="l8a1"/>sparver<anchor xml:id="l8a2"/> che tornava indietro volse. 
	    </l>
        </lg>
       </body>
      <back>
         <listWit>
            <witness xml:id="Pit">
               <ref type="siglum" target="#Pit">Pit</ref>
               cc. <locus>38v-39r</locus>, <abbr xml:id="PitC">C</abbr> (vv. 1-3 e 7-8), <abbr xml:id="PitT">T</abbr> (vv. 1-3 e 7)<hi rend="italic">resid</hi>. (vv. 4-6): <hi rend="italic">do(minus) pa(ulus)</hi>
            </witness>
            </listWit>
           <listApp type="substantial">
            <listApp>
                 <head>3</head>
                 <app from="#l3a1" to="#l3a2">
                    <lem>quello</lem>
                    <rdg>quel to <wit><ref target="#PitT">Pit<hi rend="super">T</hi></ref></wit></rdg>
                 </app>
               </listApp>
            </listApp>
         <listApp type="formal">
            <listApp>
               <head>7</head>
               <app from="#l7a1" to="#l7a2">
                  <lem>força</lem>
                  <rdg wit="#Pit">for força força</rdg>
               </app>
            </listApp>
            <listApp>
               <head>8</head>
               <app from="#l8a1" to="#l8a2">
                  <lem>sparver</lem>
                  <rdg>sparver sparver <wit><ref target="#PitC">Pit<hi rend="super">C</hi></ref></wit></rdg>
               </app>
            </listApp>
         </listApp>
         <div type="metricalScheme">
            <p>Madrigale 10’a 10’b 10’a, 10’b 10’a 10’b; 10’c 10’c.</p> 
            <p><hi rend="italic">Capovilla</hi> IV.</p>
            <p>Rima identica ai vv. 3 : 5.</p>
            </div>
         <listBibl type="editions">
            <bibl corresp="#LiGotti1952">
               Li Gotti 1952, p. 604;
            </bibl>
            <bibl corresp="#Corsi1970">
               Corsi 1970, p. 272.
            </bibl>
         </listBibl>
         <div type="commentary">
         </div>
         <listBibl type="editionsBibliography">
            <bibl xml:id="LiGotti1952">
               E. Li Gotti, <hi rend="italic">Paolo tenorista, fiorentino "extra moenia"</hi>, in <hi rend="italic">Estudios dedicados a Menéndez Pidal</hi>, tomo III, Madrid, C.S.I.C., 1952, pp. 577-606
            </bibl>
            <bibl xml:id="Corsi1970">
               Giuseppe Corsi, <hi rend="italic">Poesie musicali del Trecento</hi>, Bologna, Commissione per i testi di lingua, 1970 (Collezione di opere inedite o rare, 131)
            </bibl>
         </listBibl>
      </back>
   </text>
</TEI>
