<?xml version="1.0" encoding="UTF-8"?>
<?xml-model href="http://www.tei-c.org/release/xml/tei/custom/schema/relaxng/tei_all.rng" type="application/xml" schematypens="http://relaxng.org/ns/structure/1.0"?>
<?xml-model href="http://www.tei-c.org/release/xml/tei/custom/schema/relaxng/tei_all.rng" type="application/xml"
	schematypens="http://purl.oclc.org/dsdl/schematron"?>
<TEI xmlns="http://www.tei-c.org/ns/1.0">
   <teiHeader>
      <fileDesc>
         <titleStmt>
            <title>Una fera gentil più c’altra fera</title>
            <respStmt>
               <resp>Digital scholarly edition created within the </resp>
               <orgName><ref target="https://www.europeanarsnova.eu/">European Ars Nova</ref> ERC project.</orgName>
            </respStmt>
            <respStmt>
               <resp>Edited by</resp>
               <name>Maria Sofia Lannutti</name>
            </respStmt>
            <respStmt>
               <resp>Revised by</resp>
               <name>Luca Gatti</name>
            </respStmt>
            <respStmt>
               <resp>TEI-encoded by</resp>
               <name>Carla Congiu</name>
            </respStmt>
         </titleStmt>
         <publicationStmt>
            <p></p>
            <!--publisher>Edizioni del Galluzzo</publisher>
            <pubPlace>Firenze, Italia</pubPlace>
            <date>2021</date>
            <availability>
               <p>L'edizione è disponibile su licenza.</p>
            </availability>            
            <idno type="ISBN">ISBN</idno>
            <idno type="DOI">DOI</idno>
            <idno type="URI">permalink della scheda ANT</idno-->
         </publicationStmt>
         <sourceDesc>
            <p></p>
         </sourceDesc>
      </fileDesc>
      <encodingDesc>
         <variantEncoding method="double-end-point" location="internal"/>
      </encodingDesc>
   </teiHeader>
   <text>
      <!--front>
         <div>
            <p>
           </p>
         </div>         
      </front-->
      <body>
        <lg>
            <l xml:id="l1">
		    <anchor xml:id="l1a1"/>Una<anchor xml:id="l1a2"/> fera gentil più c’altra fera
	    </l>
            <l xml:id="l2">
		    <anchor xml:id="l2a3"/>vidi<anchor xml:id="l2a4"/> posare <anchor xml:id="l2a1"/>et<anchor xml:id="l2a2"/> stare in gentil loco,
	    </l>
            <l xml:id="l3">
		    <anchor xml:id="l3a1"/>candid’<anchor xml:id="l3a2"/>, azurra, di color di foco.
	    </l>
            <l xml:id="l4">
		    Guardando pel sentier la gentil caccia,
	    </l>
            <l xml:id="l5" n="5">
		    cacciator’ vidi stare attenti al varco,
	    </l>
            <l xml:id="l6">
		    seguendola co·llor saette et arco.
	    </l>
        </lg>
        <lg>
            <l xml:id="l7">
		    Dïana, fa’ che fra ’ tuoi prati verdi
	    </l>
            <l xml:id="l8">
		    questa candida fera non la perdi. 
	    </l>
        </lg>
       </body>
      <back>
         <listWit>
            <witness xml:id="Pit">
               <ref type="siglum" target="#Pit">Pit</ref>
               cc. <locus>37v-38r</locus>, <abbr xml:id="PitC">C</abbr> (vv. 1-3 e 7-8), <abbr xml:id="PitT">T</abbr> (vv. 1-3 e 7)<hi rend="italic">resid</hi>. (vv. 4-6): <hi rend="italic">do(minus) pa(ulus)</hi>
            </witness>
            </listWit>
           <listApp type="substantial">
            <listApp>
                 <head>2</head>
                 <app from="#l2a1" to="#l2a2">
                    <lem>et</lem>
                    <rdg><wit><ref target="#PitT">Pit<hi rend="super">T</hi></ref></wit></rdg>
                 </app>
               </listApp>
            </listApp>
         <listApp type="formal">
            <listApp>
               <head>1</head>
               <app from="#l1a1" to="#l1a2">
                  <lem>Una</lem>
                  <rdg wit="#Pit">u una</rdg>
               </app>
            </listApp>
            <listApp>
               <head>2</head>
               <app from="#l2a3" to="#l2a4">
                  <lem>vidi</lem>
                  <rdg>vi vidi <wit><ref target="#PitC">Pit<hi rend="super">C</hi></ref></wit></rdg>
               </app>
            </listApp>
            <listApp>
               <head>3</head>
               <app from="#l3a1" to="#l3a2">
                  <lem>candid’</lem>
                  <rdg wit="#Pit">ca candid</rdg>
               </app>
            </listApp>
         </listApp>
         <div type="metricalScheme">
            <p>Madrigale 10’a 10’b 10’b, 10’c 10’d 10’d; 10’e 10’e.</p> 
            <p><hi rend="italic">Capovilla</hi> XLVIII.</p>
            <p>Rima inclusiva ai vv. 5 : 6.</p>
            </div>
         <listBibl type="editions">
            <bibl corresp="#LiGotti1952">
               Li Gotti 1952, p. 604;
            </bibl>
            <bibl corresp="#Corsi1969">
               Corsi 1969, p. 1046;
            </bibl>
            <bibl corresp="#Corsi1970">
               Corsi 1970, p. 271-2.
            </bibl>
         </listBibl>
         <div type="commentary">
         </div>
         <listBibl type="editionsBibliography">
            <bibl xml:id="LiGotti1952">
               E. Li Gotti, <hi rend="italic">Paolo tenorista, fiorentino "extra moenia"</hi>, in <hi rend="italic">Estudios dedicados a Menéndez Pidal</hi>, tomo III, Madrid, C.S.I.C., 1952, pp. 577-606
            </bibl>
            <bibl xml:id="Corsi1969">
               G. Corsi, <hi rend="italic">Rimatori del Trecento</hi>, Torino, UTET, 1969
            </bibl>
            <bibl xml:id="Corsi1970">
               Giuseppe Corsi, <hi rend="italic">Poesie musicali del Trecento</hi>, Bologna, Commissione per i testi di lingua, 1970 (Collezione di opere inedite o rare, 131)
            </bibl>
         </listBibl>
      </back>
   </text>
</TEI>
