<?xml version="1.0" encoding="UTF-8"?>
<?xml-model href="http://www.tei-c.org/release/xml/tei/custom/schema/relaxng/tei_all.rng" type="application/xml" schematypens="http://relaxng.org/ns/structure/1.0"?>
<?xml-model href="http://www.tei-c.org/release/xml/tei/custom/schema/relaxng/tei_all.rng" type="application/xml"
	schematypens="http://purl.oclc.org/dsdl/schematron"?>
<TEI xmlns="http://www.tei-c.org/ns/1.0">
    <teiHeader>
        <fileDesc>
            <titleStmt>
                <title> Une dame requis l’autrier d’amer</title>
                <!--<author><ref target="X"></ref></author>-->
                <respStmt>
                    <resp>Digital scholarly edition created within the ERC</resp>
                    <orgName><ref target="https://www.europeanarsnova.eu/">European Ars Nova</ref>
                        project.</orgName>
                </respStmt>
                <respStmt>
                    <resp>Edited by</resp>
                    <name>Alice Colantuoni</name> 
                </respStmt>
                <respStmt>
                    <resp>Revised by</resp>
                    <name>Luca Gatti</name>
                </respStmt>
                <respStmt>
                    <resp>TEI-encoded by</resp>
                    <name>Elvira Mercatanti</name>
                </respStmt>
            </titleStmt>
            <publicationStmt>
                <p/>
                <!--publisher>Edizioni del Galluzzo</publisher>
            <pubPlace>Firenze, Italia</pubPlace>
            <date>2021</date>
            <availability>
               <p>L'edizione è disponibile su licenza.</p>
            </availability>            
            <idno type="ISBN">ISBN</idno>
            <idno type="DOI">DOI</idno>
            <idno type="URI">permalink della scheda ANT</idno-->
            </publicationStmt>
            <sourceDesc>
                <p/>
            </sourceDesc>
        </fileDesc>
        <encodingDesc>
            <variantEncoding method="double-end-point" location="internal"/>
        </encodingDesc>
    </teiHeader>
    <text>
        <!--<front> 
         <div> 
            <p>
               Aggiungi qui l'INTRODUZIONE (se presente). Suddividila in paragrafi (<p>)
               e marca i corsivi (<hi rend="italic"> </hi> )
            </p> 
         </div>         
      </front> -->
        <body>
            <lg>
                <l xml:id="l1">Une dame requis l’autrier d’amer</l>
                <l xml:id="l2">per bone amour, de cuer piteusemant,</l>
                <l xml:id="l3">en supliant qu’ele veusist penser</l>
                <l xml:id="l4">a moy donner aucun aligemant</l>
                <l xml:id="l5" n="5">de ma dolour sans viser longement; </l>
                <l xml:id="l6">dissant: «Dame, mon cuer a vous s’otrie».</l>
                <l xml:id="l7">Mais en riant me dist cortoysemant:</l>
                <l xml:id="l8"><hi rend="italic">«Ainsi dist on, mais on ne le fait mie».</hi></l>
            </lg>
        </body>



        <back>
            <listWit>
                <witness xml:id="MoA">
                    <ref type="siglum" target="#MoA">MoA</ref> c. 12r, <abbr xml:id="MoAC">C</abbr> (vv. 1-8), <hi rend="italic"> resid.</hi> (vv. 11-12): <hi rend="italic">fr. joh(ann)es janua</hi>
                </witness>
            </listWit>


            <!--<listApp type="substantial">
            </listApp>-->

            <!--<listApp type="formal">                
            </listApp>-->
            


            <div type="metricalScheme">
                <p><hi rend="italic"> Ballade</hi> 10a 10b, 10a 10b; 10b 10’c, 10b 10’C.</p>
                <p>Rima ricca ai vv. 2 : 4 : 5 : 7.</p>
            </div>


            <listBibl type="editions">
                <bibl corresp="#Bertoni1917">Bertoni 1917, p. 31;</bibl>
                <bibl corresp="#ApelRosenberg1970">Apel-Rosenberg 1970, p. LVI.</bibl>
            </listBibl>


            <!--<listBibl type="bibliography">
            <bibl corresp="#">
            </bibl>
            </listBibl>-->


            <!--<div type="commentary"> 
            </div>-->


            <listBibl type="editionsBibliography">
                <bibl xml:id="Bertoni1917"> Giulio Bertoni, <hi rend="italic">Poesie musicali francesi nel cod. Estense Lat. n. 568</hi>, in «Archivium Romanicum», 1 (1917), pp. 21-57.</bibl>
                <bibl xml:id="ApelRosenberg1970"><hi rend="italic">French Secular Compositions of the Fourteenth Century: Vol. I, Ascribed Compositions</hi>, ed. by W. Apel, edition of the literary texts by S. N. Rosenberg, Roma, American Institute of Musicology, 1970 (CMM, 53/1).</bibl>
            </listBibl>
        </back>
    </text>
</TEI>
