<?xml version="1.0" encoding="UTF-8"?>
<?xml-model href="http://www.tei-c.org/release/xml/tei/custom/schema/relaxng/tei_all.rng" type="application/xml" schematypens="http://relaxng.org/ns/structure/1.0"?>
<?xml-model href="http://www.tei-c.org/release/xml/tei/custom/schema/relaxng/tei_all.rng" type="application/xml"
	schematypens="http://purl.oclc.org/dsdl/schematron"?>
<TEI xmlns="http://www.tei-c.org/ns/1.0">
    <teiHeader>
        <fileDesc>
            <titleStmt>
                <title>Va, Fortune, trop as vers moy grant tort</title>
                <respStmt>
                    <resp>Digital scholarly edition created within the </resp>
                    <orgName><ref target="https://www.europeanarsnova.eu/">European Ars Nova</ref> ERC project.</orgName>
                </respStmt>
                <respStmt>
                    <resp>Edited by</resp>
                    <name>Maria Sofia Lannutti</name>
                </respStmt>
                <respStmt>
                    <resp>Revised by</resp>
                    <name>Vittoria Brancato</name>
                </respStmt>
                <respStmt>
                    <resp>TEI-encoded by</resp>
                    <name>Carla Congiu</name>
                </respStmt>
            </titleStmt>
            <publicationStmt>
                <p></p>
                <!--publisher>Edizioni del Galluzzo</publisher>
            <pubPlace>Firenze, Italia</pubPlace>
            <date>2021</date>
            <availability>
               <p>L'edizione è disponibile su licenza.</p>
            </availability>            
            <idno type="ISBN">ISBN</idno>
            <idno type="DOI">DOI</idno>
            <idno type="URI">permalink della scheda ANT</idno-->
            </publicationStmt>
            <sourceDesc>
                <p></p>
            </sourceDesc>
        </fileDesc>
        <encodingDesc>
            <variantEncoding method="double-end-point" location="internal"/>
        </encodingDesc>
    </teiHeader>
    <text>
        <!--front>
            <div>
                <p>
                </p>
            </div>         
        </front-->
        <body>
            <lg>
                <l xml:id="l1">
                    Va, Fortune, trop as vers moy grant tort,
                </l>
                <l xml:id="l2">
                    que <anchor xml:id="l2a1"/>lon<supplied>[g]</supplied>temps<anchor xml:id="l2a2"/> a chascun jorn m’es contrayre, 
                </l>
                <l xml:id="l3">
                    car il n’est nul qui creüst de confort,
                </l>
                <l xml:id="l4">
                    qu<supplied>[e]</supplied> mon trist cuer as fet soffrir, detrayre,
                </l>
                <l xml:id="l5" n="5">
                    et fais tousjours: mes sire me <supplied>[ou]</supplied>blie,
                </l>
                <l xml:id="l6">
                    <hi rend="italic">la mort m’atent, las, je m’e<supplied>[n]</supplied> garde <supplied>[m]</supplied>ie.  </hi>
                </l>
            </lg>
        </body>
        <back>
            <listWit>
                <witness xml:id="Ch">
                    <ref type="siglum" target="#Ch">Ch</ref>
                    c. <locus>29v</locus>, <abbr xml:id="ChC">C</abbr> (vv. 1-6)
                </witness>
            </listWit>
            <listApp type="substantial">
                <listApp>
                    <head>2</head>
                    <app from="#l2a1" to="#l2a2">
                        <lem>longtemps</lem>
                        <rdg wit="#Ch">lonstemps</rdg>
                    </app>
                </listApp>
                <listApp>
                    <head>4</head>
                    <app from="#l4a1" to="#l4a2">
                        <lem>que</lem>
                        <rdg wit="#Ch">quil</rdg>
                    </app>
                </listApp>
                <listApp>
                    <head>5</head>
                    <app from="#l5a1" to="#l5a2">
                        <lem>sire</lem>
                        <rdg wit="#Ch">se ire</rdg>
                    </app>
                    <app from="#l5a3" to="#l5a4">
                        <lem>me oublie</lem>
                        <rdg wit="#Ch">meiblon | ie</rdg>
                    </app>
                </listApp>
                <listApp>
                    <head>6</head>
                    <app from="#l6a1" to="#l6a2">
                        <lem>m’en… mie</lem>
                        <rdg wit="#Ch">me garde le nie</rdg>
                    </app>
                </listApp>
            </listApp>
            <!--listApp type="formal">
            </listApp-->
            <div type="metricalScheme">
                <p><hi rend="italic">Ballade</hi> 10a 10’b, 10a 10’b; 10’c 10’C.</p>
                <p>Rima ricca ai vv. 2 : 4.</p>
            </div>
            <listBibl type="editions">
                <bibl corresp="#Apel-Rosenberg1971">
                    Apel-Rosenberg 1971, p. XXXIII.
                </bibl>
            </listBibl>
            <div type="commentary">
                <note target="#l5">
                    <num>5.</num>
                    <hi rend="italic">mes... oublie</hi>: il copista di Ch scrive la stringa insensata <hi rend="italic">mes se ire meiblon | ie</hi>, corretta in Apel-Rosenberg 1971 con «mes sire m’a esblouie», cioè ‘il mio signore mi ha incantato, stregato’, per cui si veda <hi rend="italic">DMF</hi>, s.v. <hi rend="italic">éblouir</hi>. Accolgo la correzione sulla prima parte del verso (<hi rend="italic">mes sire</hi>, con <hi rend="italic">mes se ire</hi> che parrebbe una sorta di dittografia), ma non quella sulla seconda: nel dubbio che <hi rend="italic">me oublie</hi> sia <hi rend="italic">facilior</hi> rispetto a <hi rend="italic">m’a esblouie</hi>, il presente indicativo <hi rend="italic">me oublie</hi> è congruo col contesto e la correzione meno invasiva, anche perché l’immagine dell’incantamento/accecamento è tutt’altro che indispensabile e non trova agganci nel resto del testo.
                </note>
                <note target="#l6">
                    <num>6.</num>
                    <hi rend="italic">je... mie</hi>: la lezione di Ch <hi rend="italic">je me garde le nie</hi> è già corretta in Apel-Rosenberg 1971 con «Je me gart fenie», a cui non riesco a trovare un senso. <hi rend="italic">Garder</hi> transitivo significa ‘guardare, osservare’ quindi ‘tutelare’ (forse <hi rend="italic">le nie</hi> è errore per <hi rend="italic">la vie</hi>?), ma qui il verbo parrebbe usato come pronominale, <hi rend="italic">se garder</hi>, che vale ‘se protéger’. Ipotizzo <hi rend="italic">je m’en garde mie</hi> ‘non me ne guardo per niente’, con riferimento alla morte che incombe; si potrebbe pensare anche ad una lezione originaria <hi rend="italic">je me gar[t] de</hi>, con aplografia in Ch (<hi rend="italic">je me gart de > je me garde</hi>), ma non trovo un complemento oggetto adeguato al contesto e che corregga la lezione <hi rend="italic">le nie</hi>.
                </note>
            </div>
            <listBibl type="editionsBibliography">
                <bibl xml:id="Apel-Rosenberg1971">
                    Willi Apel, <hi rend="italic">French Secular Compositions of the Fourteenth Century II. Anonymous Ballades</hi>, edition of the Literary Texts by Samuel Rosenberg, Rome, American Institute of Musicology, 1971 (CMM, 53/2).
                </bibl>
            </listBibl>
        </back>
    </text>
</TEI>