<?xml version="1.0" encoding="UTF-8"?>
<?xml-model href="http://www.tei-c.org/release/xml/tei/custom/schema/relaxng/tei_all.rng" type="application/xml" schematypens="http://relaxng.org/ns/structure/1.0"?>
<?xml-model href="http://www.tei-c.org/release/xml/tei/custom/schema/relaxng/tei_all.rng" type="application/xml"
	schematypens="http://purl.oclc.org/dsdl/schematron"?>
<TEI xmlns="http://www.tei-c.org/ns/1.0">
   <teiHeader>
      <fileDesc>
         <titleStmt>
            <title>«Prima virtute è constringer la lingua»</title>
            <respStmt>
               <resp>Digital scholarly edition created within the ERC</resp>
               <orgName><ref target="https://www.europeanarsnova.eu/">European Ars Nova</ref> project.</orgName>
            </respStmt>
            <respStmt>
                <resp>Edited by</resp>
                <name>Maria Sofia Lannutti</name> 
            </respStmt>
            <respStmt>
                <resp>Revised by</resp>
                <name>Luca Gatti</name>
            </respStmt>
             <respStmt>
                <resp>TEI-encoded by</resp>
                <name>Letizia Ricci</name>
            </respStmt>
         </titleStmt>
         <publicationStmt>
            <p></p>
            <!--publisher>Edizioni del Galluzzo</publisher>
            <pubPlace>Firenze, Italia</pubPlace>
            <date>2021</date>
            <availability>
               <p>L'edizione è disponibile su licenza.</p>
            </availability>            
            <idno type="ISBN">ISBN</idno>
            <idno type="DOI">DOI</idno>
            <idno type="URI">permalink della scheda ANT</idno-->
         </publicationStmt>
         <sourceDesc>
            <p></p>
         </sourceDesc>
      </fileDesc>
      <encodingDesc>
         <variantEncoding method="double-end-point" location="internal"/>
      </encodingDesc>
   </teiHeader>
    <text>
        <front>
            <div>
                <p>
                    Il v. 3 <hi rend="italic">chi·l sa ben far è bon servʼ a·ssignore</hi> ʻchi sa ben fare questa cosa (cioè tenere a freno la lingua) è un buon servo per il signoreʼ presenta lʼavverbio <hi rend="italic">ben</hi> nei soli Sq SL<hi rend="super">T</hi> (il verso nel <hi rend="italic">cantus</hi> è illeggibile); gli altri testimoni parrebbero dare al contesto un senso diverso, ma soprattutto non presentano lʼavverbio, senza però che il verso abbia una sillaba in meno (a patto di leggere con una dialefe): Fp <hi rend="italic">chi·l sa far è buon servo e signore</hi>; Pit<hi rend="super">C</hi> <hi rend="italic">chi·l sa fare è buon servo a ssignore</hi>; Pit<hi rend="super">T</hi> <hi rend="italic">chi·l sa far è ʼl buon servo e signore</hi>; R<hi rend="super">C</hi> <hi rend="italic">chi·l sa far è bon servʼ e signore</hi>; R<hi rend="super">T</hi> <hi rend="italic">chi·l sa far è bon servo e signore</hi>; Lo<hi rend="super">C</hi> <hi rend="italic">chi·l sa fare ʼl bon servo è signiore</hi>; Lo<hi rend="super">T</hi> <hi rend="italic">chi·l sa fare bon servo ce [sic] signore</hi>. Si può ipotizzare un originario pronome <hi rend="italic">lo</hi>, sostituito da quello asillabico <hi rend="italic">’l</hi> a livello dell’archetipo: alla mancanza di una sillaba, la tradizione avrebbe reagito in modi diversi. La lezione <hi rend="italic">ben</hi> potrebbe allora essere una zeppa inserita nella fonte comune a Sq e SL per riportare il verso al numero corretto di sillabe (evitando iato), così come un errore generatosi per influsso del verso successivo (<hi rend="italic">ben fare</hi>). Al v. 5 <hi rend="italic">et è la mente di colui felice</hi> è lezione di Fp R e di Lo, che scrive <hi rend="italic">edella mente dequl ue felice</hi> (intendendo forse <hi rend="italic">ed è lla mente del quale felice</hi>, pur con sviste ortografiche del tutto consuete per il copista). In corrispondenza di questa lezione, Sq Pit mostrano tracce di un accordo: è erronea la lezione di Sq <hi rend="italic">la mente di colui et è felice</hi>, con <hi rend="italic">la mente</hi> erroneamente considerata il soggetto di <hi rend="italic">sʼimpingua</hi> del v. 4, a cui parrebbe avvicinarsi la lezione di Pit <hi rend="italic">nella mente di colui felice</hi> (forse <hi rend="italic">n’è lla mente</hi>...).
                </p>
            </div>
        </front>
      <body>
         <lg>
            <l xml:id="l1">
                «Prima <anchor xml:id="l1a3"/>virtute<anchor xml:id="l1a4"/> è <anchor xml:id="l1a1"/>constringer<anchor xml:id="l1a2"/> la lingua»,
            </l>
            <l xml:id="l2">
                <anchor xml:id="l2a1"/>cantasi <anchor xml:id="l2a2"/>ʼn <anchor xml:id="l2a3"/>Cato<anchor xml:id="l2a4"/>, <anchor xml:id="l2a5"/>chʼè<anchor xml:id="l2a6"/> perfecto<anchor xml:id="l2a7"/> autore<anchor xml:id="l2a8"/>.
            </l>
            <l xml:id="l3">
                Chi <anchor xml:id="l3a1"/>l[o] <anchor xml:id="l3a2"/>sa<anchor xml:id="l3a3"/> far è <anchor xml:id="l3a4"/>bon <anchor xml:id="l3a5"/>servʼ <anchor xml:id="l3a7"/>a<anchor xml:id="l3a8"/>·ssignore<anchor xml:id="l3a6"/>,
            </l>
            <l xml:id="l4">
                <anchor xml:id="l4a1"/>ma <anchor xml:id="l4a2"/>per  <anchor xml:id="l4a3"/>ben <anchor xml:id="l4a7"/>fare<anchor xml:id="l4a8"/> e per ben <anchor xml:id="l4a5"/>dir <anchor xml:id="l4a4"/>sʼimpingua<anchor xml:id="l4a6"/>,
            </l>
            <l xml:id="l5" n="5">
                <anchor xml:id="l5a1"/>et è la mente <anchor xml:id="l5a3"/>di<anchor xml:id="l5a4"/> colui <anchor xml:id="l5a5"/>felice<anchor xml:id="l5a2"/>
            </l>
            <l xml:id="l6">
                <anchor xml:id="l6a1"/>chʼa <anchor xml:id="l6a7"/>ragion <anchor xml:id="l6a2"/>sa <anchor xml:id="l6a3"/>tacere<anchor xml:id="l6a4"/>, et<anchor xml:id="l6a8"/> però <anchor xml:id="l6a5"/>dice<anchor xml:id="l6a6"/>:
            </l>
        </lg>
        <lg>
            <l xml:id="l7">
                «La lingua <anchor xml:id="l7a1"/>non à <anchor xml:id="l7a2"/>osso<anchor xml:id="l7a3"/>,
            </l>
            <l xml:id="l8">
                <anchor xml:id="l8a3"/>ma<anchor xml:id="l8a4"/> spesse<anchor xml:id="l8a5"/> volte fa <anchor xml:id="l8a6"/>rompere <anchor xml:id="l8a1"/>ʼl<anchor xml:id="l8a2"/> dosso».
            </l>
            <l xml:id="l9">
                <anchor xml:id="l9a4"/>E ʼl <anchor xml:id="l9a1"/>ver <anchor xml:id="l9a2"/>non è <anchor xml:id="l9a6"/>maʼ<anchor xml:id="l9a5"/> mosso<anchor xml:id="l9a3"/>:
            </l>
            <l xml:id="l10" n="10">
                chi <anchor xml:id="l10a3"/>perde<anchor xml:id="l10a4"/> per <anchor xml:id="l10a1"/>mal dir<anchor xml:id="l10a2"/> non<anchor xml:id="l10a5"/> è riscosso.<anchor xml:id="l10a6"/>
            </l>
        </lg>
      </body>
      <back>
         <listWit>
            <witness xml:id="Sq">
                <ref type="siglum" target="#Sq">Sq</ref>
                cc. <locus>12v-13r</locus>, <abbr xml:id="SqC">C</abbr> (vv. 1-3 e 7-10), <abbr xml:id="SqT">T</abbr> (vv. 1-3 e 7-8), <hi rend="italic">resid.</hi> (vv. 4-6): <hi rend="italic">magister jachob(us) de bononia</hi>
            </witness>
            <witness xml:id="Fp">
                <ref type="siglum" target="#Fp">Fp</ref>
                cc. <locus>66v-67r</locus>, <abbr xml:id="FpC">C</abbr> (vv. 1-3 e 7-8), <abbr xml:id="FpT">/</abbr> (vv. 1-3 e 7-8),<hi rend="italic">resid.</hi> (vv. 4-6): <hi rend="italic">m(agister) jacopo da bolo(gna)</hi>
            </witness>
            <witness xml:id="Pit">
                <ref type="siglum" target="#Pit">Pit</ref>
                cc. <locus>9v-10r</locus>, <abbr xml:id="PitC">C</abbr> (vv. 1-3 e 7-8), <abbr xml:id="PitT">T</abbr> (vv. 1-3 e 9-10), <hi rend="italic">resid.</hi> (vv. 4-6): <hi rend="italic">m(agister) jaco(po)</hi>
            </witness>
            <witness xml:id="R">
                <ref type="siglum" target="#R">R</ref>
                c. <locus>6r</locus>, <abbr xml:id="RC">C</abbr> (vv. 1-3 e 7-8), <abbr xml:id="RT">T</abbr> (vv. 1-3 e 9-10),<hi rend="italic">resid.</hi> (vv. 4-6)
            </witness>
            <witness xml:id="Lo">
                <ref type="siglum" target="#Lo">Lo</ref>
                cc. <locus>13v-14r</locus>, <abbr xml:id="LoC">C</abbr> (vv. 1-3 e 7-8), <abbr xml:id="LoT">T</abbr> (vv. 1-3 e 7-8), <hi rend="italic">resid.</hi> (vv. 4-6 e 9-10): <hi rend="italic">magistri jachobi de bolonia</hi>
            </witness>
            <witness xml:id="SL">
                <ref type="siglum" target="#SL">SL</ref>
                cc. <locus>23v-24r</locus>, <abbr xml:id="SLC">C</abbr> (vv. 1-3 e 7-8), <hi rend="italic">resid.</hi> (vv. 4-6), <abbr xml:id="SLT">T</abbr> (vv. 1-3): <hi rend="italic">m(agister) jacobo</hi>
            </witness>
         </listWit>
         <listApp type="substantial">
            <listApp>
                <head>1</head>
                <app from="#l1a1" to="#l1a2">
                    <lem>constringer</lem>
                    <rdg wit="#Pit #R">chostringe</rdg>
                </app>
            </listApp>
            <listApp>
                <head>2</head>
                <app from="#l2a1" to="#l2a2">
                    <lem>cantasi</lem>
                    <rdg wit="#Lo">trovasse </rdg>
                </app>
                <app from="#l2a2" to="#l2a3">
                    <lem>ʼn</lem>
                    <rdg/><wit><ref corresp="#PitT">Pit<hi rend="super">T</hi></ref></wit>
                </app>
                <app from="#l2a3" to="#l2a4">
                    <lem>Cato</lem>
                    <rdg wit="#Lo">cānto</rdg>
                </app>
                <app from="#l2a5" to="#l2a6">
                    <lem>chʼè</lem>
                    <rdg wit="#Lo"/>
                </app>
            </listApp>
            <listApp>
                <head>3</head>
                <app from="#l3a1" to="#l3a2">
                    <lem>lo</lem>
                    <rdg wit="#Sq #Fp #Pit #R #Lo">l</rdg>
                </app>
                <app from="#l3a2" to="#l3a3">
                    <lem>sa</lem>
                    <rdg wit="#Sq"><add rend="add.">ben</add><wit><ref corresp="#SLT">SL<hi rend="super">T</hi></ref></wit></rdg>
                </app>
                <app from="#l3a4" to="#l3a5">
                    <lem>bon</lem>
                    <rdg wit="#Fp #Sq #SL">condotto </rdg>
                </app>
                <app from="#l3a5" to="#l3a6">
                    <lem>servʼ a·ssignore</lem>
                    <rdg wit="#Fp #Sq #SL">condotto </rdg>
                </app>
                <app from="#l3a7" to="#l3a8">
                    <lem>a</lem>
                    <rdg wit="#Fp #R">e <wit><ref corresp="#PitT">Pit<hi rend="super">T</hi></ref></wit></rdg>
                    <rdg wit="#Fp #Sq #SL">ē <wit><ref corresp="#LoC">Lo<hi rend="super">C</hi></ref></wit></rdg>
                </app>
            </listApp>
            <listApp>
                <head>4</head>
                <app from="#l4a1" to="#l4a2">
                    <lem>ma</lem>
                    <rdg wit="#Pit #R #Lo #SL"/>
                </app>
                <app from="#l4a3" to="#l4a4">
                    <lem>ben fare e per ben dir</lem>
                    <rdg wit="#Fp #Lo">ben dire e per ben fare (far Lo)</rdg>
                </app>
                <app from="#l4a5" to="#l4a4">
                    <lem>dir</lem>
                    <rdg wit="#Pit #R">dire </rdg>
                </app>
                <app from="#l4a4" to="#l4a6">
                    <lem>sʼimpingua</lem>
                    <rdg wit="#Lo">sempre s*pingua </rdg>
                </app>
            </listApp>
            <listApp>
                <head>5</head>
                <app from="#l5a1" to="#l5a2">
                    <lem>et è la mente di colui felice	</lem>
                    <rdg wit="#Sq">la mente di colui et e felice </rdg>
                    <rdg wit="#Pit">nella mente di colui felice </rdg>
                    <rdg wit="#Lo">edella mente dequl ue felice </rdg>
                    <rdg wit="#SL">la mente di colui che felice  </rdg>
                </app>
            </listApp>
            <listApp>
                <head>6</head>
                <app from="#l6a1" to="#l6a2">
                    <lem>chʼa ragion</lem>
                    <rdg wit="#Pit">cheragon </rdg>
                    <rdg wit="#R">chi a rason </rdg>
                </app>
                <app from="#l6a2" to="#l6a3">
                    <lem>sa</lem>
                    <rdg wit="#Sq #Pit #SL">fa </rdg>
                </app>
                <app from="#l6a3" to="#l6a4">
                    <lem>tacere</lem>
                    <rdg wit="#Pit">tacer </rdg>
                </app>
                <app from="#l6a5" to="#l6a6">
                    <lem>dice</lem>
                    <rdg wit="#Fp #Pit">si dice </rdg>
                    <rdg wit="#R #Lo">se dice </rdg>
                </app>
            </listApp>
            <listApp>
                <head>7</head>
                <app from="#l7a1" to="#l7a2">
                    <lem>non à</lem>
                    <rdg wit="#Pit">nōnā></rdg>
                </app>
                <app from="#l7a2" to="#l7a3">
                    <lem>osso</lem>
                    <rdg wit="#R">ossa</rdg>
                </app>
            </listApp>
            <listApp>
                <head>8</head>
                <app from="#l8a1" to="#l8a2">
                    <lem>’l</lem>
                    <rdg>lo <wit><ref corresp="#FpT">Fp<hi rend="super">T</hi></ref></wit><wit><ref corresp="#LoT">Lo<hi rend="super">T</hi></ref></wit></rdg>
                </app>
            </listApp>
            <listApp>
                <head>9-10</head>
                <app from="#l9a4" to="#l10a6">
                    <rdg wit="#SL"><gap reason="illegible" rend="om. o ill."/></rdg>
                </app>
            </listApp>
            <listApp>
                <head>9</head>
                <app from="#l9a4" to="#l9a1">
                    <lem>E ʼl</lem>
                    <rdg wit="#Pit">il</rdg>
                </app>
                <app from="#l9a1" to="#l9a2">
                    <lem>ver</lem>
                    <rdg wit="#R">vero</rdg>
                </app>
                <app from="#l9a2" to="#l9a5">
                    <lem>non è maʼ</lem>
                    <rdg wit="#Fp">ma non e</rdg>
                    <rdg wit="#Lo">mai non e</rdg>
                </app>
            </listApp>
            <listApp>
                <head>10</head>
                <app from="#l10a1" to="#l10a2">
                    <lem>mal dir</lem>
                    <rdg wit="#Pit">maldire </rdg>
                </app>
            </listApp>
         </listApp>
         <listApp type="formal">
            <listApp>
                <head>1</head>
                <app from="#l1a3" to="#l1a4">
                    <lem>virtute</lem>
                    <rdg wit="#Lo">vertute <wit><ref corresp="#SqT">Sq<hi rend="super">T</hi></ref></wit></rdg>
                    <rdg wit="#Fp">virtu t </rdg>
                    <rdg wit="#Pit #R">virtut </rdg>
                </app>
                <app from="#l1a1" to="#l1a2">
                    <lem>constringer</lem>
                    <rdg>chostringer <wit><ref corresp="#LoC">Lo<hi rend="super">C</hi></ref></wit></rdg>
                    <rdg>contrenger <wit><ref corresp="#LoT">Lo<hi rend="super">T</hi></ref></wit></rdg>
                </app>
            </listApp>
            <listApp>
                <head>2</head>
                <app from="#l2a1" to="#l2a2">
                    <lem>cantasi</lem>
                    <rdg >cantasse <wit><ref corresp="#RC">R<hi rend="super">C</hi></ref></wit></rdg>
                    <rdg>cantase <wit><ref corresp="#RT">R<hi rend="super">T</hi></ref></wit></rdg>
                </app>
                <app from="#l2a2" to="#l2a3">
                    <lem>ʼn</lem>
                    <rdg wit="#R">in </rdg>
                </app>
                <app from="#l2a6" to="#l2a7">
                    <lem>perfecto</lem>
                    <rdg >perfect <wit><ref corresp="#FpT">Fp<hi rend="super">T</hi></ref></wit></rdg>
                    <rdg>perfet <wit><ref corresp="#RT">R<hi rend="super">T</hi></ref></wit></rdg>
                </app>
                <app from="#l2a7" to="#l2a8">
                    <lem>autore</lem>
                    <rdg wit="#Lo">autore e </rdg>
                </app>
            </listApp>
            <listApp>
                <head>3</head>
                <app from="#l3a3" to="#l3a4">
                    <lem>far è</lem>
                    <rdg>fare e <wit><ref corresp="#SqT">Sq<hi rend="super">T</hi></ref></wit> <wit><ref corresp="#PitC">Pit<hi rend="super">C</hi></ref></wit></rdg>
                </app>
                <app from="#l3a4" to="#l3a5">
                    <lem>bon</lem>
                    <rdg wit="#Ol">buon <wit><ref corresp="#PitC">Pit<hi rend="super">C</hi></ref></wit></rdg>
                </app>
                <app from="#l3a5" to="#l3a7">
                    <lem>servʼ</lem>
                    <rdg wit="#Fp">servo <wit><ref corresp="#PitC">Pit<hi rend="super">C</hi></ref></wit> <wit><ref corresp="#RT">R<hi rend="super">T</hi></ref></wit> <wit><ref corresp="#LoC">Lo<hi rend="super">C</hi></ref></wit></rdg>
                </app>
                <app from="#l3a8" to="#l3a6">
                    <lem>ssignore</lem>
                    <rdg wit="#Fp #R">signore </rdg>
                </app>
            </listApp>
            <listApp>
                <head>4</head>
                <app from="#l4a7" to="#l4a8">
                    <lem>fare</lem>
                    <rdg wit="#Lo">far </rdg>
                </app>
            </listApp>
            <listApp>
                <head>5</head>
                <app from="#l5a3" to="#l5a4">
                    <lem>di</lem>
                    <rdg wit="#R">de </rdg>
                </app>
                <app from="#l5a5" to="#l5a2">
                    <lem>felice</lem>
                    <rdg wit="#R">fellice </rdg>
                </app>
            </listApp>
            <listApp>
                <head>6</head>
                <app from="#l6a7" to="#l6a2">
                    <lem>ragion </lem>
                    <rdg wit="#Lo">rason </rdg>
                </app>
                <app from="#l6a3" to="#l6a8">
                    <lem>tacere, et</lem>
                    <rdg wit="#Fp">tacer e </rdg>
                    <rdg wit="#R #Lo">tacere </rdg>
                </app>
            </listApp>
            <listApp>
                <head>8</head>
                <app from="#l8a3" to="#l8a4">
                    <lem>ma</lem>
                    <rdg wit="#R">ma ma <wit><ref corresp="#FpT">Fp<hi rend="super">T</hi></ref></wit> <wit><ref corresp="#LoT">Lo<hi rend="super">T</hi></ref></wit></rdg>
                    <rdg wit="#R">ma ma ma<wit><ref corresp="#LoC">Lo<hi rend="super">C</hi></ref></wit></rdg>
                </app>
                <app from="#l8a4" to="#l8a5">
                    <lem>spesse </lem>
                    <rdg wit="#Pit #Lo">spese</rdg>
                </app>
                <app from="#l8a6" to="#l8a2">
                    <lem>rompere ’l</lem>
                    <rdg wit="#R">romper lo <wit><ref corresp="#LoC">Lo<hi rend="super">C</hi></ref></wit></rdg>
                </app>
            </listApp>
            <listApp>
                <head>9</head>
                <app from="#l9a6" to="#l9a5">
                    <lem>maʼ</lem>
                    <rdg wit="#R">mai </rdg>
                </app>
            </listApp>
            <listApp>
                <head>10</head>
                <app from="#l10a3" to="#l10a4">
                    <lem>perde</lem>
                    <rdg wit="#Fp">perde ‹perde› </rdg>
                </app>
                <app from="#l10a2" to="#l10a5">
                    <lem>non</lem>
                    <rdg wit="#Pit">nonn </rdg>
                </app>
            </listApp>
         </listApp>
         <div type="metricalScheme">
            <p>
                Madrigale 10ʼa 10ʼb 10ʼb, 10ʼa 10ʼc 10ʼc; 6ʼd 10ʼd; 6ʼd 10ʼd.
            </p>
            <p>
                <hi rend="italic">Capovilla</hi> <hi rend="small-caps">XXXI</hi>.
            </p>
            <p>
                Rima inclusiva ai vv. 7 : (8-10).
            </p>
         </div>
         <listBibl type="editions">
            <bibl corresp="#LiGotti1944">
                Li Gotti 1944, p. 142;
            </bibl>
            <bibl corresp="#LiGotti1948">
                Li Gotti 1948, pp. 48-9;
            </bibl>
            <bibl corresp="#Corsi1969">
                Corsi 1969, p. 1023;
            </bibl>
            <bibl corresp="#Corsi1970">
                Corsi 1970, pp. 44-5.
            </bibl>
         </listBibl>
         <!--listBibl type="bibliography">
            <bibl>
               <relatedItem>
                  <bibl>Riferimento bibliografico completo</bibl>
               </relatedItem>
            </bibl>
         </listBibl-->
        <div type="commentary">
            <note target="#l1">
                <num>1.</num>
                <p>La citazione proviene dai <hi rend="italic">Disticha Catonis</hi>, I. 3 «Virtutem primam puto compescere linguam. Proximus ille deo qui scit ratione tacere» (per cui si veda anche Corsi 1970, p. 45 nota <hi rend="italic">ad loc.</hi>). </p>
            </note>
            <note target="#l4">
                <num>4.</num>
                <p><hi rend="italic">Ma</hi>: considererei originaria lʼavversativa di Sq Fp, che giova al senso e permette di sostenere che chi agisce secondo la norma di Catone non solo è un buon servo, ma in ragione del suo atteggiamento positivo addirittura prospera, si arricchisce (sʼimpingua).</p>
            </note>
            <note target="#l7 #8">
                <num>7-8</num>
                <p>Proverbio in uso anche nella trattatistica moraleggiante volgare (dal Corpus OVI ricavo occorrenze in Andrea da Grossetto, Albertano), a sottolineare i danni che può commettere la lingua.</p>
            </note>
            <note target="#l8">
                <num>8.</num>
                <p><hi rend="italic">dosso</hi>: ʻdorso, schienaʼ.</p>
            </note>
            <note target="#l9 #10">
                <num>9-10</num>
                <p>ʻE la verità non muta mai: chi perde non è ripagato dal parlar maleʼ. Insomma, il fatto di inveire non può ripagare o dare una rivincita a chi ha avuto una perdita (nel gioco?). Questa è una verità incrollabile (che lett. ʻnon è mai mossaʼ, quindi messa in discussione). ▪ <hi rend="italic">riscosso</hi>: ʻripagatoʼ, per cui vedi GDLI, s.v. <hi rend="italic">riscuotere</hi>, § 38 (con uso non dissimile del verbo in Boccaccio). </p>
            </note>
         </div>
         <listBibl type="editionsBibliography">
            <bibl xml:id="LiGotti1944">
                E. Li Gotti, <hi rend="italic">Poesie musicali italiane del sec. XIV</hi>, in «Atti della Reale Accademia di scienze, lettere e arti di Palermo», IV/2 (1944), pp. 99-167.
            </bibl>
            <bibl xml:id="LiGotti1948">
                E. Li Gotti, <hi rend="italic">Madrigali del Trecento</hi>, in «Poesia», 9 (1948), pp. 40-59.
            </bibl>
            <bibl xml:id="Corsi1969">
                G. Corsi, <hi rend="italic">Rimatori del Trecento</hi>, Torino, UTET, 1969.
            </bibl>
            <bibl xml:id="Corsi1970">
                Giuseppe Corsi, <hi rend="italic">Poesie musicali del Trecento</hi>, Bologna, Commissione per i testi di lingua, 1970 (Collezione di opere inedite o rare, 131).
            </bibl>
         </listBibl>
      </back>
   </text>
</TEI>
